M35-02-0002.jpg	14	15	0.88
M35-02-0003.jpg	137	30	4.42
M35-02-0004.jpg	275	71	3.82
M35-02-0005.jpg	357	99	3.57
M35-02-0006.jpg	889	52	16.77
M35-02-0007.jpg	881	4	176.20
M35-02-0008.jpg	213	145	1.46
M35-02-0009.jpg	186	74	2.48
M35-02-0010.jpg	70	135	0.51
M35-02-0011.jpg	196	25	7.54
M35-02-0012.jpg	514	3	128.50
M35-02-0013.jpg	1378	11	114.83
M35-02-0014.jpg	933	42	21.70
M35-02-0015.jpg	352	49	7.04
M35-02-0016.jpg	220	23	9.17
M35-02-0017.jpg	249	48	5.08
M35-02-0018.jpg	239	41	5.69
M35-02-0019.jpg	48	24	1.92
M35-02-0020.jpg	294	69	4.20
M35-02-0021.jpg	186	129	1.43
M35-02-0022.jpg	297	31	9.28
M35-02-0023.jpg	453	41	10.79
M35-02-0024.jpg	437	53	8.09
M35-02-0025.jpg	709	30	22.87
M35-02-0026.jpg	293	220	1.33
M35-02-0027.jpg	99	60	1.62
M35-02-0028.jpg	290	1	145.00
M35-02-0029.jpg	414	29	13.80
M35-02-0030.jpg	90	164	0.55
M35-02-0031.jpg	299	187	1.59
M35-02-0032.jpg	756	206	3.65
M35-02-0033.jpg	497	19	24.85
M35-02-0034.jpg	936	10	85.09
M35-02-0035.jpg	155	93	1.65
M35-02-0036.jpg	208	92	2.24
M35-02-0037.jpg	164	162	1.01
M35-02-0038.jpg	249	136	1.82
M35-02-0039.jpg	273	93	2.90
M35-02-0040.jpg	147	63	2.30
M35-02-0041.jpg	117	133	0.87
M35-02-0042.jpg	164	163	1.00
M35-02-0043.jpg	641	3	160.25
M35-02-0044.jpg	470	4	94.00
M35-02-0045.jpg	258	96	2.66
M35-02-0046.jpg	513	36	13.86
M35-02-0047.jpg	527	38	13.51
M35-02-0048.jpg	598	9	59.80
M35-02-0049.jpg	80	51	1.54
M35-02-0050.jpg	266	65	4.03
M35-02-0051.jpg	629	14	41.93
M35-02-0052.jpg	262	58	4.44
M35-02-0053.jpg	367	142	2.57
M35-02-0054.jpg	482	74	6.43
M35-02-0055.jpg	125	48	2.55
M35-02-0056.jpg	268	3	67.00
M35-02-0057.jpg	195	8	21.67
M35-02-0058.jpg	148	12	11.38
M35-02-0059.jpg	301	4	60.20
M35-02-0060.jpg	149	78	1.89
M35-02-0061.jpg	317	13	22.64
M35-02-0062.jpg	571	38	14.64
M35-02-0063.jpg	86	214	0.40
M35-02-0064.jpg	241	29	8.03
M35-02-0065.jpg	640	1	320.00
M35-02-0066.jpg	1140	1	570.00
M35-02-0067.jpg	431	2	143.67
M35-02-0068.jpg	867	31	27.09
M35-02-0069.jpg	801	21	36.41
M35-02-0070.jpg	847	16	49.82
M35-02-0071.jpg	843	9	84.30
M35-02-0072.jpg	591	25	22.73
M35-02-0073.jpg	355	4	71.00
M35-02-0074.jpg	801	3	200.25
M35-02-0075.jpg	466	10	42.36
M35-02-0076.jpg	639	16	37.59
M35-02-0077.jpg	184	148	1.23
M35-02-0078.jpg	264	50	5.18
M35-02-0079.jpg	777	1	388.50
M35-02-0080.jpg	716	4	143.20
M35-02-0081.jpg	545	9	54.50
M35-02-0082.jpg	407	11	33.92
M35-02-0083.jpg	511	11	42.58
M35-02-0084.jpg	558	4	111.60
M35-02-0085.jpg	609	5	101.50
M35-02-0086.jpg	717	3	179.25
M35-02-0087.jpg	728	5	121.33
M35-02-0088.jpg	611	2	203.67
M35-02-0089.jpg	599	1	299.50
M35-02-0090.jpg	623	2	207.67
M35-02-0091.jpg	853	1	426.50
M35-02-0092.jpg	746	1	373.00
M35-02-0093.jpg	635	1	317.50
M35-02-0094.jpg	159	117	1.35
M35-02-0095.jpg	555	17	30.83
M35-02-0096.jpg	882	1	441.00
M35-02-0097.jpg	512	38	13.13
M35-02-0098.jpg	927	23	38.62
M35-02-0099.jpg	670	2	223.33
M35-02-0100.jpg	989	3	247.25
M35-02-0101.jpg	274	41	6.52
M35-02-0102.jpg	414	89	4.60
M35-02-0103.jpg	134	107	1.24
M35-02-0104.jpg	97	78	1.23
M35-02-0105.jpg	843	1	421.50
M35-02-0106.jpg	869	1	434.50
M35-02-0107.jpg	408	26	15.11
M35-02-0108.jpg	244	68	3.54
M35-02-0109.jpg	950	3	237.50
M35-02-0110.jpg	301	116	2.57
M35-02-0111.jpg	379	50	7.43
M35-02-0112.jpg	885	1	442.50
M35-02-0113.jpg	286	77	3.67
M35-02-0114.jpg	602	35	16.72
M35-02-0115.jpg	450	14	30.00
M35-02-0116.jpg	461	1	230.50
M35-02-0117.jpg	930	2	310.00
M35-02-0118.jpg	1435	2	478.33
M35-02-0119.jpg	314	70	4.42
M35-02-0120.jpg	851	1	425.50
M35-02-0121.jpg	594	16	34.94
M35-02-0122.jpg	678	6	96.86
M35-02-0123.jpg	661	3	165.25
M35-02-0124.jpg	559	12	43.00
M35-02-0125.jpg	573	6	81.86
M35-02-0126.jpg	611	28	21.07
M35-02-0127.jpg	578	19	28.90
M35-02-0128.jpg	811	1	405.50
M35-02-0129.jpg	248	169	1.46
M35-02-0130.jpg	943	12	72.54
M35-02-0131.jpg	1287	5	214.50
M35-02-0132.jpg	300	50	5.88
M35-02-0133.jpg	388	27	13.86
M35-02-0134.jpg	897	1	448.50
M35-02-0135.jpg	783	1	391.50
M35-02-0136.jpg	939	1	469.50
M35-02-0137.jpg	490	8	54.44
M35-02-0138.jpg	627	13	44.79
M35-02-0139.jpg	471	39	11.78
M35-02-0140.jpg	591	16	34.76
M35-02-0141.jpg	224	158	1.41
M35-02-0142.jpg	495	1	247.50
M35-02-0143.jpg	529	1	264.50
M35-02-0144.jpg	1124	1	562.00
M35-02-0145.jpg	1308	1	654.00
M35-02-0146.jpg	1449	16	85.24
M35-02-0147.jpg	749	1	374.50
M35-02-0148.jpg	262	1	131.00
M35-02-0149.jpg	479	2	159.67
M35-02-0150.jpg	822	2	274.00
M35-02-0151.jpg	965	1	482.50
M35-02-0152.jpg	822	1	411.00
M35-02-0153.jpg	531	1	265.50
M35-02-0154.jpg	1062	1	531.00
M35-02-0155.jpg	1280	18	67.37
M35-02-0156.jpg	688	22	29.91
M35-02-0157.jpg	1001	1	500.50
M35-02-0158.jpg	1176	15	73.50
M35-02-0159.jpg	394	39	9.85
M35-02-0160.jpg	502	39	12.55
M35-02-0161.jpg	930	1	465.00
M35-02-0162.jpg	843	1	421.50
M35-02-0163.jpg	491	1	245.50
M35-02-0164.jpg	638	1	319.00
M35-02-0165.jpg	678	1	339.00
M35-02-0166.jpg	566	1	283.00
M35-02-0167.jpg	998	1	499.00
M35-02-0168.jpg	1248	1	624.00
M35-02-0169.jpg	316	78	4.00
M35-02-0170.jpg	924	9	92.40
M35-02-0171.jpg	949	9	94.90
M35-02-0172.jpg	314	21	14.27
M35-02-0173.jpg	48	1	24.00
M35-02-0174.jpg	273	1	136.50
M35-02-0175.jpg	144	1	72.00
M35-02-0176.jpg	215	1	107.50
M35-02-0177.jpg	1112	1	556.00
M35-02-0178.jpg	609	8	67.67
M35-02-0179.jpg	145	14	9.67
M35-02-0180.jpg	39	1	19.50
M35-02-0181.jpg	258	13	18.43
M35-02-0182.jpg	170	1	85.00
M35-02-0183.jpg	104	1	52.00
M35-02-0184.jpg	317	6	45.29
M35-02-0185.jpg	411	3	102.75
M35-02-0186.jpg	774	2	258.00
M35-02-0187.jpg	685	3	171.25
M35-02-0188.jpg	1429	2	476.33
M35-02-0189.jpg	1120	1	560.00
M35-02-0190.jpg	651	2	217.00
M35-02-0191.jpg	1377	6	196.71
M35-02-0192.jpg	266	33	7.82
M35-02-0193.jpg	765	8	85.00
M35-02-0194.jpg	660	1	330.00
M35-02-0195.jpg	286	2	95.33
M35-02-0196.jpg	520	4	104.00
M35-02-0197.jpg	213	1	106.50
M35-02-0198.jpg	552	1	276.00
M35-02-0199.jpg	531	1	265.50
M35-02-0200.jpg	627	1	313.50
M35-02-0201.jpg	193	1	96.50
M35-02-0202.jpg	48	1	24.00
M35-02-0203.jpg	694	8	77.11
M35-02-0204.jpg	867	1	433.50
M35-02-0205.jpg	532	1	266.00
M35-02-0206.jpg	991	1	495.50
M35-02-0207.jpg	216	10	19.64
M35-02-0208.jpg	318	1	159.00
M35-02-0209.jpg	270	1	135.00
M35-02-0210.jpg	505	3	126.25
M35-02-0211.jpg	571	22	24.83
M35-02-0212.jpg	740	5	123.33
M35-02-0213.jpg	48	24	1.92
M35-02-0214.jpg	600	13	42.86
M35-02-0215.jpg	691	1	345.50
M35-02-0216.jpg	645	1	322.50
M35-02-0217.jpg	520	1	260.00
M35-02-0218.jpg	630	1	315.00
M35-02-0219.jpg	626	1	313.00
M35-02-0220.jpg	735	1	367.50
M35-02-0221.jpg	454	9	45.40
M35-02-0222.jpg	16	9	1.60
M35-02-0223.jpg	1103	2	367.67
M35-02-0224.jpg	225	1	112.50
M35-02-0225.jpg	727	1	363.50
M35-02-0226.jpg	395	1	197.50
M35-02-0227.jpg	461	1	230.50
M35-02-0228.jpg	1026	3	256.50
M35-02-0229.jpg	1154	2	384.67
M35-02-0230.jpg	1093	10	99.36
M35-02-0231.jpg	240	78	3.04
M35-02-0232.jpg	786	2	262.00
M35-02-0233.jpg	303	1	151.50
M35-02-0234.jpg	87	3	21.75
M35-02-0235.jpg	638	9	63.80
M35-02-0236.jpg	732	2	244.00
M35-02-0237.jpg	270	101	2.65
M35-02-0238.jpg	413	68	5.99
M35-02-0239.jpg	381	52	7.19
M35-02-0240.jpg	442	48	9.02
M35-02-0241.jpg	213	109	1.94
M35-02-0242.jpg	130	133	0.97
M35-02-0243.jpg	59	2	19.67
M35-02-0244.jpg	1013	1	506.50
M35-02-0245.jpg	879	6	125.57
M35-02-0246.jpg	617	5	102.83
M35-02-0247.jpg	926	3	231.50
M35-02-0248.jpg	513	1	256.50
M35-02-0249.jpg	777	2	259.00
M35-02-0250.jpg	522	13	37.29
M35-02-0251.jpg	706	23	29.42
M35-02-0252.jpg	635	5	105.83
M35-02-0253.jpg	702	14	46.80
M35-02-0254.jpg	487	3	121.75
M35-02-0255.jpg	88	1	44.00
M35-02-0256.jpg	392	3	98.00
M35-02-0257.jpg	1035	3	258.75
M35-02-0258.jpg	986	3	246.50
M35-02-0259.jpg	247	56	4.33
M35-02-0260.jpg	744	4	148.80
M35-02-0261.jpg	761	1	380.50
M35-02-0262.jpg	1180	4	236.00
M35-02-0263.jpg	213	135	1.57
M35-02-0264.jpg	783	53	14.50
M35-02-0265.jpg	484	29	16.13
M35-02-0266.jpg	677	10	61.55
M35-02-0267.jpg	703	6	100.43
M35-02-0268.jpg	638	63	9.97
M35-02-0269.jpg	730	88	8.20
M35-02-0270.jpg	743	59	12.38
M35-02-0271.jpg	1116	50	21.88
M35-02-0272.jpg	742	5	123.67
M35-02-0273.jpg	150	9	15.00
M35-02-0274.jpg	460	6	65.71
M35-02-0275.jpg	765	15	47.81
M35-02-0276.jpg	687	31	21.47
M35-02-0277.jpg	980	30	31.61
M35-02-0278.jpg	1041	2	347.00
M35-02-0279.jpg	1238	1	619.00
M35-02-0280.jpg	1171	1	585.50
M35-02-0281.jpg	1085	1	542.50
M35-02-0282.jpg	1226	1	613.00
M35-02-0283.jpg	928	10	84.36
M35-02-0284.jpg	987	1	493.50
M35-02-0285.jpg	487	1	243.50
M35-02-0286.jpg	363	1	181.50
M35-02-0287.jpg	215	1	107.50
M35-02-0288.jpg	1871	14	124.73
M35-02-0289.jpg	751	2	250.33
M35-02-0290.jpg	164	2	54.67
M35-02-0291.jpg	943	10	85.73
M35-02-0292.jpg	359	1	179.50
M35-02-0293.jpg	149	1	74.50
M35-02-0294.jpg	2704	8	300.44
M35-02-0295.jpg	1348	5	224.67
M35-02-0296.jpg	2637	11	219.75
M35-02-0297.jpg	2826	12	217.38
M35-02-0298.jpg	3	3	0.75
