code,character,codepoint
0001,一,U+4E00
0002,丁,U+4E01
0003,七,U+4E03
0004,丈,U+4E08
0005,三,U+4E09
0006,上,U+4E0A
0007,下,U+4E0B
0008,不,U+4E0D
0009,丐,U+4E10
0010,丑,U+4E11
0011,且,U+4E14
0012,丕,U+4E15
0013,世,U+4E16
0014,丙,U+4E19
0015,丞,U+4E1E
0016,丢,U+4E22
0017,並,U+4E26
0018,丏,U+4E0F
0019,丨,U+4E28
0020,个,U+4E2A
0021,丫,U+4E2B
0022,中,U+4E2D
0023,丰,U+4E30
0025,串,U+4E32
0026,锕,U+9515
0027,丶,U+4E36
0028,锿,U+953F
0029,丸,U+4E38
0030,丹,U+4E39
0031,主,U+4E3B
0032,砹,U+7839
0033,丿,U+4E3F
0034,乂,U+4E42
0035,乃,U+4E43
0036,久,U+4E45
0037,之,U+4E4B
0038,乍,U+4E4D
0039,乎,U+4E4E
0040,乏,U+4E4F
0041,乖,U+4E56
0042,乘,U+4E58
0043,桉,U+6849
0044,乙,U+4E59
0045,乜,U+4E5C
0046,九,U+4E5D
0047,乞,U+4E5E
0048,也,U+4E5F
0050,乳,U+4E73
0051,乾,U+4E7E
0052,乱,U+4E71
0053,凼,U+51FC
0054,亅,U+4E85
0055,了,U+4E86
0056,予,U+4E88
0057,事,U+4E8B
0058,苯,U+82EF
0059,二,U+4E8C
0060,于,U+4E8E
0061,云,U+4E91
0062,互,U+4E92
0063,五,U+4E94
0064,井,U+4E95
0067,些,U+4E9B
0068,亚,U+4E9A
0069,亟,U+4E9F
0070,吡,U+5421
0071,亠,U+4EA0
0072,亡,U+4EA1
0073,亢,U+4EA2
0074,交,U+4EA4
0075,亥,U+4EA5
0076,亦,U+4EA6
0077,亨,U+4EA8
0078,享,U+4EAB
0079,京,U+4EAC
0080,亭,U+4EAD
0081,亮,U+4EAE
0082,亳,U+4EB3
0083,亶,U+4EB6
0085,醭,U+91AD
0086,人,U+4EBA
0087,什,U+4EC0
0088,仁,U+4EC1
0089,仃,U+4EC3
0090,仄,U+4EC4
0091,仆,U+4EC6
0092,仇,U+4EC7
0093,今,U+4ECA
0094,介,U+4ECB
0095,仍,U+4ECD
0096,佣,U+4F63
0097,佬,U+4F6C
0098,仔,U+4ED4
0099,仕,U+4ED5
0100,他,U+4ED6
0101,仗,U+4ED7
0102,付,U+4ED8
0103,仙,U+4ED9
0104,仝,U+4EDD
0105,仞,U+4EDE
0106,仡,U+4EE1
0107,仟,U+4EDF
0108,代,U+4EE3
0109,令,U+4EE4
0110,以,U+4EE5
0111,仰,U+4EF0
0112,仲,U+4EF2
0113,仳,U+4EF3
0114,仵,U+4EF5
0115,件,U+4EF6
0116,价,U+4EF7
0117,任,U+4EFB
0118,份,U+4EFD
0119,仿,U+4EFF
0120,企,U+4F01
0121,伉,U+4F09
0122,伊,U+4F0A
0123,伋,U+4F0B
0124,伍,U+4F0D
0125,伎,U+4F0E
0126,伏,U+4F0F
0127,伐,U+4F10
0128,休,U+4F11
0129,伙,U+4F19
0130,伯,U+4F2F
0131,估,U+4F30
0132,你,U+4F60
0133,伴,U+4F34
0134,伶,U+4F36
0135,伸,U+4F38
0136,伺,U+4F3A
0137,伻,U+4F3B
0138,似,U+4F3C
0139,倮,U+502E
0140,佃,U+4F43
0141,但,U+4F46
0143,位,U+4F4D
0144,低,U+4F4E
0145,住,U+4F4F
0146,佐,U+4F50
0147,佑,U+4F51
0149,何,U+4F55
0150,佗,U+4F57
0151,余,U+4F59
0152,佘,U+4F58
0153,佚,U+4F5A
0154,佛,U+4F5B
0155,作,U+4F5C
0156,佞,U+4F5E
0157,佟,U+4F5F
0158,佺,U+4F7A
0160,佩,U+4F69
0161,伢,U+4F22
0162,佯,U+4F6F
0163,佳,U+4F73
0165,佶,U+4F76
0166,佝,U+4F5D
0167,佻,U+4F7B
0168,佾,U+4F7E
0169,使,U+4F7F
0170,侃,U+4F83
0171,来,U+6765
0172,侈,U+4F88
0173,例,U+4F8B
0174,侍,U+4F8D
0175,侏,U+4F8F
0176,侑,U+4F91
0177,侔,U+4F94
0178,仑,U+4ED1
0179,侗,U+4F97
0180,供,U+4F9B
0181,依,U+4F9D
0183,伕,U+4F15
0184,佰,U+4F70
0185,侮,U+4FAE
0186,侯,U+4FAF
0187,侵,U+4FB5
0188,侣,U+4FA3
0189,便,U+4FBF
0191,促,U+4FC3
0192,俄,U+4FC4
0193,俊,U+4FCA
0194,俎,U+4FCE
0195,俏,U+4FCF
0196,俐,U+4FD0
0197,俑,U+4FD1
0198,俗,U+4FD7
0199,俘,U+4FD8
0200,俚,U+4FDA
0201,佡,U+4F61
0202,保,U+4FDD
0203,俟,U+4FDF
0204,侠,U+4FA0
0205,俞,U+4FDE
0206,俫,U+4FEB
0207,信,U+4FE1
0208,修,U+4FEE
0209,俶,U+4FF6
0210,伥,U+4F25
0211,働,U+50CD
0212,倌,U+500C
0213,倬,U+502C
0214,俯,U+4FEF
0215,俱,U+4FF1
0216,俳,U+4FF3
0217,俵,U+4FF5
0218,俸,U+4FF8
0219,俺,U+4FFA
0220,俾,U+4FFE
0221,仓,U+4ED3
0223,倍,U+500D
0224,俩,U+4FE9
0225,倏,U+500F
0226,们,U+4EEC
0227,倒,U+5012
0229,倘,U+5018
0230,候,U+5019
0231,倚,U+501A
0232,倜,U+501C
0234,借,U+501F
0235,倡,U+5021
0237,值,U+503C
0238,倥,U+5025
0239,倦,U+5026
0240,倨,U+5028
0241,倩,U+5029
0242,倪,U+502A
0243,伦,U+4F26
0244,倭,U+502D
0245,偈,U+5048
0246,偎,U+504E
0247,傻,U+50BB
0249,偃,U+5043
0250,假,U+5047
0251,伟,U+4F1F
0252,偏,U+504F
0253,偕,U+5055
0254,做,U+505A
0255,停,U+505C
0256,健,U+5065
0258,侧,U+4FA7
0259,侦,U+4FA6
0260,偶,U+5076
0261,仫,U+4EEB
0262,偷,U+5077
0263,伧,U+4F27
0264,傀,U+5080
0265,傅,U+5085
0266,傍,U+508D
0267,傑,U+5091
0268,傒,U+5092
0269,傈,U+5088
0270,伞,U+4F1E
0271,备,U+5907
0275,催,U+50AC
0277,傲,U+50B2
0278,传,U+4F20
0279,伛,U+4F1B
0280,债,U+503A
0281,伤,U+4F24
0282,倾,U+503E
0283,偻,U+507B
0284,仅,U+4EC5
0286,佥,U+4F65
0287,僳,U+50F3
0288,像,U+50CF
0291,僦,U+50E6
0292,偾,U+507E
0294,侨,U+4FA8
0296,僖,U+50D6
0297,僚,U+50DA
0298,伪,U+4F2A
0299,侥,U+4FA5
0300,僧,U+50E7
0301,僭,U+50ED
0302,僮,U+50EE
0304,僵,U+50F5
0306,僻,U+50FB
0308,仪,U+4EEA
0309,侬,U+4FAC
0310,亿,U+4EBF
0311,儆,U+5106
0312,侩,U+4FA9
0313,俭,U+4FED
0314,傤,U+50A4
0316,僰,U+50F0
0317,儋,U+510B
0318,儇,U+5107
0319,傧,U+50A7
0320,儒,U+5112
0321,俦,U+4FE6
0322,侪,U+4FAA
0326,偿,U+507F
0327,优,U+4F18
0328,储,U+50A8
0330,俪,U+4FEA
0331,傥,U+50A5
0332,俨,U+4FE8
0334,儿,U+513F
0335,兀,U+5140
0336,允,U+5141
0337,元,U+5143
0338,兄,U+5144
0339,充,U+5145
0340,兆,U+5146
0341,先,U+5148
0342,光,U+5149
0344,克,U+514B
0345,兑,U+5151
0346,免,U+514D
0347,兔,U+5154
0349,兕,U+5155
0350,兖,U+5156
0351,兜,U+515C
0352,兢,U+5162
0354,入,U+5165
0355,内,U+5185
0356,全,U+5168
0357,两,U+4E24
0359,钚,U+949A
0360,八,U+516B
0361,公,U+516C
0362,六,U+516D
0363,兮,U+516E
0364,共,U+5171
0365,兵,U+5175
0366,其,U+5176
0367,具,U+5177
0368,典,U+5178
0369,兼,U+517C
0370,冀,U+5180
0371,糍,U+7CCD
0372,冂,U+5182
0373,冉,U+5189
0374,册,U+518C
0375,再,U+518D
0376,冏,U+518F
0377,冇,U+5187
0379,冒,U+5192
0380,冕,U+5195
0381,镩,U+9569
0382,冖,U+5196
0383,冗,U+5197
0385,冠,U+51A0
0386,冢,U+51A2
0387,冤,U+51A4
0388,冥,U+51A5
0389,幂,U+5E42
0390,耖,U+8016
0391,冫,U+51AB
0392,冬,U+51AC
0393,冰,U+51B0
0394,冲,U+51B2
0395,冱,U+51B1
0396,冶,U+51B6
0397,冷,U+51B7
0398,冮,U+51AE
0399,冽,U+51BD
0400,况,U+51B5
0401,凄,U+51C4
0402,准,U+51C6
0403,净,U+51C0
0404,凉,U+51C9
0405,冼,U+51BC
0406,凋,U+51CB
0407,凌,U+51CC
0408,冻,U+51BB
0410,凑,U+51D1
0412,凛,U+51DB
0413,凝,U+51DD
0414,决,U+51B3
0415,几,U+51E0
0416,凡,U+51E1
0417,凭,U+51ED
0418,凯,U+51EF
0419,凳,U+51F3
0420,凰,U+51F0
0421,茌,U+830C
0422,凵,U+51F5
0423,凶,U+51F6
0424,凸,U+51F8
0425,凹,U+51F9
0427,出,U+51FA
0428,函,U+51FD
0429,菪,U+83EA
0430,刀,U+5200
0431,刁,U+5201
0432,刃,U+5203
0433,分,U+5206
0434,切,U+5207
0435,刈,U+5208
0436,刊,U+520A
0437,刎,U+520E
0438,刑,U+5211
0439,划,U+5212
0440,刖,U+5216
0441,列,U+5217
0442,刨,U+5228
0443,初,U+521D
0444,删,U+5220
0445,判,U+5224
0446,别,U+522B
0448,利,U+5229
0449,剁,U+5241
0450,刮,U+522E
0451,到,U+5230
0452,刲,U+5232
0453,刳,U+5233
0455,制,U+5236
0456,刷,U+5237
0457,券,U+5238
0458,刹,U+5239
0459,刺,U+523A
0461,剃,U+5243
0462,刭,U+522D
0463,则,U+5219
0465,削,U+524A
0466,刻,U+523B
0467,前,U+524D
0468,剜,U+525C
0469,剌,U+524C
0470,剡,U+5261
0471,剔,U+5254
0472,剖,U+5256
0473,刬,U+522C
0474,刚,U+521A
0475,剥,U+5265
0476,剩,U+5269
0477,剪,U+526A
0478,剐,U+5250
0479,副,U+526F
0480,割,U+5272
0481,剀,U+5240
0482,创,U+521B
0484,剽,U+527D
0485,剿,U+527F
0489,剧,U+5267
0490,劈,U+5288
0491,刘,U+5218
0492,刽,U+523D
0494,剑,U+5251
0495,剂,U+5242
0496,劓,U+5293
0497,劘,U+5298
0499,剅,U+5245
0500,力,U+529B
0501,功,U+529F
0502,加,U+52A0
0503,劣,U+52A3
0504,助,U+52A9
0505,努,U+52AA
0506,劫,U+52AB
0507,劬,U+52AC
0508,劭,U+52AD
0509,効,U+52B9
0510,劻,U+52BB
0511,劾,U+52BE
0512,劼,U+52BC
0513,劲,U+52B2
0514,勃,U+52C3
0515,勐,U+52D0
0516,勇,U+52C7
0517,勉,U+52C9
0518,勍,U+52CD
0519,勒,U+52D2
0520,动,U+52A8
0521,勖,U+52D6
0522,勘,U+52D8
0523,务,U+52A1
0524,胜,U+80DC
0525,劳,U+52B3
0527,募,U+52DF
0528,势,U+52BF
0530,勤,U+52E4
0532,勚,U+52DA
0533,勰,U+52F0
0534,勳,U+52F3
0535,劢,U+52A2
0536,励,U+52B1
0537,勷,U+52F7
0538,劝,U+529D
0539,锝,U+951D
0540,勹,U+52F9
0541,勺,U+52FA
0542,匀,U+5300
0543,勿,U+52FF
0545,包,U+5305
0546,匈,U+5308
0547,匊,U+530A
0548,匍,U+530D
0549,匏,U+530F
0550,匐,U+5310
0551,勾,U+52FE
0552,匕,U+5315
0553,化,U+5316
0554,北,U+5317
0555,匙,U+5319
0556,碲,U+78B2
0557,匚,U+531A
0558,匜,U+531C
0559,匝,U+531D
0561,匠,U+5320
0562,匡,U+5321
0563,匣,U+5323
0564,匪,U+532A
0565,汇,U+6C47
0566,匮,U+532E
0567,匦,U+5326
0570,啶,U+5576
0571,匸,U+5338
0572,匹,U+5339
0573,匾,U+533E
0574,匿,U+533F
0575,区,U+533A
0576,铥,U+94E5
0577,十,U+5341
0578,千,U+5343
0579,廿,U+5EFF
0580,卅,U+5345
0581,升,U+5347
0582,午,U+5348
0583,卉,U+5349
0584,半,U+534A
0585,卑,U+5351
0586,卒,U+5352
0587,卓,U+5353
0588,协,U+534F
0589,南,U+5357
0590,博,U+535A
0592,卜,U+535C
0593,卞,U+535E
0594,占,U+5360
0595,卡,U+5361
0596,卣,U+5363
0597,卦,U+5366
0598,氡,U+6C21
0599,卩,U+5369
0602,卯,U+536F
0603,印,U+5370
0604,危,U+5371
0606,却,U+5374
0607,卵,U+5375
0608,卷,U+5377
0609,卸,U+5378
0610,卺,U+537A
0612,卮,U+536E
0613,即,U+5373
0615,卿,U+537F
0616,胨,U+80E8
0617,厂,U+5382
0618,厄,U+5384
0622,厘,U+5398
0623,厍,U+538D
0624,厚,U+539A
0625,厝,U+539D
0626,原,U+539F
0627,厕,U+5395
0628,厥,U+53A5
0630,厌,U+538C
0631,厮,U+53AE
0632,厉,U+5389
0633,厦,U+53A6
0634,胴,U+80F4
0635,厶,U+53B6
0637,去,U+53BB
0638,叁,U+53C1
0639,参,U+53C2
0641,塅,U+5845
0642,又,U+53C8
0643,叉,U+53C9
0644,及,U+53CA
0645,友,U+53CB
0646,反,U+53CD
0647,叔,U+53D4
0648,取,U+53D6
0649,受,U+53D7
0650,叙,U+53D9
0651,叛,U+53DB
0652,叟,U+53DF
0654,丛,U+4E1B
0655,叠,U+53E0
0656,口,U+53E3
0657,古,U+53E4
0658,句,U+53E5
0659,另,U+53E6
0660,叨,U+53E8
0661,叩,U+53E9
0662,只,U+53EA
0663,叫,U+53EB
0664,召,U+53EC
0665,叭,U+53ED
0666,叮,U+53EE
0667,叱,U+53F1
0668,可,U+53EF
0669,台,U+53F0
0670,史,U+53F2
0671,右,U+53F3
0672,叵,U+53F5
0673,叶,U+53F6
0674,司,U+53F8
0675,吁,U+5401
0676,吃,U+5403
0677,各,U+5404
0678,合,U+5408
0679,吉,U+5409
0680,吊,U+540A
0681,同,U+540C
0682,名,U+540D
0683,后,U+540E
0684,吏,U+540F
0685,吐,U+5410
0686,向,U+5411
0687,吓,U+5413
0689,君,U+541B
0690,吝,U+541D
0691,吞,U+541E
0692,吟,U+541F
0693,吠,U+5420
0694,否,U+5426
0695,吩,U+5429
0696,咐,U+5490
0697,吆,U+5406
0698,含,U+542B
0699,吭,U+542D
0700,吮,U+542E
0701,呈,U+5448
0702,吴,U+5434
0703,吵,U+5435
0704,呐,U+5450
0705,吸,U+5438
0706,吹,U+5439
0707,告,U+544A
0708,吻,U+543B
0709,吼,U+543C
0710,吾,U+543E
0711,呀,U+5440
0712,吕,U+5415
0713,呃,U+5443
0714,呆,U+5446
0715,咂,U+5482
0716,呢,U+5462
0717,呦,U+5466
0718,呋,U+544B
0719,周,U+5468
0720,咒,U+5492
0721,吧,U+5427
0722,呱,U+5471
0724,味,U+5473
0725,呵,U+5475
0726,呶,U+5476
0727,呷,U+5477
0728,呻,U+547B
0729,呼,U+547C
0730,命,U+547D
0731,咀,U+5480
0732,咄,U+5484
0733,咆,U+5486
0734,咕,U+5495
0735,和,U+548C
0736,咎,U+548E
0737,咏,U+548F
0738,咋,U+548B
0739,咖,U+5496
0740,哎,U+54CE
0741,咤,U+54A4
0742,响,U+54CD
0743,咪,U+54AA
0744,咧,U+54A7
0745,咨,U+54A8
0746,咫,U+54AB
0747,咬,U+54AC
0748,咯,U+54AF
0749,咱,U+54B1
0750,咳,U+54B3
0752,咸,U+54B8
0754,咽,U+54BD
0755,哀,U+54C0
0756,品,U+54C1
0757,哂,U+54C2
0758,哄,U+54C4
0759,啊,U+554A
0760,哇,U+54C7
0761,哈,U+54C8
0762,哉,U+54C9
0763,哪,U+54EA
0764,咿,U+54BF
0765,员,U+5458
0766,哥,U+54E5
0767,唔,U+5514
0768,哦,U+54E6
0769,哩,U+54E9
0770,哭,U+54ED
0771,哮,U+54EE
0772,哲,U+54F2
0773,哺,U+54FA
0774,哼,U+54FC
0775,哽,U+54FD
0776,哿,U+54FF
0777,唁,U+5501
0778,唆,U+5506
0780,唉,U+5509
0781,唐,U+5510
0782,唇,U+5507
0783,哨,U+54E8
0784,啦,U+5566
0785,唏,U+550F
0786,售,U+552E
0787,唯,U+552F
0788,唱,U+5531
0789,唳,U+5533
0790,唾,U+553E
0791,啁,U+5541
0793,啄,U+5544
0794,商,U+5546
0795,问,U+95EE
0796,启,U+542F
0797,啖,U+5556
0798,啥,U+5565
0799,啜,U+555C
0800,哑,U+54D1
0801,唬,U+552C
0802,啤,U+5564
0803,啡,U+5561
0804,啻,U+557B
0805,啼,U+557C
0806,喁,U+5581
0807,喀,U+5580
0808,喂,U+5582
0809,喃,U+5583
0810,善,U+5584
0811,喆,U+5586
0812,喇,U+5587
0813,喈,U+5588
0814,喉,U+5589
0815,喊,U+558A
0816,喏,U+558F
0818,喋,U+558B
0819,喑,U+5591
0820,喘,U+5598
0821,喙,U+5599
0822,唤,U+5524
0823,喜,U+559C
0824,喝,U+559D
0825,唧,U+5527
0826,喧,U+55A7
0827,喻,U+55BB
0828,丧,U+4E27
0829,乔,U+4E54
0830,单,U+5355
0831,啾,U+557E
0832,喹,U+55B9
0833,嗅,U+55C5
0834,吗,U+5417
0835,啬,U+556C
0836,嗑,U+55D1
0837,嗓,U+55D3
0838,嗔,U+55D4
0839,呜,U+545C
0840,嗪,U+55EA
0841,嗜,U+55DC
0842,嗟,U+55DF
0843,嗣,U+55E3
0844,嗤,U+55E4
0845,喔,U+5594
0846,喟,U+559F
0847,哟,U+54DF
0849,嗡,U+55E1
0850,呛,U+545B
0851,嗉,U+55C9
0852,嗒,U+55D2
0853,喽,U+55BD
0855,叹,U+53F9
0856,嘈,U+5608
0857,嘉,U+5609
0858,嘏,U+560F
0859,嘛,U+561B
0860,唛,U+551B
0862,啧,U+5567
0863,尝,U+5C1D
0864,嘘,U+5618
0865,噻,U+567B
0866,嚎,U+568E
0867,嘎,U+560E
0868,呕,U+5455
0869,嗷,U+55F7
0870,嗽,U+55FD
0871,嗾,U+55FE
0872,嘬,U+562C
0873,哗,U+54D7
0874,哔,U+54D4
0875,叽,U+53FD
0876,啸,U+5578
0877,嘲,U+5632
0878,嘴,U+5634
0879,哓,U+54D3
0880,嘶,U+5636
0881,嗥,U+55E5
0882,嘹,U+5639
0883,嘻,U+563B
0884,嘿,U+563F
0886,噌,U+564C
0887,噍,U+564D
0888,噎,U+564E
0889,噢,U+5662
0891,噤,U+5664
0892,器,U+5668
0893,噩,U+5669
0894,噪,U+566A
0895,噫,U+566B
0896,噬,U+566C
0897,嗳,U+55F3
0898,哙,U+54D9
0899,喷,U+55B7
0900,噶,U+5676
0901,哝,U+54DD
0902,哕,U+54D5
0903,吨,U+5428
0904,噱,U+5671
0905,咛,U+549B
0906,嚅,U+5685
0908,嚏,U+568F
0909,啮,U+556E
0910,嚚,U+569A
0912,冁,U+5181
0917,严,U+4E25
0918,咙,U+5499
0919,嘤,U+5624
0920,嚼,U+56BC
0921,啭,U+556D
0922,嗫,U+55EB
0923,嚣,U+56A3
0924,嚷,U+56B7
0926,囊,U+56CA
0927,呓,U+5453
0928,嘱,U+5631
0930,叻,U+53FB
0931,囗,U+56D7
0932,回,U+56DE
0933,囚,U+56DA
0934,四,U+56DB
0935,囱,U+56F1
0936,因,U+56E0
0937,囤,U+56E4
0938,困,U+56F0
0939,囫,U+56EB
0940,囷,U+56F7
0941,囹,U+56F9
0942,固,U+56FA
0943,囿,U+56FF
0944,圃,U+5703
0945,圄,U+5704
0946,圈,U+5708
0947,圉,U+5709
0948,国,U+56FD
0950,囵,U+56F5
0951,圐,U+5710
0952,圙,U+5719
0953,围,U+56F4
0954,园,U+56ED
0955,圆,U+5706
0956,图,U+56FE
0957,团,U+56E2
0958,圜,U+571C
0960,土,U+571F
0961,在,U+5728
0962,圩,U+5729
0963,圬,U+572C
0964,圭,U+572D
0965,圮,U+572E
0966,地,U+5730
0967,圻,U+573B
0968,址,U+5740
0969,圾,U+573E
0970,坟,U+575F
0971,均,U+5747
0972,坊,U+574A
0973,坍,U+574D
0974,坎,U+574E
0975,坏,U+574F
0976,坐,U+5750
0977,坑,U+5751
0978,坂,U+5742
0979,坌,U+574C
0980,坡,U+5761
0981,坤,U+5764
0982,坦,U+5766
0983,坭,U+576D
0984,坩,U+5769
0985,坷,U+5777
0986,坼,U+577C
0987,垂,U+5782
0988,坪,U+576A
0989,坫,U+576B
0990,坰,U+5770
0991,坳,U+5773
0992,型,U+578B
0993,垓,U+5793
0994,坬,U+576C
0995,垠,U+57A0
0996,垢,U+57A2
0997,垣,U+57A3
0998,垃,U+5783
0999,坯,U+576F
1000,垛,U+579B
1001,坨,U+5768
1002,埃,U+57C3
1003,埋,U+57CB
1004,城,U+57CE
1005,埒,U+57D2
1006,垮,U+57AE
1007,埏,U+57CF
1008,域,U+57DF
1009,埠,U+57E0
1010,垧,U+57A7
1011,埭,U+57ED
1012,垡,U+57A1
1013,执,U+6267
1014,培,U+57F9
1015,基,U+57FA
1016,堂,U+5802
1017,坚,U+575A
1018,堆,U+5806
1019,垩,U+57A9
1020,埤,U+57E4
1021,埴,U+57F4
1022,埵,U+57F5
1023,埸,U+57F8
1024,堃,U+5803
1025,堙,U+5819
1026,堞,U+581E
1027,堡,U+5821
1028,堠,U+5820
1029,堤,U+5824
1030,堪,U+582A
1031,尧,U+5C27
1032,报,U+62A5
1033,埔,U+57D4
1034,场,U+573A
1035,堵,U+5835
1036,埝,U+57DD
1037,堰,U+5830
1038,垾,U+57BE
1039,塍,U+584D
1040,块,U+5757
1041,茔,U+8314
1042,塌,U+584C
1043,塑,U+5851
1044,塔,U+5854
1045,墓,U+5893
1046,塚,U+585A
1048,塘,U+5858
1049,塞,U+585E
1050,填,U+586B
1051,坞,U+575E
1052,垲,U+57B2
1053,埙,U+57D9
1054,埘,U+57D8
1055,堼,U+583C
1056,坝,U+575D
1057,尘,U+5C18
1058,堑,U+5811
1060,塾,U+587E
1061,塂,U+5842
1062,墀,U+5880
1063,墁,U+5881
1064,境,U+5883
1065,墅,U+5885
1066,墉,U+5889
1067,垫,U+57AB
1068,墄,U+5884
1069,埫,U+57EB
1071,坠,U+5760
1073,增,U+589E
1074,墟,U+589F
1075,墨,U+58A8
1076,墩,U+58A9
1077,堕,U+5815
1080,塄,U+5844
1081,塆,U+5846
1082,墈,U+5888
1083,垦,U+57A6
1084,壁,U+58C1
1085,壅,U+58C5
1086,坛,U+575B
1089,壑,U+58D1
1090,压,U+538B
1091,壕,U+58D5
1093,垒,U+5792
1094,圹,U+5739
1096,垄,U+5784
1097,垆,U+5786
1099,壤,U+58E4
1101,圳,U+5733
1102,士,U+58EB
1103,壬,U+58EC
1104,壮,U+58EE
1105,壹,U+58F9
1106,壶,U+58F6
1108,寿,U+5BFF
1109,壸,U+58F8
1110,椴,U+6934
1111,夂,U+5902
1112,夆,U+5906
1113,簖,U+7C16
1114,夊,U+590A
1115,夏,U+590F
1116,砘,U+7818
1118,跺,U+8DFA
1119,夕,U+5915
1120,外,U+5916
1121,夙,U+5919
1122,多,U+591A
1123,夜,U+591C
1124,够,U+591F
1125,梦,U+68A6
1126,夤,U+5924
1127,夥,U+5925
1128,婀,U+5A40
1129,大,U+5927
1130,夭,U+592D
1131,天,U+5929
1132,太,U+592A
1133,夫,U+592B
1134,夬,U+592C
1135,央,U+592E
1136,失,U+5931
1137,夯,U+592F
1138,夷,U+5937
1139,夸,U+5938
1140,夹,U+5939
1141,奄,U+5944
1142,奇,U+5947
1143,奈,U+5948
1144,奉,U+5949
1145,奎,U+594E
1146,奏,U+594F
1147,奂,U+5942
1148,契,U+5951
1149,奔,U+5954
1150,奕,U+5955
1151,奓,U+5953
1152,套,U+5957
1153,奚,U+595A
1154,锇,U+9507
1155,奘,U+5958
1156,奠,U+5960
1158,奢,U+5962
1159,奥,U+5965
1160,奁,U+5941
1161,夺,U+593A
1162,奖,U+5956
1163,奭,U+596D
1164,奋,U+594B
1165,奀,U+5940
1166,女,U+5973
1167,奴,U+5974
1168,奶,U+5976
1169,奸,U+5978
1170,好,U+597D
1171,妁,U+5981
1172,如,U+5982
1173,妃,U+5983
1174,妄,U+5984
1175,妊,U+598A
1176,妒,U+5992
1177,妍,U+598D
1178,妓,U+5993
1179,妖,U+5996
1180,妗,U+5997
1181,妙,U+5999
1182,妆,U+5986
1183,妣,U+59A3
1184,妤,U+59A4
1185,妥,U+59A5
1186,妨,U+59A8
1187,妯,U+59AF
1188,妹,U+59B9
1189,妻,U+59BB
1190,妾,U+59BE
1191,姆,U+59C6
1192,姊,U+59CA
1193,始,U+59CB
1194,姗,U+59D7
1195,姐,U+59D0
1196,姑,U+59D1
1197,姒,U+59D2
1198,姓,U+59D3
1199,妲,U+59B2
1200,妮,U+59AE
1201,委,U+59D4
1202,姚,U+59DA
1203,姜,U+59DC
1204,姝,U+59DD
1207,姣,U+59E3
1209,姥,U+59E5
1210,姨,U+59E8
1212,侄,U+4F84
1213,姬,U+59EC
1215,姻,U+59FB
1216,娃,U+5A03
1217,姿,U+59FF
1218,威,U+5A01
1219,娉,U+5A09
1220,姮,U+59EE
1222,娌,U+5A0C
1223,娑,U+5A11
1224,娘,U+5A18
1225,娱,U+5A31
1226,娜,U+5A1C
1227,娟,U+5A1F
1228,娠,U+5A20
1229,娣,U+5A23
1230,娥,U+5A25
1231,娩,U+5A29
1232,娓,U+5A13
1233,娼,U+5A3C
1234,姹,U+59F9
1235,娶,U+5A36
1236,娄,U+5A04
1237,婆,U+5A46
1238,婉,U+5A49
1239,婊,U+5A4A
1240,婕,U+5A55
1241,婚,U+5A5A
1242,婢,U+5A62
1244,妇,U+5987
1245,婪,U+5A6A
1246,娅,U+5A05
1247,她,U+5979
1248,妳,U+59B3
1249,婼,U+5A7C
1250,婷,U+5A77
1251,婺,U+5A7A
1252,媒,U+5A92
1253,媚,U+5A9A
1254,媛,U+5A9B
1257,娲,U+5A32
1260,媖,U+5A96
1261,媳,U+5AB3
1262,媵,U+5AB5
1263,媸,U+5AB8
1264,媪,U+5AAA
1265,妈,U+5988
1266,媾,U+5ABE
1268,嫁,U+5AC1
1269,嫂,U+5AC2
1270,嫄,U+5AC4
1271,嫉,U+5AC9
1273,嫌,U+5ACC
1274,媲,U+5AB2
1276,嫖,U+5AD6
1277,妪,U+59AA
1278,嫠,U+5AE0
1279,嫡,U+5AE1
1280,嫣,U+5AE3
1281,嫦,U+5AE6
1282,嫩,U+5AE9
1283,嫪,U+5AEA
1284,嫘,U+5AD8
1285,嫚,U+5ADA
1286,嫜,U+5ADC
1287,嫫,U+5AEB
1289,妫,U+59AB
1290,娆,U+5A06
1291,嬉,U+5B09
1292,婵,U+5A75
1293,娇,U+5A07
1294,媭,U+5AAD
1295,嬖,U+5B16
1296,嬗,U+5B17
1297,嫱,U+5AF1
1298,嬛,U+5B1B
1299,嬴,U+5B34
1300,嫔,U+5AD4
1301,嬷,U+5B37
1303,嬲,U+5B32
1305,婴,U+5A74
1306,婶,U+5A76
1307,孀,U+5B40
1309,娈,U+5A08
1310,妞,U+599E
1311,子,U+5B50
1312,孑,U+5B51
1313,孔,U+5B54
1314,孕,U+5B55
1315,孓,U+5B53
1316,字,U+5B57
1317,存,U+5B58
1318,孚,U+5B5A
1319,孛,U+5B5B
1320,孜,U+5B5C
1321,孝,U+5B5D
1322,孟,U+5B5F
1323,季,U+5B63
1324,孤,U+5B64
1325,孥,U+5B65
1326,孩,U+5B69
1327,孙,U+5B59
1328,孰,U+5B70
1329,孱,U+5B71
1330,孳,U+5B73
1331,学,U+5B66
1332,孺,U+5B7A
1334,孪,U+5B6A
1335,孵,U+5B75
1336,宀,U+5B80
1337,宁,U+5B81
1338,它,U+5B83
1339,宄,U+5B84
1341,宅,U+5B85
1342,宇,U+5B87
1343,守,U+5B88
1344,安,U+5B89
1345,宋,U+5B8B
1346,完,U+5B8C
1347,宏,U+5B8F
1348,宓,U+5B93
1349,宕,U+5B95
1350,宗,U+5B97
1351,官,U+5B98
1352,宙,U+5B99
1353,定,U+5B9A
1354,宛,U+5B9B
1355,宜,U+5B9C
1356,客,U+5BA2
1357,宣,U+5BA3
1358,室,U+5BA4
1359,宥,U+5BA5
1360,宦,U+5BA6
1361,宬,U+5BAC
1362,宫,U+5BAB
1363,宰,U+5BB0
1364,害,U+5BB3
1365,宴,U+5BB4
1366,宵,U+5BB5
1367,家,U+5BB6
1368,宸,U+5BB8
1369,容,U+5BB9
1372,宿,U+5BBF
1374,寂,U+5BC2
1376,寄,U+5BC4
1377,寅,U+5BC5
1378,密,U+5BC6
1379,寇,U+5BC7
1381,富,U+5BCC
1382,寐,U+5BD0
1383,寒,U+5BD2
1384,寓,U+5BD3
1389,寞,U+5BDE
1390,察,U+5BDF
1391,寡,U+5BE1
1392,寝,U+5BDD
1393,寤,U+5BE4
1394,寥,U+5BE5
1395,实,U+5B9E
1396,寨,U+5BE8
1399,审,U+5BA1
1400,写,U+5199
1401,宽,U+5BBD
1402,寮,U+5BEE
1403,寰,U+5BF0
1404,宠,U+5BA0
1405,宝,U+5B9D
1406,宧,U+5BA7
1407,寸,U+5BF8
1408,寺,U+5BFA
1409,封,U+5C01
1410,射,U+5C04
1411,尅,U+5C05
1412,将,U+5C06
1413,专,U+4E13
1414,尉,U+5C09
1415,尊,U+5C0A
1416,寻,U+5BFB
1417,对,U+5BF9
1418,导,U+5BFC
1419,蒽,U+84BD
1420,小,U+5C0F
1421,少,U+5C11
1422,尔,U+5C14
1423,尖,U+5C16
1424,尚,U+5C1A
1427,尕,U+5C15
1428,尢,U+5C22
1429,尤,U+5C24
1431,尪,U+5C2A
1432,就,U+5C31
1433,尰,U+5C30
1434,尴,U+5C34
1435,尬,U+5C2C
1436,铒,U+94D2
1437,尸,U+5C38
1438,尹,U+5C39
1439,尺,U+5C3A
1440,尻,U+5C3B
1441,尼,U+5C3C
1442,尾,U+5C3E
1443,尿,U+5C3F
1444,局,U+5C40
1445,屁,U+5C41
1446,居,U+5C45
1447,届,U+5C4A
1448,屈,U+5C48
1449,屉,U+5C49
1450,屋,U+5C4B
1452,屎,U+5C4E
1453,屐,U+5C50
1454,屑,U+5C51
1455,展,U+5C55
1456,屏,U+5C4F
1457,屝,U+5C5D
1458,屠,U+5C60
1459,屡,U+5C61
1460,屣,U+5C63
1461,层,U+5C42
1462,履,U+5C65
1464,屦,U+5C66
1466,属,U+5C5E
1468,砩,U+7829
1469,屮,U+5C6E
1470,屯,U+5C6F
1471,岳,U+5CB3
1472,山,U+5C71
1473,屹,U+5C79
1474,屺,U+5C7A
1475,峁,U+5CC1
1476,岌,U+5C8C
1477,岐,U+5C90
1478,岑,U+5C91
1479,岔,U+5C94
1480,峿,U+5CFF
1481,冈,U+5188
1482,岢,U+5CA2
1483,岈,U+5C88
1484,岩,U+5CA9
1485,岫,U+5CAB
1486,岱,U+5CB1
1487,岵,U+5CB5
1488,岷,U+5CB7
1489,岸,U+5CB8
1490,岣,U+5CA3
1491,峒,U+5CD2
1492,峙,U+5CD9
1493,峋,U+5CCB
1494,峨,U+5CE8
1495,峭,U+5CED
1496,峰,U+5CF0
1497,岛,U+5C9B
1498,峻,U+5CFB
1499,峡,U+5CE1
1500,峓,U+5CD3
1501,岘,U+5C98
1502,峪,U+5CEA
1503,崃,U+5D03
1504,崇,U+5D07
1505,崎,U+5D0E
1506,岽,U+5CBD
1507,崑,U+5D11
1508,崔,U+5D14
1509,崖,U+5D16
1510,崙,U+5D19
1511,岗,U+5C97
1512,崛,U+5D1B
1513,峥,U+5CE5
1514,崩,U+5D29
1515,崚,U+5D1A
1516,崧,U+5D27
1517,崦,U+5D26
1518,嵇,U+5D47
1519,崆,U+5D06
1520,嵋,U+5D4B
1521,嵫,U+5D6B
1522,嵊,U+5D4A
1523,嵌,U+5D4C
1524,峧,U+5CE7
1525,嵎,U+5D4E
1526,岚,U+5C9A
1527,崀,U+5D00
1528,崅,U+5D05
1529,嵩,U+5D69
1530,嵝,U+5D5D
1531,嵬,U+5D6C
1532,嵯,U+5D6F
1533,崌,U+5D0C
1534,嶂,U+5D82
1535,崭,U+5D2D
1536,岖,U+5C96
1537,嶒,U+5D92
1538,嵚,U+5D5A
1539,嵘,U+5D58
1540,峤,U+5CE4
1541,崤,U+5D24
1542,峄,U+5CC4
1543,嶙,U+5D99
1544,嶷,U+5DB7
1545,岭,U+5CAD
1546,屿,U+5C7F
1547,崾,U+5D3E
1548,巉,U+5DC9
1549,嵛,U+5D5B
1550,巍,U+5DCD
1551,峦,U+5CE6
1552,嶅,U+5D85
1553,巅,U+5DC5
1554,巖,U+5DD6
1555,崂,U+5D02
1556,巛,U+5DDB
1557,川,U+5DDD
1558,州,U+5DDE
1559,巡,U+5DE1
1560,巢,U+5DE2
1561,镄,U+9544
1562,工,U+5DE5
1563,左,U+5DE6
1564,巧,U+5DE7
1565,巨,U+5DE8
1566,巫,U+5DEB
1567,差,U+5DEE
1568,酚,U+915A
1569,己,U+5DF1
1570,巳,U+5DF3
1571,已,U+5DF2
1572,巴,U+5DF4
1574,巷,U+5DF7
1575,巽,U+5DFD
1576,钆,U+9486
1577,巾,U+5DFE
1578,币,U+5E01
1579,市,U+5E02
1580,布,U+5E03
1581,帆,U+5E06
1582,帋,U+5E0B
1583,帑,U+5E11
1584,帕,U+5E15
1585,希,U+5E0C
1586,帖,U+5E16
1587,帗,U+5E17
1588,帘,U+5E18
1589,帙,U+5E19
1590,帚,U+5E1A
1591,帛,U+5E1B
1592,帔,U+5E14
1593,帝,U+5E1D
1594,帡,U+5E21
1596,帅,U+5E05
1597,师,U+5E08
1598,席,U+5E2D
1599,帨,U+5E28
1600,帐,U+5E10
1601,带,U+5E26
1602,帷,U+5E37
1603,常,U+5E38
1604,帽,U+5E3D
1605,帏,U+5E0F
1606,幄,U+5E44
1607,幅,U+5E45
1608,帧,U+5E27
1610,幌,U+5E4C
1611,幔,U+5E54
1612,幕,U+5E55
1613,帼,U+5E3C
1614,帻,U+5E3B
1615,帜,U+5E1C
1616,幡,U+5E61
1617,幢,U+5E62
1619,幪,U+5E6A
1620,帮,U+5E2E
1621,帱,U+5E31
1625,幛,U+5E5B
1626,干,U+5E72
1627,平,U+5E73
1628,年,U+5E74
1629,并,U+5E76
1630,幸,U+5E78
1632,矸,U+77F8
1633,幺,U+5E7A
1634,幻,U+5E7B
1635,幼,U+5E7C
1636,幽,U+5E7D
1638,酐,U+9150
1639,广,U+5E7F
1640,庀,U+5E80
1641,庹,U+5EB9
1642,庇,U+5E87
1643,床,U+5E8A
1644,庋,U+5E8B
1645,序,U+5E8F
1646,底,U+5E95
1647,庖,U+5E96
1648,店,U+5E97
1649,庚,U+5E9A
1650,府,U+5E9C
1651,庠,U+5EA0
1652,庥,U+5EA5
1653,度,U+5EA6
1654,座,U+5EA7
1655,库,U+5E93
1656,庭,U+5EAD
1658,庵,U+5EB5
1659,庶,U+5EB6
1660,康,U+5EB7
1661,庸,U+5EB8
1662,庾,U+5EBE
1666,厢,U+53A2
1668,廑,U+5ED1
1669,廈,U+5EC8
1670,廉,U+5EC9
1671,廊,U+5ECA
1672,廋,U+5ECB
1673,厩,U+53A9
1674,廓,U+5ED3
1675,廖,U+5ED6
1676,厨,U+53A8
1679,廛,U+5EDB
1680,庙,U+5E99
1682,庑,U+5E91
1683,废,U+5E9F
1685,廨,U+5EE8
1686,廪,U+5EEA
1687,庐,U+5E90
1689,厅,U+5385
1690,庞,U+5E9E
1691,锆,U+9506
1692,廴,U+5EF4
1693,延,U+5EF6
1694,廷,U+5EF7
1696,建,U+5EFA
1699,廾,U+5EFE
1701,弁,U+5F01
1702,弄,U+5F04
1704,弈,U+5F08
1705,弊,U+5F0A
1706,茛,U+831B
1707,弋,U+5F0B
1708,弍,U+5F0D
1709,式,U+5F0F
1710,弑,U+5F11
1711,瀔,U+7014
1712,弓,U+5F13
1714,引,U+5F15
1715,弗,U+5F17
1716,弛,U+5F1B
1717,弟,U+5F1F
1718,弢,U+5F22
1720,弦,U+5F26
1721,弧,U+5F27
1722,弩,U+5F29
1725,弭,U+5F2D
1726,弱,U+5F31
1728,张,U+5F20
1730,强,U+5F3A
1732,弼,U+5F3C
1733,彀,U+5F40
1734,弹,U+5F39
1736,弥,U+5F25
1737,弯,U+5F2F
1738,弘,U+5F18
1739,彐,U+5F50
1740,彖,U+5F56
1741,彗,U+5F57
1742,彘,U+5F58
1744,彝,U+5F5D
1745,彟,U+5F5F
1746,臌,U+81CC
1747,彡,U+5F61
1748,形,U+5F62
1749,彤,U+5F64
1750,彦,U+5F66
1751,彧,U+5F67
1752,彩,U+5F69
1753,彪,U+5F6A
1755,彬,U+5F6C
1756,彭,U+5F6D
1757,彰,U+5F70
1758,影,U+5F71
1759,彨,U+5F68
1760,铪,U+94EA
1761,彳,U+5F73
1762,彷,U+5F77
1763,役,U+5F79
1764,彼,U+5F7C
1766,往,U+5F80
1767,征,U+5F81
1768,徂,U+5F82
1769,待,U+5F85
1770,徇,U+5F87
1771,很,U+5F88
1772,徉,U+5F89
1773,徊,U+5F8A
1774,律,U+5F8B
1776,徐,U+5F90
1777,径,U+5F84
1778,徒,U+5F92
1779,得,U+5F97
1780,徘,U+5F98
1781,徙,U+5F99
1782,徜,U+5F9C
1783,从,U+4ECE
1784,徕,U+5F95
1785,御,U+5FA1
1787,徨,U+5FA8
1788,复,U+590D
1789,循,U+5FAA
1790,徬,U+5FAC
1791,徭,U+5FAD
1792,微,U+5FAE
1793,徯,U+5FAF
1794,徵,U+5FB5
1795,德,U+5FB7
1796,彻,U+5F7B
1797,徼,U+5FBC
1798,徽,U+5FBD
1799,焓,U+7113
1800,心,U+5FC3
1801,必,U+5FC5
1802,忉,U+5FC9
1803,忌,U+5FCC
1804,忍,U+5FCD
1805,忒,U+5FD2
1806,忖,U+5FD6
1807,志,U+5FD7
1808,忘,U+5FD8
1809,忐,U+5FD0
1810,忑,U+5FD1
1811,忙,U+5FD9
1812,忝,U+5FDD
1813,忠,U+5FE0
1814,忡,U+5FE1
1815,恬,U+606C
1816,快,U+5FEB
1817,忭,U+5FED
1818,忮,U+5FEE
1819,念,U+5FF5
1820,忱,U+5FF1
1821,忸,U+5FF8
1822,忤,U+5FE4
1823,忻,U+5FFB
1824,忽,U+5FFD
1825,忿,U+5FFF
1826,怍,U+600D
1827,怎,U+600E
1828,怏,U+600F
1829,怒,U+6012
1830,怕,U+6015
1831,怖,U+6016
1832,怗,U+6017
1833,怙,U+6019
1834,怛,U+601B
1835,思,U+601D
1836,怠,U+6020
1837,怡,U+6021
1838,急,U+6025
1839,怦,U+6026
1840,性,U+6027
1841,怨,U+6028
1842,怩,U+6029
1843,怪,U+602A
1844,怫,U+602B
1845,怯,U+602F
1847,怵,U+6035
1849,您,U+60A8
1850,怔,U+6014
1851,恁,U+6041
1852,恂,U+6042
1853,恃,U+6043
1854,恒,U+6052
1855,惦,U+60E6
1857,恍,U+604D
1858,恐,U+6050
1859,恕,U+6055
1860,恙,U+6059
1861,恚,U+605A
1862,恝,U+605D
1863,恢,U+6062
1864,恣,U+6063
1865,恤,U+6064
1867,恧,U+6067
1868,恨,U+6068
1869,恩,U+6069
1870,恪,U+606A
1871,恫,U+606B
1872,恭,U+606D
1873,息,U+606F
1874,恰,U+6070
1875,悃,U+6083
1877,悄,U+6084
1878,悦,U+60A6
1879,悌,U+608C
1880,悍,U+608D
1881,悒,U+6092
1882,悔,U+6094
1883,悖,U+6096
1884,悚,U+609A
1885,悉,U+6089
1886,悛,U+609B
1887,悝,U+609D
1888,悮,U+60AE
1889,悟,U+609F
1890,悠,U+60A0
1891,患,U+60A3
1894,悱,U+60B1
1896,悲,U+60B2
1897,悴,U+60B4
1898,怅,U+6005
1899,闷,U+95F7
1900,悸,U+60B8
1901,悻,U+60BB
1902,悼,U+60BC
1906,情,U+60C5
1907,惆,U+60C6
1908,惇,U+60C7
1910,惑,U+60D1
1911,惓,U+60D3
1912,惕,U+60D5
1913,惘,U+60D8
1914,惙,U+60D9
1915,惚,U+60DA
1917,惜,U+60DC
1919,惟,U+60DF
1920,惠,U+60E0
1921,恶,U+6076
1922,悰,U+60B0
1923,惋,U+60CB
1924,惰,U+60F0
1925,恼,U+607C
1926,恽,U+607D
1927,想,U+60F3
1928,惴,U+60F4
1929,惶,U+60F6
1931,惹,U+60F9
1932,惺,U+60FA
1933,恻,U+607B
1934,愀,U+6100
1935,愁,U+6101
1936,愆,U+6106
1937,愈,U+6108
1938,愉,U+6109
1940,愍,U+610D
1941,愎,U+610E
1942,意,U+610F
1944,愔,U+6114
1945,愕,U+6115
1946,愚,U+611A
1947,爱,U+7231
1948,惬,U+60EC
1949,感,U+611F
1950,愠,U+6120
1951,愧,U+6127
1952,悫,U+60AB
1953,愫,U+612B
1955,怆,U+6006
1956,恺,U+607A
1957,慎,U+614E
1958,忾,U+5FFE
1959,愿,U+613F
1960,恿,U+607F
1964,慈,U+6148
1965,慊,U+614A
1966,态,U+6001
1967,慌,U+614C
1969,慓,U+6153
1970,慕,U+6155
1971,惨,U+60E8
1973,慝,U+615D
1974,惭,U+60ED
1975,恸,U+6078
1976,慢,U+6162
1977,惯,U+60EF
1979,慧,U+6167
1980,慨,U+6168
1981,怂,U+6002
1982,虑,U+8651
1983,慰,U+6170
1984,悭,U+60AD
1986,慵,U+6175
1987,庆,U+5E86
1988,慷,U+6177
1992,忧,U+5FE7
1994,惫,U+60EB
1995,怜,U+601C
1997,憔,U+6194
1998,惮,U+60EE
1999,憎,U+618E
2000,憝,U+619D
2001,愤,U+6124
2002,憧,U+61A7
2003,憨,U+61A8
2004,憩,U+61A9
2005,憬,U+61AC
2006,悯,U+60AF
2007,怃,U+6003
2009,宪,U+5BAA
2011,忆,U+5FC6
2013,憾,U+61BE
2016,懂,U+61C2
2017,恳,U+6073
2018,懈,U+61C8
2019,应,U+5E94
2020,懊,U+61CA
2021,懋,U+61CB
2022,怿,U+603F
2023,懔,U+61D4
2025,愦,U+6126
2029,怼,U+603C
2030,懑,U+61D1
2032,懦,U+61E6
2033,惩,U+60E9
2034,懿,U+61FF
2035,懵,U+61F5
2036,懒,U+61D2
2037,怀,U+6000
2038,悬,U+60AC
2039,忏,U+5FCF
2040,惧,U+60E7
2042,慑,U+6151
2043,恋,U+604B
2044,恹,U+6079
2045,戆,U+6206
2047,戈,U+6208
2048,戊,U+620A
2049,戌,U+620C
2050,戍,U+620D
2051,戎,U+620E
2052,成,U+6210
2053,我,U+6211
2054,戒,U+6212
2055,戋,U+620B
2056,戕,U+6215
2057,或,U+6216
2058,戚,U+621A
2059,戛,U+621B
2060,戟,U+621F
2061,戢,U+6222
2062,戥,U+6225
2063,戡,U+6221
2065,戬,U+622C
2066,截,U+622A
2067,戳,U+6233
2068,戮,U+622E
2069,战,U+6218
2070,戏,U+620F
2071,戴,U+6234
2072,戤,U+6224
2073,户,U+6237
2074,戾,U+623E
2075,房,U+623F
2076,所,U+6240
2077,戽,U+623D
2078,扁,U+6241
2079,扃,U+6243
2081,扆,U+6246
2082,扇,U+6247
2083,扈,U+6248
2084,扉,U+6249
2086,槲,U+69F2
2087,手,U+624B
2088,才,U+624D
2089,扎,U+624E
2090,扑,U+6251
2091,扒,U+6252
2092,打,U+6253
2093,扔,U+6254
2094,托,U+6258
2095,扛,U+625B
2096,扠,U+6260
2097,拤,U+62E4
2099,扣,U+6263
2100,扭,U+626D
2101,扮,U+626E
2102,扯,U+626F
2104,扳,U+6273
2105,扶,U+6276
2106,批,U+6279
2107,抵,U+62B5
2108,扼,U+627C
2109,找,U+627E
2110,承,U+627F
2111,技,U+6280
2113,抄,U+6284
2115,抉,U+6289
2116,把,U+628A
2117,抑,U+6291
2118,抒,U+6292
2119,抓,U+6293
2121,投,U+6295
2122,抖,U+6296
2123,抗,U+6297
2124,折,U+6298
2125,抨,U+62A8
2126,披,U+62AB
2127,抬,U+62AC
2128,抱,U+62B1
2129,抿,U+62BF
2130,抹,U+62B9
2131,押,U+62BC
2132,抽,U+62BD
2133,拂,U+62C2
2134,拄,U+62C4
2135,拆,U+62C6
2136,拇,U+62C7
2137,担,U+62C5
2138,拈,U+62C8
2139,拉,U+62C9
2140,拊,U+62CA
2141,抛,U+629B
2142,拌,U+62CC
2143,拍,U+62CD
2145,拐,U+62D0
2146,拎,U+62CE
2147,拒,U+62D2
2148,拓,U+62D3
2149,拔,U+62D4
2151,拖,U+62D6
2152,拗,U+62D7
2153,拘,U+62D8
2154,拙,U+62D9
2155,拚,U+62DA
2156,招,U+62DB
2157,拜,U+62DC
2158,捂,U+6342
2159,拮,U+62EE
2160,拭,U+62ED
2161,括,U+62EC
2162,拱,U+62F1
2163,拯,U+62EF
2164,拳,U+62F3
2165,拴,U+62F4
2166,拷,U+62F7
2167,拽,U+62FD
2168,拾,U+62FE
2169,拿,U+62FF
2170,持,U+6301
2171,挂,U+6302
2172,指,U+6307
2173,挈,U+6308
2174,按,U+6309
2175,挎,U+630E
2176,挑,U+6311
2177,挖,U+6316
2178,拼,U+62FC
2179,挨,U+6328
2180,挪,U+632A
2181,挫,U+632B
2182,振,U+632F
2183,捅,U+6345
2184,挹,U+6339
2185,挺,U+633A
2186,挼,U+633C
2187,挽,U+633D
2188,挟,U+631F
2190,捆,U+6346
2191,捉,U+6349
2192,捋,U+634B
2193,捌,U+634C
2194,捍,U+634D
2195,掂,U+6382
2196,捐,U+6350
2197,挣,U+6323
2198,捕,U+6355
2199,挲,U+6332
2200,捎,U+634E
2201,捧,U+6367
2203,捩,U+6369
2204,扪,U+626A
2205,捺,U+637A
2206,捭,U+636D
2207,据,U+636E
2209,捱,U+6371
2211,捶,U+6376
2212,捷,U+6377
2213,揍,U+63CD
2214,捻,U+637B
2216,掀,U+6380
2217,扫,U+626B
2218,掇,U+6387
2219,授,U+6388
2220,掉,U+6389
2221,掊,U+638A
2222,掌,U+638C
2223,掏,U+638F
2224,掎,U+638E
2225,掐,U+6390
2226,排,U+6392
2227,掖,U+6396
2228,掘,U+6398
2230,掠,U+63A0
2232,探,U+63A2
2233,掣,U+63A3
2234,接,U+63A5
2235,控,U+63A7
2236,推,U+63A8
2237,掩,U+63A9
2238,措,U+63AA
2239,掬,U+63AC
2240,掯,U+63AF
2241,抡,U+62A1
2245,拣,U+62E3
2246,揄,U+63C4
2247,揆,U+63C6
2248,揉,U+63C9
2249,描,U+63CF
2250,捏,U+634F
2251,提,U+63D0
2252,插,U+63D2
2253,揖,U+63D6
2254,扬,U+626C
2255,换,U+6362
2257,揠,U+63E0
2258,搽,U+643D
2259,握,U+63E1
2260,揣,U+63E3
2261,揩,U+63E9
2262,揪,U+63EA
2263,揭,U+63ED
2264,挥,U+6325
2266,援,U+63F4
2268,掾,U+63BE
2269,搞,U+641E
2271,搧,U+6427
2275,损,U+635F
2276,搏,U+640F
2277,搒,U+6412
2278,搓,U+6413
2279,搔,U+6414
2280,摇,U+6447
2281,捣,U+6363
2282,搜,U+641C
2283,搠,U+6420
2286,搦,U+6426
2288,搪,U+642A
2289,搬,U+642C
2290,搭,U+642D
2291,搴,U+6434
2292,摔,U+6454
2293,抢,U+62A2
2294,搐,U+6410
2296,掺,U+63BA
2297,撂,U+6482
2298,摘,U+6458
2299,搂,U+6402
2300,撑,U+6491
2301,摧,U+6467
2302,摩,U+6469
2303,摭,U+646D
2304,挚,U+631A
2305,抠,U+62A0
2306,抟,U+629F
2307,摸,U+6478
2308,摹,U+6479
2309,摺,U+647A
2310,掴,U+63B4
2311,摒,U+6452
2313,撅,U+6485
2316,撩,U+64A9
2317,撇,U+6487
2318,捞,U+635E
2320,撒,U+6492
2321,挠,U+6320
2322,撕,U+6495
2323,撙,U+6499
2326,撞,U+649E
2327,撤,U+64A4
2328,拨,U+62E8
2329,抚,U+629A
2330,播,U+64AD
2331,撮,U+64AE
2332,撰,U+64B0
2334,撬,U+64AC
2335,掼,U+63BC
2336,攉,U+6509
2337,挞,U+631E
2338,撼,U+64BC
2339,挝,U+631D
2340,拥,U+62E5
2341,擂,U+64C2
2342,掳,U+63B3
2343,擅,U+64C5
2344,择,U+62E9
2345,击,U+51FB
2346,挡,U+6321
2347,操,U+64CD
2348,擎,U+64CE
2349,拧,U+62E7
2350,擒,U+64D2
2352,擗,U+64D7
2353,擘,U+64D8
2355,撷,U+64B7
2356,搀,U+6400
2357,挤,U+6324
2359,擢,U+64E2
2361,擦,U+64E6
2362,拟,U+62DF
2363,摈,U+6448
2364,搁,U+6401
2365,撵,U+64B5
2366,擭,U+64ED
2367,掷,U+63B7
2368,扩,U+6269
2369,摆,U+6446
2370,擞,U+64DE
2371,扰,U+6270
2372,攀,U+6500
2373,摅,U+6445
2374,拦,U+62E6
2375,撄,U+6484
2376,攘,U+6518
2377,携,U+643A
2378,摄,U+6444
2379,拢,U+62E2
2380,攒,U+6512
2381,挛,U+631B
2382,摊,U+644A
2383,搅,U+6405
2384,攫,U+652B
2385,揽,U+63FD
2387,拃,U+62C3
2388,支,U+652F
2390,塃,U+5843
2391,攴,U+6534
2392,收,U+6536
2394,攸,U+6538
2395,改,U+6539
2396,攻,U+653B
2397,放,U+653E
2398,政,U+653F
2399,故,U+6545
2400,效,U+6548
2401,敉,U+6549
2403,教,U+6559
2404,敏,U+654F
2405,救,U+6551
2406,敕,U+6555
2407,敖,U+6556
2408,败,U+8D25
2411,敝,U+655D
2412,敞,U+655E
2413,敢,U+6562
2414,散,U+6563
2415,敦,U+6566
2416,夐,U+5910
2417,敬,U+656C
2418,敲,U+6572
2419,整,U+6574
2420,敌,U+654C
2421,敷,U+6577
2422,数,U+6570
2425,敛,U+655B
2426,毙,U+6BD9
2427,敩,U+6569
2429,文,U+6587
2430,斌,U+658C
2431,斐,U+6590
2432,斑,U+6591
2433,斓,U+6593
2434,蟥,U+87E5
2435,斗,U+6597
2436,料,U+6599
2437,斛,U+659B
2438,斜,U+659C
2439,斝,U+659D
2440,斟,U+659F
2441,斡,U+65A1
2442,斢,U+65A2
2443,斤,U+65A4
2444,斥,U+65A5
2445,斧,U+65A7
2446,斨,U+65A8
2447,斩,U+65A9
2448,斯,U+65AF
2450,新,U+65B0
2451,断,U+65AD
2455,方,U+65B9
2456,於,U+65BC
2457,施,U+65BD
2459,旎,U+65CE
2460,旁,U+65C1
2461,旂,U+65C2
2462,旃,U+65C3
2463,旄,U+65C4
2464,旅,U+65C5
2465,旆,U+65C6
2467,旋,U+65CB
2468,旌,U+65CC
2469,族,U+65CF
2470,旖,U+65D6
2471,旒,U+65D2
2475,旗,U+65D7
2476,烩,U+70E9
2477,无,U+65E0
2478,既,U+65E2
2480,日,U+65E5
2481,旦,U+65E6
2482,旨,U+65E8
2483,早,U+65E9
2484,旬,U+65EC
2485,旭,U+65ED
2486,旰,U+65F0
2487,旱,U+65F1
2488,晒,U+6652
2489,旺,U+65FA
2490,昌,U+660C
2491,昂,U+6602
2492,昆,U+6606
2493,昃,U+6603
2494,明,U+660E
2495,昏,U+660F
2496,易,U+6613
2497,昔,U+6614
2498,晗,U+6657
2499,昉,U+6609
2500,昕,U+6615
2501,昝,U+661D
2502,星,U+661F
2503,映,U+6620
2504,春,U+6625
2505,昧,U+6627
2506,昨,U+6628
2507,昭,U+662D
2508,是,U+662F
2509,昱,U+6631
2510,昴,U+6634
2511,昵,U+6635
2512,昶,U+6636
2513,晁,U+6641
2514,时,U+65F6
2515,晃,U+6643
2516,晋,U+664B
2517,晌,U+664C
2518,晏,U+664F
2519,晚,U+665A
2520,晢,U+6662
2521,昼,U+663C
2522,晞,U+665E
2523,晡,U+6661
2524,晤,U+6664
2525,晨,U+6668
2526,晦,U+6666
2527,暎,U+668E
2528,普,U+666E
2529,景,U+666F
2530,晰,U+6670
2531,晳,U+6673
2532,晴,U+6674
2533,晶,U+6676
2534,晷,U+6677
2535,智,U+667A
2536,晬,U+666C
2537,暄,U+6684
2538,暇,U+6687
2539,暍,U+668D
2540,暑,U+6691
2541,暖,U+6696
2542,暗,U+6697
2543,旸,U+65F8
2544,暝,U+669D
2545,畅,U+7545
2546,晕,U+6655
2547,晖,U+6656
2548,暂,U+6682
2549,旻,U+65FB
2550,暮,U+66AE
2552,暴,U+66B4
2554,暹,U+66B9
2555,暨,U+66A8
2556,晓,U+6653
2557,暾,U+66BE
2560,昙,U+6619
2562,曙,U+66D9
2564,曛,U+66DB
2565,曜,U+66DC
2566,曝,U+66DD
2568,旷,U+65F7
2569,曦,U+66E6
2570,昽,U+663D
2571,曩,U+66E9
2573,昇,U+6607
2574,曰,U+66F0
2575,曲,U+66F2
2576,曳,U+66F3
2577,更,U+66F4
2578,曷,U+66F7
2579,书,U+4E66
2580,曹,U+66F9
2581,曼,U+66FC
2582,曾,U+66FE
2583,替,U+66FF
2584,最,U+6700
2585,会,U+4F1A
2588,月,U+6708
2589,有,U+6709
2590,朋,U+670B
2591,服,U+670D
2592,朔,U+6714
2593,朐,U+6710
2594,朓,U+6713
2596,朕,U+6715
2597,朗,U+6717
2598,望,U+671B
2600,朝,U+671D
2601,期,U+671F
2603,朦,U+6726
2604,胧,U+80E7
2605,耠,U+8020
2606,木,U+6728
2607,未,U+672A
2608,末,U+672B
2609,本,U+672C
2610,札,U+672D
2611,术,U+672F
2612,朱,U+6731
2613,朴,U+6734
2614,朵,U+6735
2615,朽,U+673D
2616,杆,U+6746
2617,杈,U+6748
2618,杷,U+6777
2619,杉,U+6749
2620,杌,U+674C
2621,李,U+674E
2622,杏,U+674F
2623,机,U+673A
2624,材,U+6750
2625,村,U+6751
2626,杓,U+6753
2627,杖,U+6756
2628,柈,U+67C8
2629,杜,U+675C
2630,杞,U+675E
2631,束,U+675F
2632,梠,U+68A0
2633,栓,U+6813
2634,杪,U+676A
2635,杭,U+676D
2636,柿,U+67FF
2637,杯,U+676F
2638,杰,U+6770
2639,东,U+4E1C
2640,杲,U+6772
2641,杳,U+6773
2642,朿,U+673F
2643,杵,U+6775
2644,棵,U+68F5
2645,杼,U+677C
2646,松,U+677E
2647,板,U+677F
2648,枉,U+6789
2649,析,U+6790
2650,枕,U+6795
2651,林,U+6797
2652,枙,U+6799
2653,枚,U+679A
2654,果,U+679C
2655,枝,U+679D
2657,枇,U+6787
2658,枋,U+678B
2660,枘,U+6798
2661,枯,U+67AF
2663,枳,U+67B3
2664,枵,U+67B5
2665,架,U+67B6
2666,枷,U+67B7
2667,枸,U+67B8
2670,柁,U+67C1
2671,柄,U+67C4
2672,柏,U+67CF
2673,某,U+67D0
2674,柑,U+67D1
2675,柒,U+67D2
2676,染,U+67D3
2677,柔,U+67D4
2678,柘,U+67D8
2679,柙,U+67D9
2680,柚,U+67DA
2681,柜,U+67DC
2682,柝,U+67DD
2683,柞,U+67DE
2685,柢,U+67E2
2686,查,U+67E5
2687,柬,U+67EC
2688,柯,U+67EF
2689,柮,U+67EE
2690,柰,U+67F0
2691,柱,U+67F1
2692,柳,U+67F3
2693,柴,U+67F4
2694,栅,U+6805
2695,枰,U+67B0
2697,樋,U+6A0B
2698,栗,U+6817
2699,校,U+6821
2700,栩,U+6829
2701,株,U+682A
2702,核,U+6838
2704,根,U+6839
2705,槾,U+69FE
2706,格,U+683C
2707,栽,U+683D
2708,桀,U+6840
2709,桁,U+6841
2710,桂,U+6842
2711,桃,U+6843
2712,桅,U+6845
2713,框,U+6846
2714,案,U+6848
2715,桌,U+684C
2716,桎,U+684E
2717,桐,U+6850
2718,桑,U+6851
2719,桓,U+6853
2720,桔,U+6854
2721,桕,U+6855
2722,栖,U+6816
2723,栲,U+6832
2724,栳,U+6833
2725,桄,U+6844
2726,桫,U+686B
2727,桴,U+6874
2729,桶,U+6876
2730,桷,U+6877
2732,梃,U+6883
2733,梁,U+6881
2734,梅,U+6885
2735,梆,U+6886
2736,梏,U+688F
2737,梓,U+6893
2738,栀,U+6800
2739,梗,U+6897
2742,条,U+6761
2743,枭,U+67AD
2744,梢,U+68A2
2745,梧,U+68A7
2746,梨,U+68A8
2747,梭,U+68AD
2748,梯,U+68AF
2749,梱,U+68B1
2750,械,U+68B0
2751,棁,U+68C1
2752,梳,U+68B3
2753,梵,U+68B5
2756,桯,U+686F
2757,弃,U+5F03
2758,棉,U+68C9
2759,棋,U+68CB
2760,棍,U+68CD
2761,棒,U+68D2
2762,棕,U+68D5
2763,枨,U+67A8
2764,枣,U+67A3
2765,棘,U+68D8
2766,棚,U+68DA
2767,栋,U+680B
2768,棠,U+68E0
2769,棣,U+68E3
2770,栈,U+6808
2771,棫,U+68EB
2772,棬,U+68EC
2773,森,U+68EE
2774,棰,U+68F0
2775,楦,U+6966
2777,棹,U+68F9
2778,棺,U+68FA
2779,椁,U+6901
2780,棻,U+68FB
2781,棼,U+68FC
2783,椅,U+6905
2784,植,U+690D
2785,椎,U+690E
2786,椒,U+6912
2787,棐,U+68D0
2788,棓,U+68D3
2789,棱,U+68F1
2790,棨,U+68E8
2791,椐,U+6910
2792,椓,U+6913
2794,椰,U+6930
2795,椹,U+6939
2796,椽,U+693D
2797,椿,U+693F
2799,杨,U+6768
2800,枫,U+67AB
2801,楔,U+6954
2802,栉,U+6809
2806,楚,U+695A
2807,楞,U+695E
2808,楝,U+695D
2809,楠,U+6960
2810,榆,U+6986
2811,楢,U+6962
2812,楣,U+6963
2813,楫,U+696B
2814,业,U+4E1A
2815,楯,U+696F
2816,楮,U+696E
2817,极,U+6781
2818,楷,U+6977
2819,楹,U+6979
2822,槠,U+69E0
2823,桢,U+6862
2824,楩,U+6969
2825,楸,U+6978
2826,榔,U+6994
2827,榕,U+6995
2828,榖,U+6996
2829,榘,U+6998
2830,榛,U+699B
2831,榜,U+699C
2833,榧,U+69A7
2834,榨,U+69A8
2835,榫,U+69AB
2836,榭,U+69AD
2837,荣,U+8363
2838,榱,U+69B1
2839,榴,U+69B4
2840,榻,U+69BB
2841,榾,U+69BE
2842,槁,U+69C1
2843,槅,U+69C5
2844,槊,U+69CA
2845,构,U+6784
2846,槌,U+69CC
2847,枪,U+67AA
2848,槎,U+69CE
2849,槐,U+69D0
2854,榷,U+69B7
2855,榼,U+69BC
2856,樑,U+6A11
2858,椠,U+6920
2861,概,U+6982
2862,桨,U+6868
2863,槔,U+69D4
2864,槽,U+69FD
2865,槿,U+69FF
2866,桩,U+6869
2867,乐,U+4E50
2868,樊,U+6A0A
2869,楼,U+697C
2870,橦,U+6A66
2871,标,U+6807
2873,枢,U+67A2
2874,樟,U+6A1F
2875,模,U+6A21
2876,样,U+6837
2877,槥,U+69E5
2878,枞,U+679E
2880,樗,U+6A17
2882,檩,U+6AA9
2884,樵,U+6A35
2885,树,U+6811
2886,樽,U+6A3D
2887,樾,U+6A3E
2888,橄,U+6A44
2889,桡,U+6861
2890,桥,U+6865
2891,橐,U+6A50
2892,橙,U+6A59
2893,橛,U+6A5B
2895,橡,U+6A61
2897,横,U+6A2A
2898,樨,U+6A28
2899,柠,U+67E0
2900,椭,U+692D
2901,桦,U+6866
2903,檖,U+6A96
2904,橘,U+6A58
2905,檀,U+6A80
2906,柽,U+67FD
2907,檄,U+6A84
2908,檐,U+6A90
2909,档,U+6863
2910,桧,U+6867
2911,槚,U+69DA
2913,檠,U+6AA0
2914,检,U+68C0
2915,樯,U+6A2F
2916,檬,U+6AAC
2917,梼,U+68BC
2919,槟,U+69DF
2920,槛,U+69DB
2924,橹,U+6A79
2925,榈,U+6988
2927,椟,U+691F
2928,橼,U+6A7C
2929,栎,U+680E
2931,枥,U+67A5
2932,榇,U+6987
2933,棂,U+68C2
2934,栊,U+680A
2936,栏,U+680F
2937,樱,U+6A31
2938,权,U+6743
2940,栾,U+683E
2941,榄,U+6984
2943,柩,U+67E9
2944,欠,U+6B20
2945,次,U+6B21
2946,欣,U+6B23
2948,欲,U+6B32
2949,款,U+6B3E
2950,欷,U+6B37
2951,欹,U+6B39
2952,欺,U+6B3A
2953,钦,U+94A6
2955,歃,U+6B43
2956,歆,U+6B46
2957,歇,U+6B47
2959,歉,U+6B49
2960,歌,U+6B4C
2962,欧,U+6B27
2963,歔,U+6B54
2965,歙,U+6B59
2968,欤,U+6B24
2970,欢,U+6B22
2972,止,U+6B62
2973,正,U+6B63
2974,此,U+6B64
2975,步,U+6B65
2976,武,U+6B66
2977,歪,U+6B6A
2978,歧,U+6B67
2979,岁,U+5C81
2980,历,U+5386
2981,归,U+5F52
2982,钬,U+94AC
2983,歹,U+6B79
2984,死,U+6B7B
2985,殁,U+6B81
2987,殂,U+6B82
2988,殃,U+6B83
2989,殄,U+6B84
2990,殆,U+6B86
2991,殉,U+6B89
2992,殊,U+6B8A
2993,殍,U+6B8D
2994,殖,U+6B96
2995,残,U+6B8B
2996,殕,U+6B95
2997,殛,U+6B9B
2998,殒,U+6B92
2999,殇,U+6B87
3000,殚,U+6B9A
3002,殪,U+6BAA
3003,殓,U+6B93
3004,殡,U+6BA1
3005,歼,U+6B7C
3006,镓,U+9553
3007,殳,U+6BB3
3008,段,U+6BB5
3009,殷,U+6BB7
3010,杀,U+6740
3013,殿,U+6BBF
3014,毁,U+6BC1
3015,毅,U+6BC5
3016,殴,U+6BB4
3017,椵,U+6935
3018,母,U+6BCD
3019,毋,U+6BCB
3020,每,U+6BCF
3021,毒,U+6BD2
3022,毓,U+6BD3
3024,比,U+6BD4
3025,毖,U+6BD6
3026,毗,U+6BD7
3028,鲣,U+9CA3
3029,毛,U+6BDB
3030,毡,U+6BE1
3032,毫,U+6BEB
3034,毯,U+6BEF
3035,毳,U+6BF3
3036,牦,U+7266
3037,氅,U+6C05
3039,毹,U+6BF9
3042,氍,U+6C0D
3044,氏,U+6C0F
3045,氐,U+6C10
3046,民,U+6C11
3047,氓,U+6C13
3048,氯,U+6C2F
3049,气,U+6C14
3050,氛,U+6C1B
3052,氤,U+6C24
3053,氲,U+6C32
3054,浠,U+6D60
3055,水,U+6C34
3057,永,U+6C38
3058,氾,U+6C3E
3059,汁,U+6C41
3060,汀,U+6C40
3061,求,U+6C42
3063,汗,U+6C57
3064,污,U+6C61
3065,汛,U+6C5B
3066,汜,U+6C5C
3067,汝,U+6C5D
3068,江,U+6C5F
3069,池,U+6C60
3070,汊,U+6C4A
3071,汐,U+6C50
3072,汔,U+6C54
3073,汕,U+6C55
3074,汞,U+6C5E
3075,汨,U+6C68
3076,汪,U+6C6A
3077,汰,U+6C70
3078,汲,U+6C72
3079,汴,U+6C74
3080,汶,U+6C76
3081,汹,U+6C79
3083,汾,U+6C7E
3084,沁,U+6C81
3085,沂,U+6C82
3086,汽,U+6C7D
3087,沃,U+6C83
3088,沈,U+6C88
3089,沉,U+6C89
3090,沌,U+6C8C
3092,沐,U+6C90
3093,没,U+6CA1
3094,沔,U+6C94
3095,沖,U+6C96
3097,沙,U+6C99
3098,沚,U+6C9A
3099,沛,U+6C9B
3100,沆,U+6C86
3101,沓,U+6C93
3102,汩,U+6C69
3103,汭,U+6C6D
3104,沅,U+6C85
3106,沫,U+6CAB
3107,沮,U+6CAE
3108,沱,U+6CB1
3109,河,U+6CB3
3110,沸,U+6CB8
3111,油,U+6CB9
3112,治,U+6CBB
3113,沼,U+6CBC
3114,沽,U+6CBD
3115,沾,U+6CBE
3116,沿,U+6CBF
3117,洺,U+6D3A
3118,泄,U+6CC4
3119,泵,U+6CF5
3120,泅,U+6CC5
3121,泔,U+6CD4
3122,泆,U+6CC6
3123,泉,U+6CC9
3124,泊,U+6CCA
3125,泌,U+6CCC
3126,泓,U+6CD3
3127,法,U+6CD5
3128,泗,U+6CD7
3129,洩,U+6D29
3131,泛,U+6CDB
3132,泠,U+6CE0
3133,泡,U+6CE1
3134,波,U+6CE2
3135,泣,U+6CE3
3136,泥,U+6CE5
3137,注,U+6CE8
3138,泫,U+6CEB
3139,泯,U+6CEF
3140,泮,U+6CEE
3141,泰,U+6CF0
3142,泱,U+6CF1
3144,泳,U+6CF3
3145,沭,U+6CAD
3147,泐,U+6CD0
3148,泖,U+6CD6
3150,洄,U+6D04
3151,浐,U+6D50
3152,洋,U+6D0B
3153,浕,U+6D55
3154,洎,U+6D0E
3155,洒,U+6D12
3156,洗,U+6D17
3157,洛,U+6D1B
3158,浉,U+6D49
3159,洞,U+6D1E
3160,津,U+6D25
3161,洧,U+6D27
3162,汧,U+6C67
3163,洪,U+6D2A
3164,洫,U+6D2B
3165,洮,U+6D2E
3166,洲,U+6D32
3167,洱,U+6D31
3168,洳,U+6D33
3169,洵,U+6D35
3170,浈,U+6D48
3171,洸,U+6D38
3172,活,U+6D3B
3173,洼,U+6D3C
3174,洽,U+6D3D
3175,派,U+6D3E
3176,洨,U+6D28
3177,流,U+6D41
3178,洙,U+6D19
3179,洚,U+6D1A
3180,洹,U+6D39
3181,浙,U+6D59
3182,浚,U+6D5A
3183,浣,U+6D63
3184,浦,U+6D66
3185,浩,U+6D69
3186,浪,U+6D6A
3187,浮,U+6D6E
3188,浴,U+6D74
3189,海,U+6D77
3190,浸,U+6D78
3191,浃,U+6D43
3192,浬,U+6D6C
3193,泾,U+6CFE
3194,消,U+6D88
3195,涉,U+6D89
3196,淳,U+6DF3
3197,涓,U+6D93
3198,涔,U+6D94
3199,涕,U+6D95
3200,涞,U+6D9E
3201,涢,U+6DA2
3202,浡,U+6D61
3203,浜,U+6D5C
3204,浥,U+6D65
3205,涂,U+6D82
3206,涅,U+6D85
3207,湟,U+6E5F
3208,涑,U+6D91
3209,涯,U+6DAF
3210,液,U+6DB2
3211,涵,U+6DB5
3212,涸,U+6DB8
3214,涿,U+6DBF
3215,淅,U+6DC5
3216,淆,U+6DC6
3217,淇,U+6DC7
3218,淋,U+6DCB
3219,淑,U+6DD1
3220,渊,U+6E0A
3221,淘,U+6DD8
3222,淙,U+6DD9
3223,泪,U+6CEA
3224,淝,U+6DDD
3225,淡,U+6DE1
3226,淤,U+6DE4
3227,淦,U+6DE6
3228,浄,U+6D44
3229,沦,U+6CA6
3230,淫,U+6DEB
3231,淬,U+6DEC
3232,淮,U+6DEE
3233,浛,U+6D5B
3234,深,U+6DF1
3235,菏,U+83CF
3236,混,U+6DF7
3237,清,U+6E05
3238,淹,U+6DF9
3239,浅,U+6D45
3240,添,U+6DFB
3241,涎,U+6D8E
3242,涪,U+6DAA
3243,涴,U+6DB4
3244,淀,U+6DC0
3245,淄,U+6DC4
3246,涠,U+6DA0
3247,淞,U+6DDE
3248,浯,U+6D6F
3249,涭,U+6DAD
3250,滧,U+6EE7
3251,涣,U+6DA3
3252,渚,U+6E1A
3253,減,U+6E1B
3254,渝,U+6E1D
3255,渠,U+6E20
3256,渡,U+6E21
3257,渣,U+6E23
3258,渤,U+6E24
3259,渥,U+6E25
3260,涡,U+6DA1
3261,测,U+6D4B
3262,渭,U+6E2D
3263,港,U+6E2F
3265,渴,U+6E34
3266,游,U+6E38
3267,渺,U+6E3A
3268,浑,U+6D51
3269,湃,U+6E43
3270,湄,U+6E44
3273,湍,U+6E4D
3274,湎,U+6E4E
3275,湖,U+6E56
3276,湘,U+6E58
3277,湛,U+6E5B
3279,湧,U+6E67
3280,湫,U+6E6B
3281,湮,U+6E6E
3282,汤,U+6C64
3283,湲,U+6E72
3285,濉,U+6FC9
3288,湓,U+6E53
3289,湔,U+6E54
3290,湜,U+6E5C
3293,源,U+6E90
3294,準,U+6E96
3295,溵,U+6EB5
3296,溜,U+6E9C
3297,沟,U+6C9F
3298,溟,U+6E9F
3299,溠,U+6EA0
3300,溢,U+6EA2
3302,溥,U+6EA5
3303,溧,U+6EA7
3305,溪,U+6EAA
3306,温,U+6E29
3307,溯,U+6EAF
3308,溱,U+6EB1
3309,溲,U+6EB2
3310,溶,U+6EB6
3311,溷,U+6EB7
3312,溺,U+6EBA
3314,溽,U+6EBD
3315,滁,U+6EC1
3316,滂,U+6EC2
3317,滃,U+6EC3
3318,沧,U+6CA7
3319,灭,U+706D
3320,滋,U+6ECB
3321,涤,U+6DA4
3322,荥,U+8365
3323,滑,U+6ED1
3324,滓,U+6ED3
3325,滔,U+6ED4
3326,滕,U+6ED5
3328,溘,U+6E98
3329,滇,U+6EC7
3330,滘,U+6ED8
3333,滞,U+6EDE
3334,渗,U+6E17
3336,滴,U+6EF4
3337,沪,U+6CAA
3338,浒,U+6D52
3339,洑,U+6D11
3340,滚,U+6EDA
3341,满,U+6EE1
3342,渔,U+6E14
3343,漂,U+6F02
3344,漆,U+6F06
3345,漏,U+6F0F
3346,溉,U+6E89
3347,漓,U+6F13
3348,演,U+6F14
3351,漠,U+6F20
3352,汉,U+6C49
3353,涟,U+6D9F
3354,漪,U+6F2A
3355,漫,U+6F2B
3356,渍,U+6E0D
3358,淌,U+6DCC
3359,漱,U+6F31
3360,涨,U+6DA8
3361,漳,U+6F33
3362,渐,U+6E10
3363,漾,U+6F3E
3364,浆,U+6D46
3367,滹,U+6EF9
3369,漉,U+6F09
3370,溎,U+6E8E
3371,沤,U+6CA4
3372,漦,U+6F26
3373,漩,U+6F29
3374,漯,U+6F2F
3375,溆,U+6E86
3376,漶,U+6F36
3377,溇,U+6E87
3378,漕,U+6F15
3379,颍,U+988D
3380,泼,U+6CFC
3381,洁,U+6D01
3382,潘,U+6F58
3383,潜,U+6F5C
3384,潟,U+6F5F
3385,潢,U+6F62
3386,涧,U+6DA7
3387,润,U+6DA6
3388,潦,U+6F66
3389,潭,U+6F6D
3390,潮,U+6F6E
3391,溃,U+6E83
3392,潼,U+6F7C
3393,潴,U+6F74
3394,潸,U+6F78
3395,潺,U+6F7A
3396,涩,U+6DA9
3397,澄,U+6F84
3398,浇,U+6D47
3399,涝,U+6D9D
3400,澈,U+6F88
3401,澔,U+6F94
3402,澌,U+6F8C
3403,澎,U+6F8E
3404,潖,U+6F56
3405,澛,U+6F9B
3406,潞,U+6F5E
3410,浔,U+6D54
3411,潵,U+6F75
3412,澍,U+6F8D
3413,澂,U+6F82
3415,沩,U+6CA9
3416,澡,U+6FA1
3419,泽,U+6CFD
3420,浍,U+6D4D
3421,澳,U+6FB3
3422,澹,U+6FB9
3423,激,U+6FC0
3424,浊,U+6D4A
3425,濂,U+6FC2
3426,浓,U+6D53
3427,渑,U+6E11
3429,滪,U+6EEA
3430,澧,U+6FA7
3433,澴,U+6FB4
3436,澶,U+6FB6
3437,澼,U+6FBC
3438,泞,U+6CDE
3440,湿,U+6E7F
3444,济,U+6D4E
3445,濠,U+6FE0
3446,濡,U+6FE1
3447,涛,U+6D9B
3448,滥,U+6EE5
3449,濬,U+6FEC
3450,濮,U+6FEE
3451,濯,U+6FEF
3452,潍,U+6F4D
3453,滨,U+6EE8
3454,泻,U+6CFB
3456,濞,U+6FDE
3457,溅,U+6E85
3458,泺,U+6CFA
3459,滤,U+6EE4
3460,渎,U+6E0E
3461,浏,U+6D4F
3462,瀑,U+7011
3464,濒,U+6FD2
3466,瀚,U+701A
3467,瀛,U+701B
3468,沥,U+6CA5
3469,潇,U+6F47
3471,濑,U+6FD1
3472,泸,U+6CF8
3474,瀣,U+7023
3475,瀼,U+703C
3477,瀍,U+700D
3478,泷,U+6CF7
3481,潋,U+6F4B
3482,澜,U+6F9C
3484,溁,U+6E81
3485,瀹,U+7039
3487,灌,U+704C
3488,沣,U+6CA3
3490,滠,U+6EE0
3492,滩,U+6EE9
3493,灏,U+704F
3494,湾,U+6E7E
3495,滟,U+6EDF
3496,灞,U+705E
3497,滦,U+6EE6
3498,炸,U+70B8
3499,火,U+706B
3500,灰,U+7070
3501,灶,U+7076
3502,灸,U+7078
3503,灿,U+707F
3504,灼,U+707C
3506,灾,U+707E
3507,炊,U+708A
3508,炎,U+708E
3509,炒,U+7092
3510,炕,U+7095
3511,炙,U+7099
3512,炘,U+7098
3513,炞,U+709E
3514,炫,U+70AB
3515,炬,U+70AC
3516,炭,U+70AD
3517,炮,U+70AE
3518,炯,U+70AF
3520,炱,U+70B1
3521,炳,U+70B3
3522,炷,U+70B7
3524,畑,U+7551
3525,烈,U+70C8
3527,乌,U+4E4C
3529,烙,U+70D9
3530,烘,U+70D8
3531,烜,U+70DC
3532,烝,U+70DD
3533,烟,U+70DF
3534,烹,U+70F9
3535,烺,U+70FA
3536,烽,U+70FD
3537,焌,U+710C
3538,焙,U+7119
3539,焚,U+711A
3540,焜,U+711C
3542,焦,U+7126
3543,焰,U+7130
3544,然,U+7136
3546,焠,U+7120
3547,焉,U+7109
3548,煅,U+7145
3549,焊,U+710A
3550,炼,U+70BC
3551,煊,U+714A
3552,煌,U+714C
3553,煎,U+714E
3554,煮,U+716E
3555,炜,U+709C
3556,熙,U+7199
3558,煜,U+715C
3559,煞,U+715E
3560,茕,U+8315
3561,煤,U+7164
3562,焕,U+7115
3563,煦,U+7166
3564,照,U+7167
3565,烦,U+70E6
3566,煨,U+7168
3568,炀,U+7080
3569,煽,U+717D
3571,熄,U+7184
3574,熊,U+718A
3575,熏,U+718F
3576,荧,U+8367
3578,熟,U+719F
3579,熔,U+7194
3580,熨,U+71A8
3581,熬,U+71AC
3583,热,U+70ED
3584,熠,U+71A0
3585,颎,U+988E
3588,熹,U+71B9
3589,炽,U+70BD
3594,烫,U+70EB
3595,燃,U+71C3
3597,灯,U+706F
3598,燎,U+71CE
3599,烧,U+70E7
3600,燔,U+71D4
3601,燕,U+71D5
3602,营,U+8425
3603,燠,U+71E0
3604,燥,U+71E5
3606,燧,U+71E7
3608,烛,U+70DB
3610,燮,U+71EE
3611,燹,U+71F9
3612,烬,U+70EC
3613,燿,U+71FF
3614,焘,U+7118
3615,爆,U+7206
3617,烁,U+70C1
3619,炉,U+7089
3620,烂,U+70C2
3622,爝,U+721D
3623,爟,U+721F
3624,焮,U+712E
3625,炖,U+7096
3626,焖,U+7116
3627,爨,U+7228
3628,烤,U+70E4
3629,爪,U+722A
3630,争,U+4E89
3632,爬,U+722C
3633,爰,U+7230
3634,为,U+4E3A
3635,爵,U+7235
3636,睑,U+7751
3637,父,U+7236
3638,爹,U+7239
3639,爷,U+7237
3640,爸,U+7238
3641,爻,U+723B
3642,爽,U+723D
3644,趼,U+8DBC
3645,爿,U+723F
3647,牂,U+7242
3648,牁,U+7241
3650,藠,U+85E0
3651,片,U+7247
3652,版,U+7248
3654,牌,U+724C
3655,牒,U+7252
3657,牖,U+7256
3658,牍,U+724D
3660,牙,U+7259
3661,肼,U+80BC
3662,牛,U+725B
3663,牝,U+725D
3664,牟,U+725F
3665,牡,U+7261
3666,牢,U+7262
3667,牣,U+7263
3668,牧,U+7267
3670,物,U+7269
3672,牯,U+726F
3673,牲,U+7272
3674,犋,U+728B
3675,牷,U+7277
3676,特,U+7279
3677,牵,U+7275
3679,犀,U+7280
3680,犁,U+7281
3682,犍,U+728D
3683,犒,U+7292
3684,荦,U+8366
3685,犊,U+728A
3686,牺,U+727A
3689,犬,U+72AC
3690,犯,U+72AF
3691,犴,U+72B4
3692,状,U+72B6
3693,狂,U+72C2
3694,狃,U+72C3
3695,狄,U+72C4
3696,狁,U+72C1
3697,狎,U+72CE
3698,狐,U+72D0
3699,狗,U+72D7
3700,狙,U+72D9
3701,狡,U+72E1
3703,狠,U+72E0
3704,狩,U+72E9
3705,狴,U+72F4
3706,狸,U+72F8
3707,狭,U+72ED
3708,狼,U+72FC
3709,狈,U+72C8
3710,狻,U+72FB
3711,狺,U+72FA
3712,狷,U+72F7
3713,狢,U+72E2
3714,猁,U+7301
3715,猖,U+7316
3716,猗,U+7317
3717,狰,U+72F0
3718,猛,U+731B
3719,猜,U+731C
3720,猝,U+731D
3721,猞,U+731E
3722,猊,U+730A
3724,猢,U+7322
3725,猥,U+7325
3726,猩,U+7329
3727,猪,U+732A
3728,猫,U+732B
3729,猴,U+7334
3730,犹,U+72B9
3731,猷,U+7337
3732,猔,U+7314
3733,猱,U+7331
3734,猺,U+733A
3735,狲,U+72F2
3736,猾,U+733E
3737,猿,U+733F
3739,狱,U+72F1
3740,狮,U+72EE
3741,獍,U+734D
3742,獐,U+7350
3743,獒,U+7352
3744,獗,U+7357
3747,独,U+72EC
3748,狯,U+72EF
3749,獬,U+736C
3750,獠,U+7360
3751,狝,U+72DD
3752,获,U+83B7
3753,獯,U+736F
3755,犷,U+72B7
3756,猎,U+730E
3757,兽,U+517D
3758,獭,U+736D
3759,献,U+732E
3761,狞,U+72DE
3762,猡,U+7321
3763,玄,U+7384
3764,率,U+7387
3767,锔,U+9514
3768,玉,U+7389
3769,王,U+738B
3771,玕,U+7395
3772,玔,U+7394
3773,玖,U+7396
3774,玟,U+739F
3775,玠,U+73A0
3776,玢,U+73A2
3777,玦,U+73A6
3778,珏,U+73CF
3779,玩,U+73A9
3780,玫,U+73AB
3781,玲,U+73B2
3782,玳,U+73B3
3783,玷,U+73B7
3784,珂,U+73C2
3786,珈,U+73C8
3787,珉,U+73C9
3788,玻,U+73BB
3789,珀,U+73C0
3790,珊,U+73CA
3791,珍,U+73CD
3794,珞,U+73DE
3796,珠,U+73E0
3797,珙,U+73D9
3798,珖,U+73D6
3799,珥,U+73E5
3800,珣,U+73E3
3801,珩,U+73E9
3802,珪,U+73EA
3803,班,U+73ED
3804,珧,U+73E7
3805,珮,U+73EE
3806,珽,U+73FD
3807,现,U+73B0
3808,球,U+7403
3809,琅,U+7405
3810,理,U+7406
3811,琇,U+7407
3812,琉,U+7409
3813,珶,U+73F6
3815,琊,U+740A
3816,琕,U+7415
3818,琚,U+741A
3819,琛,U+741B
3820,琢,U+7422
3821,琤,U+7424
3822,琥,U+7425
3823,琦,U+7426
3824,琨,U+7428
3825,琪,U+742A
3827,琮,U+742E
3828,琯,U+742F
3829,琳,U+7433
3830,琴,U+7434
3831,琶,U+7436
3832,琵,U+7435
3834,琬,U+742C
3836,琲,U+7432
3837,玮,U+73AE
3838,瑕,U+7455
3839,瑙,U+7459
3840,瑚,U+745A
3841,瑛,U+745B
3842,瑜,U+745C
3843,瑞,U+745E
3844,瑟,U+745F
3847,瑁,U+7441
3850,瑗,U+7457
3851,琐,U+7410
3852,瑶,U+7476
3853,莹,U+83B9
3854,玛,U+739B
3855,瑰,U+7470
3856,玱,U+73B1
3859,瑱,U+7471
3862,璀,U+7480
3863,璃,U+7483
3864,璋,U+748B
3866,瑾,U+747E
3868,璆,U+7486
3871,琎,U+740E
3872,璇,U+7487
3873,璐,U+7490
3874,璜,U+749C
3875,玑,U+7391
3876,璘,U+7498
3877,璞,U+749E
3878,璟,U+749F
3879,璠,U+74A0
3880,璧,U+74A7
3881,璨,U+74A8
3883,环,U+73AF
3885,珰,U+73F0
3886,玺,U+73BA
3887,璲,U+74B2
3888,瑸,U+7478
3889,玙,U+7399
3891,珑,U+73D1
3892,璎,U+748E
3895,瓒,U+74D2
3900,瓜,U+74DC
3901,瓞,U+74DE
3902,瓠,U+74E0
3903,瓢,U+74E2
3904,瓣,U+74E3
3905,瓤,U+74E4
3907,瓦,U+74E6
3908,瓮,U+74EE
3909,瓴,U+74F4
3910,瓶,U+74F6
3911,瓷,U+74F7
3912,瓻,U+74FB
3913,甃,U+7503
3914,甄,U+7504
3916,瓿,U+74FF
3917,瓯,U+74EF
3918,甍,U+750D
3920,甑,U+7511
3921,甓,U+7513
3926,瓩,U+74E9
3927,甘,U+7518
3928,甚,U+751A
3929,甜,U+751C
3931,咔,U+5494
3932,生,U+751F
3933,甡,U+7521
3934,产,U+4EA7
3935,甥,U+7525
3936,甦,U+7526
3938,用,U+7528
3939,甪,U+752A
3940,甫,U+752B
3941,甬,U+752C
3942,甯,U+752F
3943,甩,U+7529
3944,田,U+7530
3945,由,U+7531
3946,甲,U+7532
3947,申,U+7533
3948,男,U+7537
3949,甸,U+7538
3951,甾,U+753E
3952,畀,U+7540
3953,畋,U+754B
3954,界,U+754C
3955,畎,U+754E
3956,畏,U+754F
3957,町,U+753A
3961,畔,U+7554
3962,畚,U+755A
3963,畛,U+755B
3964,畜,U+755C
3965,亩,U+4EA9
3966,留,U+7559
3968,毕,U+6BD5
3969,畤,U+7564
3970,略,U+7565
3971,畦,U+7566
3972,番,U+756A
3973,画,U+753B
3974,畬,U+756C
3975,畯,U+756F
3978,榃,U+6983
3979,畹,U+7579
3981,当,U+5F53
3982,畸,U+7578
3983,畿,U+757F
3984,疆,U+7586
3985,畴,U+7574
3987,锎,U+950E
3988,疋,U+758B
3990,疏,U+758F
3992,疑,U+7591
3993,钪,U+94AA
3994,疒,U+7592
3995,疔,U+7594
3996,痃,U+75C3
3997,痉,U+75C9
3998,疚,U+759A
3999,疝,U+759D
4000,痠,U+75E0
4001,疣,U+75A3
4002,疤,U+75A4
4003,疥,U+75A5
4004,疫,U+75AB
4005,痄,U+75C4
4006,疲,U+75B2
4007,疳,U+75B3
4008,疴,U+75B4
4009,疵,U+75B5
4010,疸,U+75B8
4011,疹,U+75B9
4012,疼,U+75BC
4013,疽,U+75BD
4014,疾,U+75BE
4016,病,U+75C5
4017,症,U+75C7
4018,痂,U+75C2
4019,痊,U+75CA
4020,疰,U+75B0
4021,痍,U+75CD
4022,痒,U+75D2
4023,痔,U+75D4
4024,痕,U+75D5
4025,痧,U+75E7
4026,痘,U+75D8
4027,痛,U+75DB
4028,痞,U+75DE
4029,痣,U+75E3
4031,痢,U+75E2
4032,痱,U+75F1
4033,痰,U+75F0
4034,痳,U+75F3
4035,痴,U+75F4
4036,痹,U+75F9
4037,痼,U+75FC
4039,痿,U+75FF
4040,瘀,U+7600
4041,瘁,U+7601
4045,疯,U+75AF
4046,疡,U+75A1
4048,瘝,U+761D
4049,瘐,U+7610
4050,痪,U+75EA
4051,瘕,U+7615
4053,瘗,U+7617
4054,瘟,U+761F
4055,瘠,U+7620
4056,疮,U+75AE
4057,瘢,U+7622
4058,瘤,U+7624
4059,瘥,U+7625
4060,瘦,U+7626
4061,疟,U+759F
4063,瘸,U+7638
4064,瘰,U+7630
4065,瘳,U+7633
4066,瘴,U+7634
4067,瘵,U+7635
4068,瘘,U+7618
4069,瘼,U+763C
4070,疗,U+7597
4071,癃,U+7643
4072,痨,U+75E8
4073,痫,U+75EB
4074,癌,U+764C
4075,癖,U+7656
4078,疠,U+75A0
4079,瘩,U+7629
4080,癜,U+765C
4081,疖,U+7596
4085,瘪,U+762A
4086,瘿,U+763F
4087,疬,U+75AC
4088,癞,U+765E
4089,癣,U+7663
4090,瘾,U+763E
4091,癯,U+766F
4092,痈,U+75C8
4093,瘫,U+762B
4094,癫,U+766B
4095,疙,U+7599
4096,癶,U+7676
4097,癸,U+7678
4098,登,U+767B
4099,发,U+53D1
4100,钶,U+94B6
4101,白,U+767D
4102,百,U+767E
4103,皂,U+7682
4104,的,U+7684
4105,皆,U+7686
4106,皇,U+7687
4107,皈,U+7688
4108,皋,U+768B
4109,皎,U+768E
4110,皓,U+7693
4111,皖,U+7696
4114,皑,U+7691
4115,皤,U+76A4
4116,皞,U+769E
4121,氪,U+6C2A
4122,皮,U+76AE
4123,皴,U+76B4
4125,皲,U+76B2
4126,皱,U+76B1
4128,醌,U+918C
4129,皿,U+76BF
4130,盂,U+76C2
4132,盅,U+76C5
4133,盆,U+76C6
4134,盈,U+76C8
4135,益,U+76CA
4137,盍,U+76CD
4138,盎,U+76CE
4139,盒,U+76D2
4140,盔,U+76D4
4141,盛,U+76DB
4142,盗,U+76D7
4143,盝,U+76DD
4144,盏,U+76CF
4145,盟,U+76DF
4147,尽,U+5C3D
4148,监,U+76D1
4149,盘,U+76D8
4150,盥,U+76E5
4151,卢,U+5362
4152,盦,U+76E6
4155,盪,U+76EA
4156,盬,U+76EC
4157,蛞,U+86DE
4158,目,U+76EE
4159,盲,U+76F2
4160,直,U+76F4
4161,相,U+76F8
4162,盼,U+76FC
4163,盾,U+76FE
4164,省,U+7701
4165,眄,U+7704
4166,眇,U+7707
4167,眈,U+7708
4168,眉,U+7709
4169,盯,U+76EF
4170,看,U+770B
4171,盻,U+76FB
4172,眨,U+7728
4173,盱,U+76F1
4174,睬,U+776C
4175,眛,U+771B
4176,真,U+771F
4177,眠,U+7720
4178,瞄,U+7784
4180,眦,U+7726
4181,眩,U+7729
4182,眙,U+7719
4183,眯,U+772F
4184,眵,U+7735
4186,眶,U+7736
4187,眷,U+7737
4188,眸,U+7738
4189,眺,U+773A
4190,眼,U+773C
4192,着,U+7740
4194,睨,U+7768
4195,睇,U+7747
4197,瞅,U+7785
4199,睚,U+775A
4200,睛,U+775B
4201,睁,U+7741
4202,睐,U+7750
4203,睾,U+777E
4204,睡,U+7761
4205,睢,U+7762
4206,督,U+7763
4207,睦,U+7766
4208,睫,U+776B
4209,瞌,U+778C
4211,睥,U+7765
4212,睹,U+7779
4213,睿,U+777F
4214,瞀,U+7780
4217,瞋,U+778B
4219,瞎,U+778E
4220,瞑,U+7791
4221,瞒,U+7792
4222,瞠,U+77A0
4223,瞪,U+77AA
4224,瞥,U+77A5
4225,瞧,U+77A7
4226,瞬,U+77AC
4227,瞳,U+77B3
4229,瞭,U+77AD
4230,瞰,U+77B0
4231,瞆,U+7786
4232,瞻,U+77BB
4233,瞽,U+77BD
4234,瞿,U+77BF
4236,矍,U+77CD
4237,眬,U+772C
4238,矗,U+77D7
4241,瞩,U+77A9
4242,眭,U+772D
4243,矛,U+77DB
4244,矜,U+77DC
4245,矞,U+77DE
4246,砬,U+782C
4247,矢,U+77E2
4248,矣,U+77E3
4249,知,U+77E5
4250,矧,U+77E7
4251,矩,U+77E9
4252,短,U+77ED
4253,矮,U+77EE
4255,矫,U+77EB
4257,镴,U+9574
4258,石,U+77F3
4260,矼,U+77FC
4261,砆,U+7806
4262,矻,U+77FB
4263,砂,U+7802
4264,砉,U+7809
4265,砌,U+780C
4266,砍,U+780D
4267,砑,U+7811
4268,砒,U+7812
4269,砭,U+782D
4270,砟,U+781F
4271,砸,U+7838
4272,砥,U+7825
4273,斫,U+65AB
4274,砦,U+7826
4275,破,U+7834
4277,砜,U+781C
4278,砧,U+7827
4279,砼,U+783C
4280,砰,U+7830
4282,研,U+7814
4283,硎,U+784E
4284,硁,U+7841
4285,硝,U+785D
4286,硖,U+7856
4287,砗,U+7817
4288,硫,U+786B
4289,硬,U+786C
4290,碘,U+7898
4291,砚,U+781A
4292,确,U+786E
4293,碍,U+788D
4294,碌,U+788C
4295,碎,U+788E
4296,硼,U+787C
4297,碗,U+7897
4299,碇,U+7887
4300,碔,U+7894
4301,碑,U+7891
4302,碓,U+7893
4304,碡,U+78A1
4306,碉,U+7889
4307,砀,U+7800
4308,碟,U+789F
4309,碣,U+78A3
4310,碧,U+78A7
4311,硕,U+7855
4312,磜,U+78DC
4314,碰,U+78B0
4316,码,U+7801
4317,碾,U+78BE
4318,磁,U+78C1
4319,磅,U+78C5
4320,磊,U+78CA
4321,礅,U+7905
4322,磋,U+78CB
4323,磐,U+78D0
4324,磙,U+78D9
4325,磔,U+78D4
4326,磕,U+78D5
4327,磉,U+78C9
4328,硙,U+7859
4329,碴,U+78B4
4330,硵,U+7875
4331,砖,U+7816
4332,碛,U+789B
4333,磨,U+78E8
4334,磬,U+78EC
4335,矶,U+77F6
4336,磲,U+78F2
4337,磺,U+78FA
4338,硗,U+7857
4339,礁,U+7901
4340,磷,U+78F7
4342,础,U+7840
4345,矾,U+77FE
4346,礳,U+7933
4347,磴,U+78F4
4349,矿,U+77FF
4350,砺,U+783A
4351,砾,U+783E
4352,砻,U+783B
4353,礴,U+7934
4354,碱,U+78B1
4355,示,U+793A
4356,礽,U+793D
4357,社,U+793E
4358,祀,U+7940
4359,祁,U+7941
4360,祆,U+7946
4361,祇,U+7947
4362,祈,U+7948
4363,祉,U+7949
4366,祊,U+794A
4368,祐,U+7950
4369,祓,U+7953
4371,祖,U+7956
4373,祚,U+795A
4374,祛,U+795B
4375,祜,U+795C
4376,祝,U+795D
4377,神,U+795E
4378,祟,U+795F
4379,祠,U+7960
4381,祲,U+7972
4382,祥,U+7965
4383,祧,U+7967
4384,票,U+7968
4385,祭,U+796D
4388,祺,U+797A
4389,禄,U+7984
4390,禀,U+7980
4391,禁,U+7981
4393,祸,U+7978
4394,祯,U+796F
4395,福,U+798F
4396,禘,U+7998
4397,禊,U+798A
4400,祎,U+794E
4401,祃,U+7943
4404,禠,U+79A0
4406,禧,U+79A7
4407,禅,U+7985
4409,礼,U+793C
4410,祢,U+7962
4411,祷,U+7977
4412,禳,U+79B3
4414,铼,U+94FC
4415,禸,U+79B8
4416,禹,U+79B9
4417,禺,U+79BA
4418,离,U+79BB
4419,禽,U+79BD
4420,镧,U+9567
4421,禾,U+79BE
4422,秃,U+79C3
4423,秀,U+79C0
4424,私,U+79C1
4426,秉,U+79C9
4427,秆,U+79C6
4428,秋,U+79CB
4429,种,U+79CD
4430,科,U+79D1
4431,秕,U+79D5
4432,秒,U+79D2
4434,秘,U+79D8
4436,租,U+79DF
4438,秣,U+79E3
4439,秤,U+79E4
4440,秦,U+79E6
4441,秧,U+79E7
4442,秩,U+79E9
4443,秫,U+79EB
4444,秭,U+79ED
4447,秸,U+79F8
4448,移,U+79FB
4449,稀,U+7A00
4450,稂,U+7A02
4451,税,U+7A0E
4453,程,U+7A0B
4455,稍,U+7A0D
4457,稔,U+7A14
4458,稗,U+7A17
4459,稞,U+7A1E
4460,稚,U+7A1A
4464,稠,U+7A20
4466,稹,U+7A39
4468,称,U+79F0
4469,稷,U+7A37
4470,稻,U+7A3B
4471,稼,U+7A3C
4472,稽,U+7A3D
4473,稿,U+7A3F
4475,穄,U+7A44
4476,穆,U+7A46
4479,稣,U+7A23
4480,积,U+79EF
4481,颖,U+9896
4482,穗,U+7A57
4484,穑,U+7A51
4486,秽,U+79FD
4487,秾,U+79FE
4489,稳,U+7A33
4491,穞,U+7A5E
4492,穰,U+7A70
4493,罱,U+7F71
4494,穴,U+7A74
4496,究,U+7A76
4497,穸,U+7A78
4498,穹,U+7A79
4499,突,U+7A81
4500,空,U+7A7A
4502,穿,U+7A7F
4503,窀,U+7A80
4504,窄,U+7A84
4505,窅,U+7A85
4506,窆,U+7A86
4507,窈,U+7A88
4510,窒,U+7A92
4511,窕,U+7A95
4512,窖,U+7A96
4514,窗,U+7A97
4515,窘,U+7A98
4516,窟,U+7A9F
4517,窠,U+7AA0
4518,窨,U+7AA8
4519,窝,U+7A9D
4521,窬,U+7AAC
4522,穷,U+7A77
4523,窑,U+7A91
4524,窳,U+7AB3
4525,窎,U+7A8E
4526,窭,U+7AAD
4527,窸,U+7AB8
4528,窣,U+7AA3
4529,窥,U+7AA5
4530,窾,U+7ABE
4533,窜,U+7A9C
4534,窍,U+7A8D
4535,窦,U+7AA6
4537,窃,U+7A83
4538,蒗,U+8497
4539,立,U+7ACB
4540,竑,U+7AD1
4541,站,U+7AD9
4544,竟,U+7ADF
4545,章,U+7AE0
4546,竣,U+7AE3
4547,童,U+7AE5
4548,竦,U+7AE6
4549,竖,U+7AD6
4550,竭,U+7AED
4551,端,U+7AEF
4552,竞,U+7ADE
4553,铑,U+94D1
4554,竹,U+7AF9
4555,竺,U+7AFA
4556,竽,U+7AFD
4557,竿,U+7AFF
4558,笄,U+7B04
4559,笈,U+7B08
4560,笊,U+7B0A
4561,笏,U+7B0F
4562,笑,U+7B11
4563,笙,U+7B19
4564,笛,U+7B1B
4565,笞,U+7B1E
4566,笤,U+7B24
4567,笠,U+7B20
4568,笥,U+7B25
4569,符,U+7B26
4570,笨,U+7B28
4571,笋,U+7B0B
4572,笪,U+7B2A
4573,笫,U+7B2B
4574,第,U+7B2C
4575,笮,U+7B2E
4576,笆,U+7B06
4578,笱,U+7B31
4579,笳,U+7B33
4580,筅,U+7B45
4581,笔,U+7B14
4582,筇,U+7B47
4583,等,U+7B49
4584,筊,U+7B4A
4585,筋,U+7B4B
4586,筌,U+7B4C
4588,筎,U+7B4E
4589,筏,U+7B4F
4590,筐,U+7B50
4591,筑,U+7B51
4592,筒,U+7B52
4594,答,U+7B54
4595,策,U+7B56
4596,筠,U+7B60
4599,筷,U+7B77
4600,笕,U+7B15
4602,筮,U+7B6E
4603,筲,U+7B72
4605,筵,U+7B75
4607,筱,U+7B71
4608,笺,U+7B3A
4611,箍,U+7B8D
4612,箇,U+7B87
4613,箔,U+7B94
4614,箕,U+7B95
4615,算,U+7B97
4617,箝,U+7B9D
4619,管,U+7BA1
4620,筝,U+7B5D
4621,箐,U+7B90
4625,箜,U+7B9C
4627,箬,U+7BAC
4628,箭,U+7BAD
4630,箱,U+7BB1
4631,箴,U+7BB4
4632,箸,U+7BB8
4634,节,U+8282
4635,篁,U+7BC1
4637,篆,U+7BC6
4638,篇,U+7BC7
4640,箧,U+7BA7
4643,篙,U+7BD9
4644,篚,U+7BDA
4645,篝,U+7BDD
4646,筿,U+7B7F
4647,篡,U+7BE1
4648,笃,U+7B03
4652,筛,U+7B5B
4653,篦,U+7BE6
4654,篪,U+7BEA
4655,篲,U+7BF2
4656,筚,U+7B5A
4659,篷,U+7BF7
4660,箦,U+7BA6
4661,簕,U+7C15
4662,簇,U+7C07
4663,簋,U+7C0B
4664,篓,U+7BD3
4665,簌,U+7C0C
4666,簏,U+7C0F
4667,篌,U+7BCC
4668,篾,U+7BFE
4669,簃,U+7C03
4672,簟,U+7C1F
4673,箪,U+7BAA
4674,簠,U+7C20
4675,简,U+7B80
4676,篑,U+7BD1
4678,簦,U+7C26
4679,簧,U+7C27
4681,簪,U+7C2A
4682,箫,U+7BAB
4684,簸,U+7C38
4687,签,U+7B7E
4689,簿,U+7C3F
4691,篮,U+7BEE
4693,筹,U+7B79
4694,籍,U+7C4D
4696,籐,U+7C50
4699,籀,U+7C40
4700,箓,U+7B93
4702,篯,U+7BEF
4703,箨,U+7BA8
4704,籁,U+7C41
4705,笼,U+7B3C
4710,笾,U+7B3E
4712,箩,U+7BA9
4713,篱,U+7BF1
4716,篰,U+7BF0
4717,米,U+7C73
4720,粉,U+7C89
4721,粒,U+7C92
4722,粕,U+7C95
4723,粗,U+7C97
4724,粘,U+7C98
4725,粟,U+7C9F
4726,粢,U+7CA2
4727,粤,U+7CA4
4728,粥,U+7CA5
4729,籼,U+7C7C
4731,粱,U+7CB1
4732,粲,U+7CB2
4733,粹,U+7CB9
4734,粳,U+7CB3
4736,粼,U+7CBC
4737,精,U+7CBE
4738,糈,U+7CC8
4739,糊,U+7CCA
4741,糕,U+7CD5
4742,糇,U+7CC7
4743,糖,U+7CD6
4744,糗,U+7CD7
4745,糜,U+7CDC
4746,糁,U+7CC1
4747,粪,U+7CAA
4748,糟,U+7CDF
4749,糠,U+7CE0
4750,籽,U+7C7D
4751,糙,U+7CD9
4754,糯,U+7CEF
4755,粝,U+7C9D
4756,籴,U+7C74
4757,粑,U+7C91
4759,粜,U+7C9C
4761,糸,U+7CF8
4762,系,U+7CFB
4763,纠,U+7EA0
4764,纪,U+7EAA
4765,纣,U+7EA3
4766,约,U+7EA6
4767,红,U+7EA2
4768,纡,U+7EA1
4769,纥,U+7EA5
4770,纨,U+7EA8
4771,纫,U+7EAB
4772,紊,U+7D0A
4773,纹,U+7EB9
4775,缐,U+7F10
4777,纴,U+7EB4
4780,纳,U+7EB3
4781,纽,U+7EBD
4782,纾,U+7EBE
4783,纯,U+7EAF
4784,纱,U+7EB1
4785,纮,U+7EAE
4786,纸,U+7EB8
4787,级,U+7EA7
4788,纷,U+7EB7
4789,纭,U+7EAD
4790,素,U+7D20
4791,纺,U+7EBA
4792,索,U+7D22
4793,紫,U+7D2B
4794,缏,U+7F0F
4797,累,U+7D2F
4798,细,U+7EC6
4799,缩,U+7F29
4800,绅,U+7EC5
4801,绍,U+7ECD
4802,绀,U+7EC0
4803,绋,U+7ECB
4805,绐,U+7ED0
4806,绌,U+7ECC
4807,终,U+7EC8
4809,组,U+7EC4
4810,绊,U+7ECA
4811,绂,U+7EC2
4814,结,U+7ED3
4815,绝,U+7EDD
4818,绔,U+7ED4
4819,绞,U+7EDE
4820,络,U+7EDC
4821,绚,U+7EDA
4822,给,U+7ED9
4823,绒,U+7ED2
4825,絮,U+7D6E
4826,绖,U+7ED6
4827,统,U+7EDF
4828,丝,U+4E1D
4829,绛,U+7EDB
4831,绢,U+7EE2
4834,绑,U+7ED1
4835,绨,U+7EE8
4836,绣,U+7EE3
4837,绠,U+7EE0
4840,绥,U+7EE5
4842,经,U+7ECF
4843,绡,U+7EE1
4844,综,U+7EFC
4845,绿,U+7EFF
4846,绸,U+7EF8
4847,綦,U+7DA6
4848,线,U+7EBF
4849,绶,U+7EF6
4850,维,U+7EF4
4851,綮,U+7DAE
4852,绾,U+7EFE
4854,纲,U+7EB2
4855,绷,U+7EF7
4856,缀,U+7F00
4858,纶,U+7EB6
4859,绺,U+7EFA
4860,绮,U+7EEE
4861,绽,U+7EFD
4862,绰,U+7EF0
4866,绫,U+7EEB
4867,缁,U+7F01
4868,紧,U+7D27
4869,绯,U+7EEF
4870,绻,U+7EFB
4872,绪,U+7EEA
4873,缄,U+7F04
4874,缉,U+7F09
4875,绵,U+7EF5
4876,缎,U+7F0E
4877,缔,U+7F14
4878,缘,U+7F18
4880,缌,U+7F0C
4882,编,U+7F16
4883,缓,U+7F13
4884,缅,U+7F05
4885,纬,U+7EAC
4886,练,U+7EC3
4888,缊,U+7F0A
4889,缃,U+7F03
4891,缗,U+7F17
4893,缈,U+7F08
4895,缇,U+7F07
4896,萦,U+8426
4897,缙,U+7F19
4898,缢,U+7F22
4899,缒,U+7F12
4900,绉,U+7EC9
4901,缞,U+7F1E
4902,缚,U+7F1A
4903,缜,U+7F1C
4904,缛,U+7F1B
4905,县,U+53BF
4906,缣,U+7F23
4907,繁,U+7E41
4908,缟,U+7F1F
4911,缝,U+7F1D
4912,纵,U+7EB5
4913,缧,U+7F27
4915,缦,U+7F26
4916,絷,U+7D77
4917,缕,U+7F15
4918,缥,U+7F25
4919,縻,U+7E3B
4920,总,U+603B
4921,绩,U+7EE9
4923,缫,U+7F2B
4924,缪,U+7F2A
4925,繇,U+7E47
4926,缡,U+7F21
4930,织,U+7EC7
4931,缮,U+7F2E
4933,缭,U+7F2D
4935,绕,U+7ED5
4938,缯,U+7F2F
4939,绳,U+7EF3
4940,绘,U+7ED8
4942,茧,U+8327
4943,缰,U+7F30
4944,缳,U+7F33
4945,缴,U+7F34
4946,绎,U+7ECE
4947,辫,U+8FAB
4949,继,U+7EE7
4951,纂,U+7E82
4952,缤,U+7F24
4953,缱,U+7F31
4955,颣,U+98A3
4956,缬,U+7F2C
4957,缵,U+7F35
4958,续,U+7EED
4960,纤,U+7EA4
4961,缠,U+7F20
4962,纩,U+7EA9
4964,缨,U+7F28
4966,纛,U+7E9B
4968,缆,U+7F06
4969,绦,U+7EE6
4970,缶,U+7F36
4971,缸,U+7F38
4972,缺,U+7F3A
4977,罄,U+7F44
4978,罅,U+7F45
4981,罂,U+7F42
4982,罍,U+7F4D
4984,罐,U+7F50
4986,网,U+7F51
4987,罔,U+7F54
4988,罕,U+7F55
4989,罘,U+7F58
4992,罟,U+7F5F
4993,罡,U+7F61
4996,罩,U+7F69
4997,罪,U+7F6A
4999,置,U+7F6E
5000,罚,U+7F5A
5001,罨,U+7F68
5002,署,U+7F72
5006,骂,U+9A82
5007,罢,U+7F62
5008,罹,U+7F79
5010,罽,U+7F7D
5012,罗,U+7F57
5013,罴,U+7F74
5015,羁,U+7F81
5016,鳓,U+9CD3
5017,羊,U+7F8A
5018,羌,U+7F8C
5019,美,U+7F8E
5020,羑,U+7F91
5021,羔,U+7F94
5024,羚,U+7F9A
5025,羝,U+7F9D
5026,羞,U+7F9E
5028,群,U+7FA4
5029,羡,U+7FA1
5030,义,U+4E49
5031,羯,U+7FAF
5032,羲,U+7FB2
5033,羧,U+7FA7
5035,羸,U+7FB8
5036,羹,U+7FB9
5037,羼,U+7FBC
5038,羽,U+7FBD
5039,翀,U+7FC0
5040,翁,U+7FC1
5041,翅,U+7FC5
5042,翊,U+7FCA
5043,翌,U+7FCC
5044,翎,U+7FCE
5045,习,U+4E60
5046,翔,U+7FD4
5047,翕,U+7FD5
5049,翟,U+7FDF
5050,翠,U+7FE0
5051,翡,U+7FE1
5053,翥,U+7FE5
5054,翦,U+7FE6
5055,翩,U+7FE9
5056,羿,U+7FBF
5057,翚,U+7FDA
5058,翮,U+7FEE
5060,翰,U+7FF0
5061,翳,U+7FF3
5062,翘,U+7FD8
5063,翱,U+7FF1
5064,翻,U+7FFB
5065,翼,U+7FFC
5069,耀,U+8000
5070,喱,U+55B1
5071,老,U+8001
5072,考,U+8003
5073,耄,U+8004
5074,者,U+8005
5075,耆,U+8006
5077,耋,U+800B
5079,而,U+800C
5080,耍,U+800D
5082,耐,U+8010
5084,唡,U+5521
5085,耒,U+8012
5086,耔,U+8014
5087,耕,U+8015
5088,耗,U+8017
5089,耘,U+8018
5090,耙,U+8019
5091,耜,U+801C
5092,耢,U+8022
5095,耩,U+8029
5096,耦,U+8026
5097,耨,U+8028
5098,耧,U+8027
5099,耰,U+8030
5100,钌,U+948C
5101,耳,U+8033
5102,耶,U+8036
5103,耻,U+803B
5104,耽,U+803D
5105,耿,U+803F
5106,聃,U+8043
5107,聆,U+8046
5108,聊,U+804A
5109,聒,U+8052
5110,圣,U+5723
5111,聘,U+8058
5112,聚,U+805A
5113,闻,U+95FB
5114,联,U+8054
5115,聪,U+806A
5116,声,U+58F0
5117,耸,U+8038
5118,聩,U+8069
5119,聂,U+8042
5120,职,U+804C
5122,聋,U+804B
5123,啉,U+5549
5124,聿,U+807F
5125,肄,U+8084
5126,肃,U+8083
5127,肆,U+8086
5128,肇,U+8087
5129,呤,U+5464
5130,馏,U+998F
5131,肉,U+8089
5132,肋,U+808B
5133,肌,U+808C
5134,肓,U+8093
5135,肖,U+8096
5136,肘,U+8098
5137,肚,U+809A
5138,肛,U+809B
5139,肝,U+809D
5140,股,U+80A1
5141,肢,U+80A2
5142,肥,U+80A5
5143,胺,U+80FA
5144,肩,U+80A9
5145,肫,U+80AB
5146,肯,U+80AF
5147,肱,U+80B1
5148,育,U+80B2
5149,肴,U+80B4
5150,朊,U+670A
5151,肺,U+80BA
5152,胃,U+80C3
5153,胄,U+80C4
5154,背,U+80CC
5155,胂,U+80C2
5156,胔,U+80D4
5157,胍,U+80CD
5158,胎,U+80CE
5160,胖,U+80D6
5161,胙,U+80D9
5162,胚,U+80DA
5163,胳,U+80F3
5164,胝,U+80DD
5165,胞,U+80DE
5166,胰,U+80F0
5167,脒,U+8112
5168,胭,U+80ED
5169,胯,U+80EF
5170,胡,U+80E1
5171,胥,U+80E5
5172,胸,U+80F8
5173,胼,U+80FC
5174,能,U+80FD
5175,胾,U+80FE
5176,脂,U+8102
5177,腺,U+817A
5178,胁,U+80C1
5180,胱,U+80F1
5182,脊,U+810A
5183,脚,U+811A
5184,脘,U+8118
5185,胫,U+80EB
5186,脆,U+8106
5187,腈,U+8148
5189,脧,U+8127
5190,脩,U+8129
5191,膨,U+81A8
5192,脱,U+8131
5193,脬,U+812C
5194,脯,U+812F
5195,胀,U+80C0
5196,脾,U+813E
5197,腆,U+8146
5198,腊,U+814A
5199,腋,U+814B
5200,肾,U+80BE
5201,腐,U+8150
5202,腑,U+8151
5203,腓,U+8153
5204,腔,U+8154
5205,腕,U+8155
5206,腥,U+8165
5207,脑,U+8111
5208,腴,U+8174
5209,肿,U+80BF
5210,腮,U+816E
5211,脿,U+813F
5212,腰,U+8170
5213,腱,U+8171
5214,肠,U+80A0
5215,腹,U+8179
5216,腠,U+8160
5217,腿,U+817F
5218,膀,U+8180
5219,膂,U+8182
5220,腩,U+8169
5221,膏,U+818F
5222,肷,U+80B7
5224,膈,U+8188
5225,膊,U+818A
5226,腘,U+8158
5227,肤,U+80A4
5228,膛,U+819B
5229,膜,U+819C
5230,膝,U+819D
5231,胶,U+80F6
5232,腻,U+817B
5234,膳,U+81B3
5235,膺,U+81BA
5238,膻,U+81BB
5239,脍,U+810D
5240,脓,U+8113
5241,臀,U+81C0
5242,臂,U+81C2
5244,臆,U+81C6
5245,脸,U+8138
5246,臊,U+81CA
5247,脐,U+8110
5250,臃,U+81C3
5251,胪,U+80EA
5253,脏,U+810F
5254,脔,U+8114
5255,胤,U+80E4
5256,臣,U+81E3
5257,卧,U+5367
5258,臧,U+81E7
5259,临,U+4E34
5260,栌,U+680C
5261,自,U+81EA
5262,臬,U+81EC
5263,臭,U+81ED
5266,镥,U+9565
5267,至,U+81F3
5268,致,U+81F4
5271,臻,U+81FB
5272,氇,U+6C07
5273,臼,U+81FC
5274,臾,U+81FE
5275,舁,U+8201
5276,舀,U+8200
5277,舂,U+8202
5278,舄,U+8204
5279,舅,U+8205
5280,与,U+4E0E
5281,兴,U+5174
5282,举,U+4E3E
5283,旧,U+65E7
5285,摞,U+645E
5286,舌,U+820C
5287,舍,U+820D
5288,舐,U+8210
5289,舒,U+8212
5290,舘,U+8218
5291,舖,U+8216
5292,舛,U+821B
5293,舜,U+821C
5294,舞,U+821E
5296,镅,U+9545
5297,舟,U+821F
5299,舡,U+8221
5300,航,U+822A
5301,般,U+822C
5302,舫,U+822B
5304,舷,U+8237
5305,舵,U+8235
5306,舶,U+8236
5307,船,U+8239
5308,舸,U+8238
5310,舳,U+8233
5311,舴,U+8234
5312,艇,U+8247
5313,艋,U+824B
5314,艄,U+8244
5318,艘,U+8258
5319,舱,U+8231
5320,舣,U+8223
5321,艟,U+825F
5322,艨,U+8268
5324,舰,U+8230
5325,舻,U+823B
5326,酶,U+9176
5327,艮,U+826E
5328,良,U+826F
5329,艰,U+8270
5330,钔,U+9494
5331,色,U+8272
5333,艳,U+8273
5335,艸,U+8278
5336,艽,U+827D
5337,艾,U+827E
5338,芃,U+8283
5339,芄,U+8284
5340,芊,U+828A
5341,芋,U+828B
5342,芍,U+828D
5343,芎,U+828E
5344,芑,U+8291
5345,芒,U+8292
5346,芙,U+8299
5347,芝,U+829D
5348,芟,U+829F
5349,芡,U+82A1
5350,艿,U+827F
5351,芤,U+82A4
5352,芧,U+82A7
5353,芨,U+82A8
5354,芥,U+82A5
5355,芩,U+82A9
5356,芪,U+82AA
5357,芫,U+82AB
5358,芬,U+82AC
5359,芭,U+82AD
5360,芮,U+82AE
5361,芯,U+82AF
5362,芰,U+82B0
5363,花,U+82B1
5364,芳,U+82B3
5365,芷,U+82B7
5366,芸,U+82B8
5367,芹,U+82B9
5368,刍,U+520D
5369,芼,U+82BC
5370,芽,U+82BD
5371,莜,U+839C
5372,芾,U+82BE
5373,苑,U+82D1
5374,茆,U+8306
5375,苒,U+82D2
5376,苓,U+82D3
5377,苔,U+82D4
5378,苕,U+82D5
5379,苗,U+82D7
5380,苄,U+82C4
5381,苛,U+82DB
5382,苜,U+82DC
5383,苞,U+82DE
5384,苟,U+82DF
5385,苣,U+82E3
5386,苡,U+82E1
5387,若,U+82E5
5388,苦,U+82E6
5389,苎,U+82CE
5390,苫,U+82EB
5391,英,U+82F1
5392,苴,U+82F4
5393,苹,U+82F9
5394,苻,U+82FB
5396,苾,U+82FE
5397,茀,U+8300
5398,茁,U+8301
5399,茂,U+8302
5400,范,U+8303
5401,茄,U+8304
5402,茈,U+8308
5403,茅,U+8305
5404,茇,U+8307
5406,茉,U+8309
5407,茗,U+8317
5408,荔,U+8354
5409,茜,U+831C
5412,茨,U+8328
5413,茫,U+832B
5414,茭,U+832D
5415,茯,U+832F
5416,茱,U+8331
5417,兹,U+5179
5418,茴,U+8334
5419,茵,U+8335
5420,茶,U+8336
5422,茸,U+8338
5423,茹,U+8339
5424,荀,U+8340
5425,荃,U+8343
5426,萄,U+8404
5427,荆,U+8346
5428,荸,U+8378
5429,荇,U+8347
5430,草,U+8349
5432,荏,U+834F
5433,荐,U+8350
5434,荑,U+8351
5435,荒,U+8352
5436,茝,U+831D
5437,荄,U+8344
5440,荷,U+8377
5441,荻,U+837B
5442,荼,U+837C
5443,荽,U+837D
5444,莅,U+8385
5446,莎,U+838E
5447,莒,U+8392
5448,莓,U+8393
5449,茎,U+830E
5450,莘,U+8398
5451,莞,U+839E
5452,莠,U+83A0
5453,荚,U+835A
5454,苋,U+82CB
5455,莆,U+8386
5456,莨,U+83A8
5457,莩,U+83A9
5458,莪,U+83AA
5459,莫,U+83AB
5460,菟,U+83DF
5461,莉,U+8389
5462,莽,U+83BD
5463,菀,U+83C0
5464,菁,U+83C1
5465,菅,U+83C5
5466,菇,U+83C7
5468,菊,U+83CA
5469,菑,U+83D1
5471,菖,U+83D6
5472,菔,U+83D4
5473,菘,U+83D8
5474,菠,U+83E0
5475,菜,U+83DC
5476,菩,U+83E9
5477,堇,U+5807
5478,华,U+534E
5479,菰,U+83F0
5480,菱,U+83F1
5481,菲,U+83F2
5483,莙,U+8399
5484,菹,U+83F9
5485,菼,U+83FC
5486,菽,U+83FD
5487,萁,U+8401
5488,萃,U+8403
5489,萜,U+841C
5490,莱,U+83B1
5491,萋,U+840B
5492,萌,U+840C
5493,萍,U+840D
5494,萎,U+840E
5495,龿,U+9FBF
5496,菡,U+83E1
5497,菌,U+83CC
5498,萩,U+8429
5500,苌,U+82CC
5501,萼,U+843C
5503,萱,U+8431
5504,莴,U+83B4
5505,萸,U+8438
5506,萹,U+8439
5507,落,U+843D
5508,葆,U+8446
5510,菸,U+83F8
5511,著,U+8457
5513,葚,U+845A
5514,葛,U+845B
5515,葡,U+8461
5516,董,U+8463
5517,苇,U+82C7
5518,葩,U+8469
5519,葫,U+846B
5520,葬,U+846C
5521,葭,U+846D
5522,药,U+836F
5523,葱,U+8471
5524,葳,U+8473
5525,葵,U+8475
5526,荤,U+8364
5527,葸,U+8478
5528,葺,U+847A
5530,蒂,U+8482
5531,葑,U+8451
5535,莳,U+83B3
5536,蒙,U+8499
5537,蒜,U+849C
5538,蒡,U+84A1
5539,蒞,U+849E
5540,蒟,U+849F
5541,蒨,U+84A8
5543,蒲,U+84B2
5544,蒸,U+84B8
5545,蒹,U+84B9
5546,蒺,U+84BA
5547,苍,U+82CD
5548,蒿,U+84BF
5549,荪,U+836A
5550,蓁,U+84C1
5551,蓂,U+84C2
5552,蓄,U+84C4
5553,蓆,U+84C6
5554,蓉,U+84C9
5555,蓊,U+84CA
5556,盖,U+76D6
5557,蓖,U+84D6
5558,蓍,U+84CD
5559,蓏,U+84CF
5560,蓑,U+84D1
5562,蓐,U+84D0
5563,蓓,U+84D3
5564,萏,U+840F
5565,蔌,U+850C
5566,蒯,U+84AF
5570,蓬,U+84EC
5571,莲,U+83B2
5572,蓰,U+84F0
5573,莼,U+83BC
5575,蔻,U+853B
5576,蔫,U+852B
5577,芗,U+8297
5578,蓼,U+84FC
5581,蓿,U+84FF
5583,蔑,U+8511
5584,蕻,U+857B
5585,蔓,U+8513
5587,蔗,U+8517
5588,蔚,U+851A
5589,蒌,U+848C
5591,蔡,U+8521
5592,蒋,U+848B
5593,荫,U+836B
5594,蔴,U+8534
5596,茑,U+8311
5598,荜,U+835C
5599,蔽,U+853D
5600,蔬,U+852C
5601,蕺,U+857A
5603,蕃,U+8543
5604,蕉,U+8549
5605,蕊,U+854A
5606,荞,U+835E
5607,莸,U+83B8
5608,蕖,U+8556
5609,荛,U+835B
5610,蕙,U+8559
5612,蕞,U+855E
5614,蒉,U+8489
5615,蕨,U+8568
5616,荡,U+8361
5617,芜,U+829C
5618,萧,U+8427
5619,蕰,U+8570
5620,薯,U+85AF
5621,蒇,U+8487
5622,蕈,U+8548
5624,蕤,U+8564
5626,蓣,U+84E3
5628,蕾,U+857E
5630,薢,U+85A2
5631,薄,U+8584
5632,薅,U+8585
5633,薇,U+8587
5634,荟,U+835F
5636,蓟,U+84DF
5638,蔷,U+8537
5641,薛,U+859B
5642,孽,U+5B7D
5643,薜,U+859C
5645,薨,U+85A8
5646,萨,U+8428
5647,薪,U+85AA
5648,薤,U+85A4
5649,蘖,U+8616
5650,薏,U+858F
5651,薰,U+85B0
5652,薳,U+85B3
5653,薹,U+85B9
5654,荠,U+8360
5659,藉,U+85C9
5660,荩,U+8369
5661,藏,U+85CF
5662,藐,U+85D0
5663,蓝,U+84DD
5664,藁,U+85C1
5665,藕,U+85D5
5668,藜,U+85DC
5669,艺,U+827A
5671,藤,U+85E4
5672,藩,U+85E9
5674,薮,U+85AE
5676,蔼,U+853C
5677,蔺,U+853A
5679,藻,U+85FB
5681,藿,U+85FF
5682,蕲,U+8572
5683,蘅,U+8605
5684,芦,U+82A6
5685,苏,U+82CF
5686,蕴,U+8574
5688,夔,U+5914
5690,萚,U+841A
5691,藓,U+85D3
5692,蔹,U+8539
5693,茏,U+830F
5694,蘩,U+8629
5695,兰,U+5170
5698,蘧,U+8627
5699,蘸,U+8638
5700,萝,U+841D
5701,蘼,U+863C
5704,蘑,U+8611
5705,虍,U+864D
5706,虎,U+864E
5707,虐,U+8650
5709,虔,U+8654
5710,处,U+5904
5711,虚,U+865A
5712,虏,U+864F
5713,虞,U+865E
5714,号,U+53F7
5716,虢,U+8662
5719,亏,U+4E8F
5721,醚,U+919A
5722,虫,U+866B
5723,虱,U+8671
5724,虻,U+867B
5725,虹,U+8679
5726,虺,U+867A
5727,蚓,U+8693
5728,蚍,U+868D
5729,蚕,U+8695
5730,蚊,U+868A
5731,蚋,U+868B
5732,蚌,U+868C
5733,蚣,U+86A3
5734,蚤,U+86A4
5735,蚧,U+86A7
5736,蚩,U+86A9
5737,蚪,U+86AA
5738,蚨,U+86A8
5739,蚯,U+86AF
5740,蚰,U+86B0
5741,蚱,U+86B1
5742,蚜,U+869C
5743,蚶,U+86B6
5745,蛄,U+86C4
5746,蛀,U+86C0
5747,蛆,U+86C6
5748,蛇,U+86C7
5749,蛉,U+86C9
5750,蛑,U+86D1
5751,蛋,U+86CB
5752,蛙,U+86D9
5753,蛛,U+86DB
5754,蛟,U+86DF
5755,蚴,U+86B4
5756,蛤,U+86E4
5757,蛩,U+86E9
5758,蛱,U+86F1
5759,蛭,U+86ED
5760,蛾,U+86FE
5761,蛘,U+86D8
5762,蜂,U+8702
5763,蜃,U+8703
5764,蜇,U+8707
5765,蜈,U+8708
5767,蜓,U+8713
5768,蛸,U+86F8
5769,蛹,U+86F9
5770,蜕,U+8715
5771,蜀,U+8700
5772,蜉,U+8709
5773,蜍,U+870D
5774,蜊,U+870A
5776,蜘,U+8718
5777,蜚,U+871A
5778,蜜,U+871C
5779,蜡,U+8721
5780,蜣,U+8723
5781,蜩,U+8729
5782,蜥,U+8725
5783,蜒,U+8712
5784,蛔,U+86D4
5785,蜴,U+8734
5786,蜞,U+871E
5788,螂,U+8782
5789,蜢,U+8722
5790,蜮,U+872E
5791,蝎,U+874E
5792,蛐,U+86D0
5793,蚀,U+8680
5794,蝗,U+8757
5795,蝘,U+8758
5796,蝙,U+8759
5797,蜅,U+8705
5798,猬,U+732C
5799,蝠,U+8760
5800,蜿,U+873F
5801,蝥,U+8765
5802,虾,U+867E
5803,蝮,U+876E
5805,蝶,U+8776
5806,蜷,U+8737
5807,蟮,U+87EE
5808,蜻,U+873B
5809,蝌,U+874C
5811,蜾,U+873E
5812,蝣,U+8763
5813,蝻,U+877B
5814,蝴,U+8774
5815,蜗,U+8717
5816,融,U+878D
5817,蠓,U+8813
5818,蚂,U+8682
5819,螨,U+87A8
5820,螟,U+879F
5821,萤,U+8424
5823,蚝,U+869D
5824,螃,U+8783
5825,蛳,U+86F3
5826,螫,U+87AB
5828,螺,U+87BA
5829,蝼,U+877C
5830,螽,U+87BD
5832,蛰,U+86F0
5833,蟊,U+87CA
5834,螬,U+87AC
5835,螭,U+87AD
5837,螯,U+87AF
5838,螳,U+87B3
5839,蟀,U+87C0
5840,蟆,U+87C6
5841,蝈,U+8748
5842,蟋,U+87CB
5843,虮,U+866E
5844,蟪,U+87EA
5845,蟒,U+87D2
5846,蟛,U+87DB
5847,蟠,U+87E0
5848,蝉,U+8749
5851,蟹,U+87F9
5852,蚁,U+8681
5853,蟾,U+87FE
5855,蛏,U+86CF
5856,蠃,U+8803
5858,蚃,U+8683
5859,蝇,U+8747
5860,虿,U+867F
5862,蠕,U+8815
5863,蠖,U+8816
5864,蠛,U+881B
5867,蠡,U+8821
5868,蠢,U+8822
5869,蛎,U+86CE
5870,蟏,U+87CF
5871,蠹,U+8839
5872,蛊,U+86CA
5873,蠲,U+8832
5875,蛮,U+86EE
5876,虬,U+866C
5877,血,U+8840
5878,嘧,U+5627
5880,衄,U+8844
5881,衅,U+8845
5883,众,U+4F17
5886,嚜,U+569C
5887,行,U+884C
5888,衍,U+884D
5891,衒,U+8852
5894,街,U+8857
5895,衙,U+8859
5898,卫,U+536B
5899,衡,U+8861
5900,衢,U+8862
5902,衣,U+8863
5903,表,U+8868
5904,衫,U+886B
5905,衰,U+8870
5906,衲,U+8872
5907,衷,U+8877
5908,衩,U+8869
5910,衽,U+887D
5911,衾,U+887E
5912,衿,U+887F
5913,袁,U+8881
5914,袈,U+8888
5915,袋,U+888B
5916,袍,U+888D
5917,袒,U+8892
5918,袖,U+8896
5920,袜,U+889C
5924,袤,U+88A4
5925,袪,U+88AA
5926,被,U+88AB
5927,袂,U+8882
5931,袱,U+88B1
5932,裁,U+88C1
5933,裂,U+88C2
5934,袅,U+8885
5935,裎,U+88CE
5936,裀,U+88C0
5938,裒,U+88D2
5939,裔,U+88D4
5940,裕,U+88D5
5941,裘,U+88D8
5942,裙,U+88D9
5943,补,U+8865
5944,装,U+88C5
5945,裟,U+88DF
5947,裨,U+88E8
5949,裰,U+88F0
5950,裱,U+88F1
5951,裳,U+88F3
5952,裴,U+88F4
5953,裸,U+88F8
5954,裼,U+88FC
5955,裹,U+88F9
5957,裾,U+88FE
5959,褊,U+890A
5960,裈,U+88C8
5962,褂,U+8902
5963,褪,U+892A
5964,褐,U+8910
5965,褓,U+8913
5966,袆,U+8886
5967,褙,U+8919
5968,褡,U+8921
5969,褚,U+891A
5970,褥,U+8925
5972,褫,U+892B
5973,褰,U+8930
5974,裤,U+88E4
5975,褦,U+8926
5977,褶,U+8936
5978,亵,U+4EB5
5980,襄,U+8944
5981,衮,U+886E
5982,襁,U+8941
5983,袢,U+88A2
5984,袄,U+8884
5988,褒,U+8912
5990,裣,U+88E3
5991,裆,U+88C6
5992,襟,U+895F
5993,襦,U+8966
5996,褴,U+8934
5997,褛,U+891B
6000,衬,U+886C
6002,袭,U+88AD
6004,襶,U+8976
6006,襾,U+897E
6007,西,U+897F
6008,要,U+8981
6009,覃,U+8983
6010,覆,U+8986
6014,镎,U+954E
6015,见,U+89C1
6016,规,U+89C4
6017,觅,U+89C5
6018,视,U+89C6
6019,觇,U+89C7
6021,觋,U+89CB
6022,觎,U+89CE
6024,亲,U+4EB2
6025,觊,U+89CA
6026,觏,U+89CF
6027,觐,U+89D0
6028,觑,U+89D1
6029,觃,U+89C3
6030,觉,U+89C9
6031,览,U+89C8
6032,觌,U+89CC
6033,觍,U+89CD
6034,观,U+89C2
6036,氖,U+6C16
6037,角,U+89D2
6038,觔,U+89D4
6039,觖,U+89D6
6040,觚,U+89DA
6043,解,U+89E3
6044,觥,U+89E5
6046,觫,U+89EB
6048,觱,U+89F1
6049,觳,U+89F3
6050,觞,U+89DE
6051,触,U+89E6
6055,萘,U+8418
6056,言,U+8A00
6057,订,U+8BA2
6058,讣,U+8BA3
6059,訇,U+8A07
6060,计,U+8BA1
6061,讯,U+8BAF
6062,讨,U+8BA8
6063,讦,U+8BA6
6064,训,U+8BAD
6065,讪,U+8BAA
6066,讫,U+8BAB
6067,讬,U+8BAC
6068,记,U+8BB0
6069,讧,U+8BA7
6072,讱,U+8BB1
6073,讹,U+8BB9
6074,讶,U+8BB6
6075,讼,U+8BBC
6076,诀,U+8BC0
6077,讷,U+8BB7
6078,访,U+8BBF
6079,许,U+8BB8
6080,设,U+8BBE
6081,讻,U+8BBB
6083,诉,U+8BC9
6084,诃,U+8BC3
6085,诊,U+8BCA
6086,证,U+8BC1
6088,訾,U+8A3E
6089,诂,U+8BC2
6090,诋,U+8BCB
6091,詈,U+8A48
6093,讵,U+8BB5
6094,诈,U+8BC8
6095,诒,U+8BD2
6096,诏,U+8BCF
6097,评,U+8BC4
6099,诎,U+8BCE
6100,诅,U+8BC5
6101,词,U+8BCD
6103,诩,U+8BE9
6104,询,U+8BE2
6105,诣,U+8BE3
6107,试,U+8BD5
6108,诗,U+8BD7
6109,诧,U+8BE7
6110,诟,U+8BDF
6111,诡,U+8BE1
6112,诠,U+8BE0
6113,诘,U+8BD8
6114,话,U+8BDD
6115,该,U+8BE5
6116,详,U+8BE6
6117,诙,U+8BD9
6118,诖,U+8BD6
6119,诓,U+8BD3
6120,诔,U+8BD4
6121,诛,U+8BDB
6124,詹,U+8A79
6126,认,U+8BA4
6128,诳,U+8BF3
6129,誓,U+8A93
6130,诞,U+8BDE
6131,诱,U+8BF1
6132,诮,U+8BEE
6133,语,U+8BED
6134,诚,U+8BDA
6135,诫,U+8BEB
6136,诬,U+8BEC
6137,误,U+8BEF
6138,诰,U+8BF0
6139,诵,U+8BF5
6140,诲,U+8BF2
6141,说,U+8BF4
6142,谁,U+8C01
6143,课,U+8BFE
6144,谇,U+8C07
6145,诽,U+8BFD
6146,谊,U+8C0A
6147,訚,U+8A1A
6148,调,U+8C03
6149,谄,U+8C04
6150,谆,U+8C06
6151,谈,U+8C08
6152,诿,U+8BFF
6153,请,U+8BF7
6154,诤,U+8BE4
6155,诹,U+8BF9
6156,谅,U+8C05
6157,诼,U+8BFC
6158,论,U+8BBA
6159,谂,U+8C02
6161,谀,U+8C00
6162,谞,U+8C1E
6163,谝,U+8C1D
6166,谔,U+8C14
6167,谛,U+8C1B
6168,谐,U+8C10
6169,谏,U+8C0F
6170,谕,U+8C15
6171,谘,U+8C18
6172,讳,U+8BB3
6173,谙,U+8C19
6174,讽,U+8BBD
6175,诸,U+8BF8
6176,谚,U+8C1A
6178,谖,U+8C16
6179,诺,U+8BFA
6180,谋,U+8C0B
6181,谒,U+8C12
6182,谓,U+8C13
6183,谍,U+8C0D
6186,谌,U+8C0C
6187,誊,U+8A8A
6188,诌,U+8BCC
6190,謇,U+8B07
6192,谎,U+8C0E
6193,谜,U+8C1C
6194,谧,U+8C27
6195,谑,U+8C11
6196,谤,U+8C24
6197,谦,U+8C26
6198,谥,U+8C25
6199,讲,U+8BB2
6200,谢,U+8C22
6202,谣,U+8C23
6204,谡,U+8C21
6205,謦,U+8B26
6206,谟,U+8C1F
6207,谪,U+8C2A
6208,谬,U+8C2C
6209,讴,U+8BB4
6210,谨,U+8C28
6211,谩,U+8C29
6216,谲,U+8C32
6217,讥,U+8BA5
6220,谮,U+8C2E
6221,识,U+8BC6
6222,谯,U+8C2F
6223,谭,U+8C2D
6225,谱,U+8C31
6226,警,U+8B66
6228,谵,U+8C35
6229,譬,U+8B6C
6230,译,U+8BD1
6231,议,U+8BAE
6232,谴,U+8C34
6233,护,U+62A4
6234,诪,U+8BEA
6235,誉,U+8A89
6236,读,U+8BFB
6237,谫,U+8C2B
6239,变,U+53D8
6241,雠,U+96E0
6242,詟,U+8A5F
6243,谗,U+8C17
6244,谶,U+8C36
6245,让,U+8BA9
6249,谠,U+8C20
6250,谳,U+8C33
6253,谷,U+8C37
6255,豁,U+8C41
6257,硇,U+7847
6258,豆,U+8C46
6259,岂,U+5C82
6261,豌,U+8C4C
6262,豉,U+8C49
6263,豇,U+8C47
6269,豕,U+8C55
6270,豚,U+8C5A
6272,象,U+8C61
6273,豢,U+8C62
6274,豨,U+8C68
6275,豪,U+8C6A
6276,豫,U+8C6B
6278,豭,U+8C6D
6279,豳,U+8C73
6281,铌,U+94CC
6282,豸,U+8C78
6283,豹,U+8C79
6284,豺,U+8C7A
6285,貂,U+8C82
6286,貆,U+8C86
6287,貅,U+8C85
6288,貉,U+8C89
6289,貊,U+8C8A
6290,貌,U+8C8C
6293,貔,U+8C94
6295,脲,U+8132
6296,贝,U+8D1D
6297,贞,U+8D1E
6298,负,U+8D1F
6299,财,U+8D22
6300,贡,U+8D21
6302,贫,U+8D2B
6303,货,U+8D27
6304,贪,U+8D2A
6305,贩,U+8D29
6306,贯,U+8D2F
6307,责,U+8D23
6308,贮,U+8D2E
6310,贰,U+8D30
6311,贵,U+8D35
6312,贬,U+8D2C
6313,贷,U+8D37
6314,买,U+4E70
6315,贶,U+8D36
6316,费,U+8D39
6317,贴,U+8D34
6318,贻,U+8D3B
6319,贸,U+8D38
6320,贺,U+8D3A
6321,贲,U+8D32
6322,贳,U+8D33
6323,赂,U+8D42
6324,赁,U+8D41
6325,贿,U+8D3F
6326,赅,U+8D45
6327,资,U+8D44
6328,贾,U+8D3E
6329,贼,U+8D3C
6331,赈,U+8D48
6332,赊,U+8D4A
6333,宾,U+5BBE
6334,赇,U+8D47
6335,赒,U+8D52
6336,赉,U+8D49
6337,赐,U+8D50
6339,赏,U+8D4F
6340,赍,U+8D4D
6341,赔,U+8D54
6342,赓,U+8D53
6343,贤,U+8D24
6344,卖,U+5356
6345,贱,U+8D31
6346,赋,U+8D4B
6347,质,U+8D28
6348,账,U+8D26
6350,赌,U+8D4C
6351,赖,U+8D56
6352,赗,U+8D57
6354,赚,U+8D5A
6355,赙,U+8D59
6356,购,U+8D2D
6357,赛,U+8D5B
6358,赜,U+8D5C
6360,贽,U+8D3D
6361,赘,U+8D58
6362,赠,U+8D60
6363,赞,U+8D5E
6365,赡,U+8D61
6366,赢,U+8D62
6367,赆,U+8D46
6368,赃,U+8D43
6369,赑,U+8D51
6370,赎,U+8D4E
6372,赝,U+8D5D
6373,赣,U+8D63
6375,赤,U+8D64
6376,赦,U+8D66
6377,赧,U+8D67
6378,赫,U+8D6B
6379,赭,U+8D6D
6380,赪,U+8D6A
6381,钕,U+9495
6382,走,U+8D70
6383,赳,U+8D73
6384,赴,U+8D74
6385,赶,U+8D76
6386,起,U+8D77
6387,趁,U+8D81
6388,趄,U+8D84
6389,超,U+8D85
6390,越,U+8D8A
6392,赵,U+8D75
6393,趣,U+8DA3
6394,趑,U+8D91
6395,趋,U+8D8B
6396,趟,U+8D9F
6397,蒎,U+848E
6398,足,U+8DB3
6399,趵,U+8DB5
6400,趾,U+8DBE
6402,趺,U+8DBA
6405,跋,U+8DCB
6407,跌,U+8DCC
6408,跎,U+8DCE
6409,跏,U+8DCF
6410,跑,U+8DD1
6412,跖,U+8DD6
6413,跚,U+8DDA
6414,跛,U+8DDB
6415,距,U+8DDD
6417,跫,U+8DEB
6418,跟,U+8DDF
6420,跣,U+8DE3
6421,跨,U+8DE8
6422,跪,U+8DEA
6423,跬,U+8DEC
6424,路,U+8DEF
6425,踩,U+8E29
6426,跳,U+8DF3
6427,跽,U+8DFD
6428,踉,U+8E09
6429,踊,U+8E0A
6431,踏,U+8E0F
6432,践,U+8DF5
6433,踔,U+8E14
6434,踖,U+8E16
6435,踝,U+8E1D
6436,踞,U+8E1E
6437,踢,U+8E22
6438,踣,U+8E23
6439,踧,U+8E27
6441,踡,U+8E21
6442,踟,U+8E1F
6443,踮,U+8E2E
6446,踵,U+8E35
6447,踹,U+8E39
6448,蹓,U+8E53
6449,踽,U+8E3D
6450,蹁,U+8E41
6451,蹂,U+8E42
6452,蹄,U+8E44
6453,踱,U+8E31
6454,蹀,U+8E40
6455,蹐,U+8E50
6456,蹇,U+8E47
6457,蹈,U+8E48
6458,蹉,U+8E49
6459,蹊,U+8E4A
6460,跃,U+8DC3
6461,跄,U+8DC4
6462,跸,U+8DF8
6464,蹙,U+8E59
6466,蹒,U+8E52
6471,蹯,U+8E6F
6472,蹲,U+8E72
6473,蹴,U+8E74
6474,蹶,U+8E76
6475,跷,U+8DF7
6478,蹬,U+8E6C
6479,蹭,U+8E6D
6480,蹰,U+8E70
6481,躁,U+8E81
6483,躅,U+8E85
6484,躇,U+8E87
6485,趸,U+8DB8
6486,踌,U+8E0C
6487,跻,U+8DFB
6489,躐,U+8E90
6490,踯,U+8E2F
6492,踬,U+8E2C
6494,跹,U+8DF9
6495,蹑,U+8E51
6497,躏,U+8E8F
6498,蹦,U+8E66
6500,身,U+8EAB
6501,躬,U+8EAC
6502,躭,U+8EAD
6503,躲,U+8EB2
6504,躯,U+8EAF
6507,躺,U+8EBA
6508,车,U+8F66
6509,轧,U+8F67
6510,轨,U+8F68
6511,军,U+519B
6513,轩,U+8F69
6514,轫,U+8F6B
6515,轭,U+8F6D
6516,软,U+8F6F
6517,轱,U+8F71
6518,轸,U+8F78
6519,轴,U+8F74
6520,轵,U+8F75
6521,轷,U+8F77
6522,轶,U+8F76
6523,轺,U+8F7A
6524,轼,U+8F7C
6525,较,U+8F83
6526,辂,U+8F82
6528,载,U+8F7D
6531,轾,U+8F7E
6532,辄,U+8F84
6534,辅,U+8F85
6535,轻,U+8F7B
6538,辆,U+8F86
6539,辎,U+8F8E
6540,辉,U+8F89
6541,辍,U+8F8D
6542,辇,U+8F87
6543,辈,U+8F88
6544,轮,U+8F6E
6545,辋,U+8F8B
6547,辊,U+8F8A
6549,辑,U+8F91
6550,辏,U+8F8F
6551,输,U+8F93
6553,辐,U+8F90
6558,辗,U+8F97
6559,舆,U+8206
6560,毂,U+6BC2
6561,辖,U+8F96
6562,辕,U+8F95
6564,辘,U+8F98
6567,转,U+8F6C
6568,辙,U+8F99
6569,轿,U+8F7F
6575,轰,U+8F70
6576,辔,U+8F94
6577,轹,U+8F79
6578,轳,U+8F73
6580,辛,U+8F9B
6581,辜,U+8F9C
6582,辟,U+8F9F
6584,辣,U+8FA3
6586,办,U+529E
6587,辨,U+8FA8
6588,辞,U+8F9E
6589,辩,U+8FA9
6590,耪,U+802A
6591,辰,U+8FB0
6592,辱,U+8FB1
6593,农,U+519C
6594,狍,U+72CD
6595,辵,U+8FB5
6596,迂,U+8FC2
6597,迄,U+8FC4
6598,迅,U+8FC5
6601,迎,U+8FCE
6602,近,U+8FD1
6603,迓,U+8FD3
6604,返,U+8FD4
6606,迢,U+8FE2
6607,迤,U+8FE4
6608,迥,U+8FE5
6609,迦,U+8FE6
6610,迨,U+8FE8
6611,迪,U+8FEA
6612,迫,U+8FEB
6613,迭,U+8FED
6614,逄,U+9004
6615,述,U+8FF0
6617,迷,U+8FF7
6618,迸,U+8FF8
6619,迹,U+8FF9
6620,追,U+8FFD
6621,迺,U+8FFA
6622,退,U+9000
6623,送,U+9001
6624,适,U+9002
6625,逃,U+9003
6626,逅,U+9005
6627,逆,U+9006
6628,逋,U+900B
6629,逯,U+902F
6630,逍,U+900D
6631,透,U+900F
6632,逐,U+9010
6633,逑,U+9011
6634,途,U+9014
6635,迳,U+8FF3
6636,逖,U+9016
6637,逗,U+9017
6638,这,U+8FD9
6639,通,U+901A
6640,逛,U+901B
6641,逝,U+901D
6642,逞,U+901E
6643,速,U+901F
6644,造,U+9020
6645,逡,U+9021
6646,逢,U+9022
6647,连,U+8FDE
6648,逭,U+902D
6649,逮,U+902E
6651,进,U+8FDB
6652,逵,U+9035
6653,逶,U+9036
6654,逸,U+9038
6656,逼,U+903C
6657,遇,U+9047
6658,遁,U+9041
6659,遂,U+9042
6660,遄,U+9044
6661,逾,U+903E
6663,运,U+8FD0
6664,遍,U+904D
6665,过,U+8FC7
6666,遏,U+904F
6667,遐,U+9050
6668,遑,U+9051
6669,遒,U+9052
6670,道,U+9053
6671,达,U+8FBE
6672,违,U+8FDD
6673,遘,U+9058
6674,遥,U+9065
6675,遛,U+905B
6676,逊,U+900A
6677,递,U+9012
6678,远,U+8FDC
6680,遣,U+9063
6681,遢,U+9062
6683,遨,U+9068
6685,遭,U+906D
6686,遮,U+906E
6688,迟,U+8FDF
6689,遴,U+9074
6690,遵,U+9075
6692,迁,U+8FC1
6693,选,U+9009
6695,遗,U+9057
6697,辽,U+8FBD
6698,遽,U+907D
6699,避,U+907F
6700,邀,U+9080
6701,迈,U+8FC8
6702,邂,U+9082
6703,还,U+8FD8
6705,迩,U+8FE9
6706,邃,U+9083
6707,邈,U+9088
6708,边,U+8FB9
6709,逻,U+903B
6710,逦,U+9026
6711,疱,U+75B1
6712,邑,U+9091
6713,邛,U+909B
6714,邗,U+9097
6715,邙,U+9099
6716,邕,U+9095
6717,邢,U+90A2
6719,那,U+90A3
6720,邡,U+90A1
6721,邦,U+90A6
6722,邨,U+90A8
6723,邪,U+90AA
6724,邠,U+90A0
6725,邯,U+90AF
6726,邱,U+90B1
6728,邴,U+90B4
6729,邳,U+90B3
6730,邵,U+90B5
6731,邶,U+90B6
6732,邸,U+90B8
6733,邰,U+90B0
6734,邽,U+90BD
6735,郁,U+90C1
6736,郅,U+90C5
6737,郇,U+90C7
6738,郊,U+90CA
6740,郃,U+90C3
6741,郗,U+90D7
6742,郄,U+90C4
6744,郛,U+90DB
6745,郎,U+90CE
6746,郡,U+90E1
6747,郢,U+90E2
6748,郤,U+90E4
6750,郜,U+90DC
6751,郏,U+90CF
6752,部,U+90E8
6753,郭,U+90ED
6754,郴,U+90F4
6755,邮,U+90AE
6756,郯,U+90EF
6757,都,U+90FD
6758,郿,U+90FF
6759,鄂,U+9102
6760,邹,U+90B9
6761,鄄,U+9104
6762,邬,U+90AC
6763,乡,U+4E61
6764,鄌,U+910C
6765,郧,U+90E7
6766,鄙,U+9119
6768,鄢,U+9122
6769,鄞,U+911E
6770,鄠,U+9120
6771,鄜,U+911C
6772,邓,U+9093
6774,郑,U+90D1
6775,邻,U+90BB
6776,鄱,U+9131
6777,邺,U+90BA
6778,郐,U+90D0
6779,郸,U+90F8
6781,鄯,U+912F
6782,邝,U+909D
6783,酂,U+9142
6784,酃,U+9143
6785,酆,U+9146
6786,郦,U+90E6
6787,郝,U+90DD
6788,酉,U+9149
6789,酊,U+914A
6790,酋,U+914B
6791,酌,U+914C
6792,配,U+914D
6793,酎,U+914E
6794,酒,U+9152
6796,酗,U+9157
6797,酢,U+9162
6798,酥,U+9165
6799,酣,U+9163
6800,酤,U+9164
6801,酡,U+9161
6802,酩,U+9169
6803,酪,U+916A
6804,酬,U+916C
6805,酲,U+9172
6806,酵,U+9175
6807,酷,U+9177
6808,酸,U+9178
6809,酴,U+9174
6810,酹,U+9179
6811,酞,U+915E
6813,醅,U+9185
6815,醇,U+9187
6816,醉,U+9189
6818,醋,U+918B
6819,醍,U+918D
6820,醐,U+9190
6821,醒,U+9192
6824,酝,U+915D
6826,醢,U+91A2
6828,醪,U+91AA
6829,医,U+533B
6830,酱,U+9171
6831,醮,U+91AE
6832,醯,U+91AF
6833,醴,U+91B4
6835,醵,U+91B5
6836,醺,U+91BA
6840,酿,U+917F
6844,锫,U+952B
6845,釆,U+91C6
6846,采,U+91C7
6847,释,U+91CA
6848,釉,U+91C9
6849,里,U+91CC
6850,重,U+91CD
6851,野,U+91CE
6852,量,U+91CF
6854,锌,U+950C
6855,金,U+91D1
6856,钊,U+948A
6857,钉,U+9489
6858,釜,U+91DC
6859,针,U+9488
6860,钓,U+9493
6861,钏,U+948F
6862,钙,U+9499
6865,钗,U+9497
6867,钯,U+94AF
6868,钝,U+949D
6869,钩,U+94A9
6870,钤,U+94A4
6871,钠,U+94A0
6872,钞,U+949E
6873,钮,U+94AE
6874,钧,U+94A7
6875,铃,U+94C3
6876,钹,U+94B9
6877,钰,U+94B0
6879,钿,U+94BF
6880,钜,U+949C
6881,铉,U+94C9
6883,钳,U+94B3
6884,铅,U+94C5
6885,钺,U+94BA
6886,钵,U+94B5
6888,铇,U+94C7
6889,铏,U+94CF
6890,铰,U+94F0
6891,钲,U+94B2
6892,银,U+94F6
6893,铳,U+94F3
6894,铜,U+94DC
6895,钴,U+94B4
6896,铂,U+94C2
6897,铣,U+94E3
6898,铨,U+94E8
6899,铢,U+94E2
6900,铭,U+94ED
6901,铦,U+94E6
6902,衔,U+8854
6903,铫,U+94EB
6904,锐,U+9510
6905,钾,U+94BE
6906,销,U+9500
6907,锈,U+9508
6908,锉,U+9509
6909,铹,U+94F9
6910,铤,U+94E4
6911,铗,U+94D7
6912,锋,U+950B
6913,锓,U+9513
6914,铀,U+94C0
6915,锄,U+9504
6916,铓,U+94D3
6917,铺,U+94FA
6918,铻,U+94FB
6920,锯,U+952F
6921,钢,U+94A2
6922,录,U+5F55
6923,锥,U+9525
6924,锟,U+951F
6925,锤,U+9524
6926,锱,U+9531
6927,铮,U+94EE
6928,锭,U+952D
6929,钱,U+94B1
6930,锦,U+9526
6931,锚,U+951A
6932,锡,U+9521
6933,锢,U+9522
6934,错,U+9519
6935,锛,U+951B
6936,锜,U+951C
6938,锅,U+9505
6939,锻,U+953B
6940,铋,U+94CB
6941,铵,U+94F5
6942,锹,U+9539
6943,键,U+952E
6945,锺,U+953A
6946,锴,U+9534
6947,镀,U+9540
6948,锷,U+9537
6949,锽,U+953D
6950,锸,U+9538
6951,锲,U+9532
6953,锾,U+953E
6956,锁,U+9501
6959,锘,U+9518
6961,镃,U+9543
6963,铠,U+94E0
6964,镐,U+9550
6965,镒,U+9552
6966,镇,U+9547
6967,镑,U+9551
6968,镞,U+955E
6969,链,U+94FE
6970,镝,U+955D
6971,鏖,U+93D6
6972,铿,U+94FF
6973,锵,U+9535
6974,镗,U+9557
6975,镜,U+955C
6976,镘,U+9558
6977,镖,U+9556
6978,镛,U+955B
6979,镂,U+9542
6980,铲,U+94F2
6982,锑,U+9511
6983,錾,U+933E
6984,铙,U+94D9
6985,铧,U+94E7
6986,铝,U+94DD
6987,镪,U+956A
6988,钟,U+949F
6989,镫,U+956B
6990,镌,U+954C
6991,镰,U+9570
6992,镯,U+956F
6993,铁,U+94C1
6994,镮,U+956E
6995,铎,U+94CE
6996,镍,U+954D
6997,铛,U+94DB
6999,铸,U+94F8
7000,镬,U+956C
7001,镔,U+9554
7003,鉴,U+9274
7005,钨,U+94A8
7007,铄,U+94C4
7009,镳,U+9573
7011,钥,U+94A5
7012,镭,U+956D
7013,镶,U+9576
7015,镊,U+954A
7016,𰾠,U+30FA0
7017,锣,U+9523
7019,銮,U+92AE
7020,凿,U+51FF
7021,锰,U+9530
7022,长,U+957F
7023,蜱,U+8731
7024,门,U+95E8
7025,闩,U+95E9
7026,闪,U+95EA
7027,闫,U+95EB
7028,闭,U+95ED
7029,闬,U+95EC
7030,开,U+5F00
7031,闳,U+95F3
7032,闰,U+95F0
7033,闲,U+95F2
7035,间,U+95F4
7036,闵,U+95F5
7037,闸,U+95F8
7039,阂,U+9602
7041,阁,U+9601
7042,阀,U+9600
7043,闺,U+95FA
7044,闽,U+95FD
7045,阃,U+9603
7046,阆,U+9606
7047,闾,U+95FE
7048,阅,U+9605
7049,阊,U+960A
7050,阉,U+9609
7051,阎,U+960E
7052,阏,U+960F
7053,阍,U+960D
7054,阈,U+9608
7055,阒,U+9612
7057,闱,U+95F1
7059,阔,U+9614
7060,阕,U+9615
7061,阑,U+9611
7062,阇,U+9607
7063,阗,U+9617
7064,阌,U+960C
7065,闿,U+95FF
7066,阖,U+9616
7067,阙,U+9619
7068,闯,U+95EF
7070,关,U+5173
7072,阓,U+9613
7073,阐,U+9610
7074,阚,U+961A
7076,阛,U+961B
7077,闼,U+95FC
7079,阜,U+961C
7080,阝,U+961D
7082,阡,U+9621
7086,阮,U+962E
7088,阱,U+9631
7089,防,U+9632
7090,阪,U+962A
7091,阻,U+963B
7092,阼,U+963C
7093,阿,U+963F
7094,陀,U+9640
7095,陂,U+9642
7096,附,U+9644
7097,陋,U+964B
7098,限,U+9650
7099,陌,U+964C
7100,降,U+964D
7101,陔,U+9654
7102,陉,U+9649
7103,陛,U+965B
7104,陕,U+9655
7105,陞,U+965E
7106,陟,U+965F
7107,陡,U+9661
7108,院,U+9662
7109,阵,U+9635
7110,除,U+9664
7111,陪,U+966A
7112,陬,U+966C
7113,阴,U+9634
7114,陲,U+9672
7115,陈,U+9648
7116,陴,U+9674
7117,陵,U+9675
7118,陶,U+9676
7119,陷,U+9677
7120,陆,U+9646
7122,阳,U+9633
7124,隍,U+968D
7126,隅,U+9685
7127,隆,U+9686
7128,隈,U+9688
7129,陧,U+9667
7130,队,U+961F
7131,隋,U+968B
7132,阶,U+9636
7133,隔,U+9694
7134,陨,U+9668
7136,隗,U+9697
7137,隘,U+9698
7138,隙,U+9699
7139,际,U+9645
7140,障,U+969C
7143,隧,U+96A7
7145,险,U+9669
7147,隰,U+96B0
7148,隐,U+9690
7149,隳,U+96B3
7150,陇,U+9647
7151,随,U+968F
7152,隶,U+96B6
7154,苤,U+82E4
7155,隹,U+96B9
7156,隻,U+96BB
7157,隼,U+96BC
7158,雀,U+96C0
7159,雁,U+96C1
7160,雄,U+96C4
7161,雅,U+96C5
7162,集,U+96C6
7163,雇,U+96C7
7164,雉,U+96C9
7165,隽,U+96BD
7166,雌,U+96CC
7167,雍,U+96CD
7168,雎,U+96CE
7170,雒,U+96D2
7171,雕,U+96D5
7172,巂,U+5DC2
7173,虽,U+867D
7174,雘,U+96D8
7175,双,U+53CC
7176,雏,U+96CF
7177,杂,U+6742
7181,难,U+96BE
7182,钷,U+94B7
7183,雨,U+96E8
7184,雩,U+96E9
7185,雪,U+96EA
7186,雯,U+96EF
7190,零,U+96F6
7191,雷,U+96F7
7192,雹,U+96F9
7193,电,U+7535
7194,需,U+9700
7195,霂,U+9702
7197,霄,U+9704
7198,霈,U+9708
7199,霉,U+9709
7200,霆,U+9706
7201,震,U+9707
7202,霍,U+970D
7203,霎,U+970E
7204,霏,U+970F
7206,霓,U+9713
7207,霖,U+9716
7208,霜,U+971C
7209,霞,U+971E
7212,雾,U+96FE
7213,霰,U+9730
7214,霪,U+972A
7216,露,U+9732
7218,霸,U+9738
7219,霹,U+9739
7221,霁,U+9701
7223,霾,U+973E
7224,霭,U+972D
7225,雳,U+96F3
7226,叇,U+53C7
7227,灵,U+7075
7228,叆,U+53C6
7230,青,U+9752
7231,靖,U+9756
7232,靓,U+9753
7233,靛,U+975B
7234,静,U+9759
7235,镤,U+9564
7236,非,U+975E
7237,靠,U+9760
7238,靡,U+9761
7239,氆,U+6C06
7240,面,U+9762
7243,靥,U+9765
7244,钎,U+948E
7245,革,U+9769
7246,靳,U+9773
7247,靴,U+9774
7248,鞅,U+9785
7249,靶,U+9776
7250,靰,U+9770
7254,鞍,U+978D
7255,巩,U+5DE9
7256,鞋,U+978B
7258,鞘,U+9798
7260,鞡,U+97A1
7263,鞠,U+97A0
7265,鞫,U+97AB
7267,鞭,U+97AD
7268,鞮,U+97AE
7271,鞲,U+97B2
7272,鞴,U+97B4
7275,鞑,U+9791
7277,鞯,U+97AF
7278,羟,U+7F9F
7279,韦,U+97E6
7280,韨,U+97E8
7281,韩,U+97E9
7282,韧,U+97E7
7289,韪,U+97EA
7290,韬,U+97EC
7291,韫,U+97EB
7294,炝,U+709D
7295,韭,U+97ED
7299,音,U+97F3
7300,韶,U+97F6
7301,韵,U+97F5
7305,苘,U+82D8
7306,页,U+9875
7307,顶,U+9876
7308,顷,U+9877
7309,项,U+9879
7310,顸,U+9878
7311,顺,U+987A
7312,须,U+987B
7313,颂,U+9882
7314,颃,U+9883
7315,预,U+9884
7316,顽,U+987D
7317,颁,U+9881
7318,颔,U+9894
7319,顿,U+987F
7320,顼,U+987C
7322,颀,U+9880
7324,颇,U+9887
7325,领,U+9886
7327,颉,U+9889
7328,颐,U+9890
7329,颚,U+989A
7331,颏,U+988F
7333,头,U+5934
7334,颒,U+9892
7335,颊,U+988A
7336,颕,U+9895
7338,颈,U+9888
7339,颓,U+9893
7340,频,U+9891
7341,颗,U+9897
7344,题,U+9898
7345,额,U+989D
7346,颜,U+989C
7348,颛,U+989B
7350,颡,U+98A1
7351,颠,U+98A0
7352,类,U+7C7B
7354,颟,U+989F
7355,颢,U+98A2
7357,顾,U+987E
7358,颤,U+98A4
7359,显,U+663E
7360,颦,U+98A6
7361,颅,U+9885
7362,颧,U+98A7
7363,粬,U+7CAC
7364,风,U+98CE
7366,飒,U+98D2
7367,飓,U+98D3
7368,飔,U+98D4
7370,飏,U+98CF
7371,飖,U+98D6
7372,飕,U+98D5
7373,飘,U+98D8
7374,飙,U+98D9
7375,飗,U+98D7
7378,飞,U+98DE
7379,醛,U+919B
7380,食,U+98DF
7382,饥,U+9965
7383,饤,U+9964
7385,飧,U+98E7
7386,饨,U+9968
7387,饪,U+996A
7388,饫,U+996B
7389,饬,U+996C
7390,饮,U+996E
7391,饭,U+996D
7392,饴,U+9974
7393,饲,U+9972
7394,饱,U+9971
7395,饰,U+9970
7396,饸,U+9978
7397,饹,U+9979
7398,饺,U+997A
7399,饼,U+997C
7400,饻,U+997B
7401,饷,U+9977
7402,养,U+517B
7403,饵,U+9975
7404,餐,U+9910
7405,饾,U+997E
7407,馁,U+9981
7408,饿,U+997F
7410,馂,U+9982
7411,馀,U+9980
7412,馄,U+9984
7414,馅,U+9985
7415,饯,U+996F
7416,饽,U+997D
7418,馍,U+998D
7419,馆,U+9986
7421,餮,U+992E
7424,饧,U+9967
7426,饩,U+9969
7429,馒,U+9992
7431,馑,U+9991
7432,馈,U+9988
7433,馔,U+9994
7437,饶,U+9976
7438,饔,U+9954
7439,饕,U+9955
7440,飨,U+98E8
7441,餍,U+990D
7443,馋,U+998B
7445,首,U+9996
7446,馘,U+9998
7447,馗,U+9997
7448,炔,U+7094
7449,香,U+9999
7450,馥,U+99A5
7451,馨,U+99A8
7455,蛲,U+86F2
7456,马,U+9A6C
7457,驭,U+9A6D
7458,冯,U+51AF
7459,驰,U+9A70
7460,驯,U+9A6F
7461,驮,U+9A6E
7462,驲,U+9A72
7463,驳,U+9A73
7465,驻,U+9A7B
7466,驽,U+9A7D
7467,驹,U+9A79
7468,驾,U+9A7E
7469,骀,U+9A80
7470,驸,U+9A78
7471,驶,U+9A76
7474,驼,U+9A7C
7475,驷,U+9A77
7478,骈,U+9A88
7480,骇,U+9A87
7482,骆,U+9A86
7484,骃,U+9A83
7485,骎,U+9A8E
7486,骏,U+9A8F
7487,骔,U+9A94
7488,骋,U+9A8B
7489,骓,U+9A93
7490,骍,U+9A8D
7494,骑,U+9A91
7496,骐,U+9A90
7497,骛,U+9A9B
7499,骗,U+9A97
7500,骢,U+9AA2
7505,骞,U+9A9E
7506,腾,U+817E
7507,驺,U+9A7A
7509,骟,U+9A9F
7510,骚,U+9A9A
7511,骝,U+9A9D
7512,骡,U+9AA1
7513,蓦,U+84E6
7514,骜,U+9A9C
7515,骖,U+9A96
7516,骠,U+9AA0
7517,驱,U+9A71
7520,骅,U+9A85
7522,骁,U+9A81
7524,骄,U+9A84
7525,骕,U+9A95
7526,验,U+9A8C
7528,惊,U+60CA
7531,驿,U+9A7F
7532,骤,U+9AA4
7533,驴,U+9A74
7534,骧,U+9AA7
7535,骥,U+9AA5
7537,骊,U+9A8A
7539,骨,U+9AA8
7541,骶,U+9AB6
7542,肮,U+80AE
7543,骱,U+9AB1
7544,骰,U+9AB0
7545,骷,U+9AB7
7546,骸,U+9AB8
7547,骼,U+9ABC
7549,髀,U+9AC0
7551,髅,U+9AC5
7553,髑,U+9AD1
7555,体,U+4F53
7556,髋,U+9ACB
7557,髓,U+9AD3
7558,鞣,U+97A3
7559,高,U+9AD8
7560,铷,U+94F7
7561,髟,U+9ADF
7562,髡,U+9AE1
7565,髦,U+9AE6
7567,髫,U+9AEB
7568,髭,U+9AED
7570,髯,U+9AEF
7571,鬃,U+9B03
7573,髻,U+9AFB
7574,髹,U+9AF9
7576,鬈,U+9B08
7580,鬐,U+9B10
7583,鬘,U+9B18
7587,鬟,U+9B1F
7588,鬣,U+9B23
7589,鬓,U+9B13
7591,鬥,U+9B25
7594,阋,U+960B
7596,阄,U+9604
7597,铯,U+94EF
7598,鬯,U+9B2F
7599,鬱,U+9B31
7600,锶,U+9536
7601,鬲,U+9B32
7605,鬻,U+9B3B
7607,鬼,U+9B3C
7608,魁,U+9B41
7609,魂,U+9B42
7610,魃,U+9B43
7611,魄,U+9B44
7613,魅,U+9B45
7614,魏,U+9B4F
7617,魈,U+9B48
7618,魍,U+9B4D
7619,魉,U+9B49
7620,魑,U+9B51
7621,魔,U+9B54
7623,魇,U+9B47
7624,唢,U+5522
7625,鱼,U+9C7C
7626,鱿,U+9C7F
7627,鲁,U+9C81
7628,鲖,U+9C96
7629,鲂,U+9C82
7630,鲇,U+9C87
7631,鲋,U+9C8B
7632,鲐,U+9C90
7633,鲊,U+9C8A
7634,鲑,U+9C91
7635,鲔,U+9C94
7636,鲘,U+9C98
7637,鲍,U+9C8D
7638,鲞,U+9C9E
7639,鲜,U+9C9C
7640,鲛,U+9C9B
7641,鲧,U+9CA7
7642,鲤,U+9CA4
7643,鲠,U+9CA0
7644,鲨,U+9CA8
7645,鲭,U+9CAD
7646,鲵,U+9CB5
7647,鲳,U+9CB3
7648,鲓,U+9C93
7649,鲲,U+9CB2
7650,鲸,U+9CB8
7651,鲫,U+9CAB
7652,鲩,U+9CA9
7653,鳊,U+9CCA
7654,鲽,U+9CBD
7655,鳅,U+9CC5
7657,鲡,U+9CA1
7658,鳃,U+9CC3
7659,鳏,U+9CCF
7660,鳒,U+9CD2
7661,鲥,U+9CA5
7662,鳍,U+9CCD
7663,鳌,U+9CCC
7664,鲶,U+9CB6
7665,鳗,U+9CD7
7666,鳀,U+9CC0
7667,鳖,U+9CD6
7668,鳝,U+9CDD
7669,鲟,U+9C9F
7670,鲎,U+9C8E
7671,鲙,U+9C99
7672,鳣,U+9CE3
7673,鳞,U+9CDE
7674,鳔,U+9CD4
7675,鳜,U+9CDC
7676,鳘,U+9CD8
7677,鲮,U+9CAE
7678,鲈,U+9C88
7679,鲄,U+9C84
7680,鸟,U+9E1F
7682,鸠,U+9E20
7683,凫,U+51EB
7685,凤,U+51E4
7686,鸣,U+9E23
7687,鸢,U+9E22
7689,鸱,U+9E31
7690,鸩,U+9E29
7691,鸨,U+9E28
7693,鸦,U+9E26
7696,鸳,U+9E33
7697,鸮,U+9E2E
7698,鸪,U+9E2A
7699,鸯,U+9E2F
7700,鸭,U+9E2D
7701,鸰,U+9E30
7702,鸲,U+9E32
7703,鸿,U+9E3F
7704,鸽,U+9E3D
7707,鸺,U+9E3A
7708,鹈,U+9E48
7709,鹅,U+9E45
7710,鹃,U+9E43
7711,鹄,U+9E44
7712,鹁,U+9E41
7713,鹉,U+9E49
7714,鹆,U+9E46
7715,鹌,U+9E4C
7717,鹊,U+9E4A
7718,鹑,U+9E51
7720,鹏,U+9E4F
7721,鹍,U+9E4D
7723,鹙,U+9E59
7724,鹕,U+9E55
7725,鹗,U+9E57
7726,鹜,U+9E5C
7727,莺,U+83BA
7729,鹤,U+9E64
7731,鹡,U+9E61
7732,鹚,U+9E5A
7733,鹒,U+9E52
7735,鸧,U+9E27
7737,鹘,U+9E58
7738,鹣,U+9E63
7739,鹢,U+9E62
7740,鹞,U+9E5E
7741,鸡,U+9E21
7743,鸥,U+9E25
7744,鹧,U+9E67
7746,鹥,U+9E65
7747,鸷,U+9E37
7748,鸶,U+9E36
7750,鹫,U+9E6B
7751,鹰,U+9E70
7752,鹭,U+9E6D
7753,鹪,U+9E6A
7754,鹩,U+9E69
7756,鹬,U+9E6C
7757,鹯,U+9E6F
7759,鸴,U+9E34
7760,鸬,U+9E2C
7761,鹦,U+9E66
7762,鸾,U+9E3E
7764,鹳,U+9E73
7765,鹂,U+9E42
7767,卤,U+5364
7770,盐,U+76D0
7771,鹾,U+9E7E
7772,熵,U+71B5
7773,鹿,U+9E7F
7774,麂,U+9E82
7775,铈,U+94C8
7776,麀,U+9E80
7778,麇,U+9E87
7779,麈,U+9E88
7780,麋,U+9E8B
7783,麑,U+9E91
7784,麒,U+9E92
7785,麓,U+9E93
7787,丽,U+4E3D
7790,麝,U+9E9D
7792,麟,U+9E9F
7795,涮,U+6DAE
7796,麦,U+9EA6
7800,麹,U+9EB9
7801,蒴,U+84B4
7802,麻,U+9EBB
7803,麽,U+9EBD
7804,麾,U+9EBE
7806,黄,U+9EC4
7808,黉,U+9EC9
7809,铊,U+94CA
7810,黍,U+9ECD
7811,黏,U+9ECF
7812,黎,U+9ECE
7814,溚,U+6E9A
7815,黑,U+9ED1
7816,黔,U+9ED4
7817,默,U+9ED8
7818,黛,U+9EDB
7819,黜,U+9EDC
7820,点,U+70B9
7821,黝,U+9EDD
7822,黠,U+9EE0
7823,黥,U+9EE5
7824,黧,U+9EE7
7826,黯,U+9EEF
7829,黡,U+9EE1
7830,黩,U+9EE9
7831,傣,U+50A3
7832,黹,U+9EF9
7833,黻,U+9EFB
7834,黼,U+9EFC
7835,钛,U+949B
7836,黾,U+9EFE
7837,鼋,U+9F0B
7839,鼌,U+9F0C
7842,鼍,U+9F0D
7843,钽,U+94BD
7844,鼎,U+9F0E
7845,鼐,U+9F10
7847,鼒,U+9F12
7849,鼓,U+9F13
7851,鼗,U+9F17
7853,鼙,U+9F19
7856,羰,U+7FB0
7857,鼠,U+9F20
7858,鼢,U+9F22
7860,鼬,U+9F2C
7861,鼯,U+9F2F
7862,鼹,U+9F39
7863,鼷,U+9F37
7864,醣,U+91A3
7865,鼻,U+9F3B
7867,鼾,U+9F3E
7870,铽,U+94FD
7871,齐,U+9F50
7872,斋,U+658B
7874,齑,U+9F51
7875,菾,U+83FE
7876,齿,U+9F7F
7877,龀,U+9F80
7878,龁,U+9F81
7879,龂,U+9F82
7880,龃,U+9F83
7881,龄,U+9F84
7882,龆,U+9F86
7883,龈,U+9F88
7886,龉,U+9F89
7887,龊,U+9F8A
7889,龋,U+9F8B
7890,腭,U+816D
7891,龌,U+9F8C
7893,龙,U+9F99
7894,厐,U+5390
7895,龚,U+9F9A
7896,龛,U+9F9B
7897,舔,U+8214
7898,龟,U+9F9F
7899,烃,U+70C3
7900,龠,U+9FA0
7903,楟,U+695F
7904,酮,U+916E
7905,茼,U+833C
7906,烔,U+70D4
7907,钍,U+948D
7908,佤,U+4F64
7909,烷,U+70F7
7910,烯,U+70EF
7911,螅,U+8785
7912,氙,U+6C19
7913,酰,U+9170
7914,鳕,U+9CD5
7915,荨,U+8368
7916,垭,U+57AD
7917,铱,U+94F1
7918,钇,U+9487
7919,镱,U+9571
7920,铟,U+94DF
7921,铕,U+94D5
7923,鳟,U+9CDF
7924,蟑,U+87D1
7925,礃,U+7903
7926,锗,U+9517
7927,酯,U+916F
8001,万,U+4E07
8002,丘,U+4E18
8003,乒,U+4E52
8004,乓,U+4E53
8005,甭,U+752D
8006,孬,U+5B6C
8010,么,U+4E48
8012,乩,U+4E69
8015,亍,U+4E8D
8016,亓,U+4E93
8017,亘,U+4E98
8021,仂,U+4EC2
8022,仉,U+4EC9
8024,伃,U+4F03
8026,伽,U+4F3D
8028,伫,U+4F2B
8032,佼,U+4F7C
8034,佴,U+4F74
8035,佫,U+4F6B
8037,侢,U+4FA2
8044,伣,U+4F23
8045,俅,U+4FC5
8046,伡,U+4F21
8051,侴,U+4FB4
8053,倢,U+5022
8055,倴,U+5034
8056,倔,U+5014
8059,偲,U+5072
8064,偬,U+506C
8067,偌,U+504C
8072,僬,U+50EC
8079,儡,U+5121
8080,傩,U+50A9
8093,党,U+515A
8094,凃,U+51C3
8096,减,U+51CF
8099,冨,U+51A8
8104,剞,U+525E
8105,劂,U+5282
8106,刿,U+523F
8113,勋,U+52CB
8116,匆,U+5306
8120,吋,U+540B
8123,吱,U+5431
8125,呎,U+544E
8126,听,U+542C
8131,咚,U+549A
8134,咥,U+54A5
8135,哆,U+54C6
8136,咻,U+54BB
8139,呙,U+5459
8142,呗,U+5457
8143,唑,U+5511
8145,啗,U+5557
8146,唪,U+552A
8147,唼,U+553C
8148,啐,U+5550
8149,啍,U+554D
8150,唶,U+5536
8156,唝,U+551D
8165,啯,U+556F
8166,嘌,U+560C
8167,唠,U+5520
8168,噙,U+5659
8172,呒,U+5452
8174,哒,U+54D2
8178,嚆,U+5686
8181,嚭,U+56AD
8182,呖,U+5456
8183,噜,U+565C
8185,喾,U+55BE
8186,啃,U+5543
8188,囝,U+56DD
8189,囡,U+56E1
8191,圊,U+570A
8197,圯,U+572F
8198,圪,U+572A
8199,壳,U+58F3
8201,坻,U+577B
8205,坿,U+577F
8206,垇,U+5787
8208,垞,U+579E
8209,垤,U+57A4
8210,垚,U+579A
8211,垌,U+578C
8213,垟,U+579F
8214,垕,U+5795
8217,埂,U+57C2
8219,垸,U+57B8
8222,埌,U+57CC
8224,埕,U+57D5
8230,堉,U+5809
8231,堎,U+580E
8232,堀,U+5800
8233,堌,U+580C
8237,塓,U+5853
8239,堍,U+580D
8241,埚,U+57DA
8242,塬,U+586C
8243,塱,U+5871
8244,塝,U+585D
8245,堽,U+583D
8247,塥,U+5865
8250,墕,U+5895
8255,垱,U+57B1
8259,墙,U+5899
8262,墒,U+5892
8263,垅,U+5785
8268,夼,U+593C
8280,姘,U+59D8
8281,娒,U+5A12
8289,婥,U+5A65
8292,媄,U+5A84
8293,媞,U+5A9E
8295,媮,U+5AAE
8296,婿,U+5A7F
8299,婳,U+5A73
8300,娴,U+5A34
8301,妩,U+59A9
8302,嫒,U+5AD2
8304,孃,U+5B43
8311,孖,U+5B56
8320,屲,U+5C72
8321,屴,U+5C74
8322,屼,U+5C7C
8324,岙,U+5C99
8325,岍,U+5C8D
8326,岜,U+5C9C
8327,岨,U+5CA8
8328,岬,U+5CAC
8329,岞,U+5C9E
8330,峃,U+5CC3
8331,峇,U+5CC7
8335,峱,U+5CF1
8338,崞,U+5D1E
8339,崮,U+5D2E
8342,崽,U+5D3D
8343,崴,U+5D34
8344,峣,U+5CE3
8348,嶓,U+5D93
8349,崄,U+5D04
8354,岿,U+5CBF
8360,巯,U+5DEF
8363,幞,U+5E5E
8369,庄,U+5E84
8373,廒,U+5ED2
8375,庼,U+5EBC
8381,异,U+5F02
8382,弌,U+5F0C
8383,弎,U+5F0E
8384,甙,U+7519
8388,忪,U+5FEA
8421,扡,U+6261
8422,扦,U+6266
8423,抃,U+6283
8428,掰,U+63B0
8429,拶,U+62F6
8432,捃,U+6343
8436,挜,U+631C
8438,掮,U+63AE
8439,揸,U+63F8
8445,揎,U+63CE
8448,揶,U+63F6
8452,搢,U+6422
8453,揾,U+63FE
8459,搡,U+6421
8464,摷,U+6477
8466,搿,U+643F
8469,挦,U+6326
8471,揿,U+63FF
8473,掸,U+63B8
8479,掱,U+63B1
8489,敜,U+655C
8490,敫,U+656B
8494,斏,U+658F
8502,昀,U+6600
8504,昊,U+660A
8508,晟,U+665F
8510,晧,U+6667
8512,晾,U+667E
8513,暋,U+668B
8514,暌,U+668C
8518,晔,U+6654
8519,暧,U+66A7
8530,杠,U+6760
8533,杅,U+6745
8537,杻,U+677B
8552,栝,U+681D
8557,桋,U+684B
8558,栒,U+6812
8559,栟,U+681F
8560,桬,U+686C
8565,枧,U+67A7
8566,棑,U+68D1
8569,棸,U+68F8
8572,椑,U+6911
8574,楙,U+6959
8575,楀,U+6940
8576,楂,U+6942
8584,椝,U+691D
8586,椫,U+692B
8587,橇,U+6A47
8589,檎,U+6A8E
8591,桪,U+686A
8592,枟,U+679F
8593,槜,U+69DC
8594,檑,U+6A91
8596,檴,U+6AB4
8599,橱,U+6A71
8601,橥,U+6A65
8603,榉,U+6989
8632,毚,U+6BDA
8633,毵,U+6BF5
8635,氞,U+6C1E
8636,氟,U+6C1F
8637,氨,U+6C28
8638,氧,U+6C27
8639,氥,U+6C25
8640,氦,U+6C26
8641,氢,U+6C22
8642,氰,U+6C30
8644,氮,U+6C2E
8645,氩,U+6C29
8646,氕,U+6C15
8647,氘,U+6C18
8648,氚,U+6C1A
8659,氿,U+6C3F
8660,汆,U+6C46
8661,沄,U+6C84
8662,沇,U+6C87
8671,洴,U+6D34
8673,涌,U+6D8C
8677,浤,U+6D64
8680,浼,U+6D7C
8681,淖,U+6DD6
8685,淠,U+6DE0
8688,沨,U+6CA8
8692,渌,U+6E0C
8693,淼,U+6DFC
8694,渲,U+6E32
8697,溏,U+6E8F
8700,溴,U+6EB4
8701,滉,U+6EC9
8702,滏,U+6ECF
8708,漷,U+6F37
8709,澉,U+6F89
8712,沵,U+6CB5
8714,滢,U+6EE2
8715,瀌,U+700C
8731,灺,U+707A
8732,炅,U+7085
8741,烱,U+70F1
8743,焯,U+712F
8746,焱,U+7131
8759,熳,U+71B3
8761,燋,U+71CB
8763,烨,U+70E8
8781,牮,U+726E
8786,犇,U+7287
8787,犄,U+7284
8799,狨,U+72E8
8805,猆,U+7306
8811,猃,U+7303
8813,猕,U+7315
8814,獾,U+737E
8819,玥,U+73A5
8823,珺,U+73FA
8825,琼,U+743C
8826,琷,U+7437
8827,琰,U+7430
8828,珐,U+73D0
8829,珲,U+73F2
8830,瑄,U+7444
8831,瑂,U+7442
8832,瑔,U+7454
8833,瑢,U+7462
8834,琏,U+740F
8835,瑭,U+746D
8840,璩,U+74A9
8842,瑷,U+7477
8853,甏,U+750F
8858,畈,U+7548
8859,疃,U+7583
8864,疢,U+75A2
8871,痤,U+75E4
8873,瘃,U+7603
8875,瘄,U+7604
8876,瘈,U+7608
8877,瘌,U+760C
8880,瘭,U+762D
8883,瘅,U+7605
8884,癒,U+7652
8895,癿,U+767F
8901,盹,U+76F9
8904,眚,U+771A
8905,眢,U+7722
8915,睽,U+777D
8918,瞟,U+779F
8919,瞫,U+77AB
8926,矬,U+77EC
8928,矽,U+77FD
8931,砢,U+7822
8932,砣,U+7823
8933,砠,U+7820
8935,砝,U+781D
8938,砷,U+7837
8943,硐,U+7850
8944,硅,U+7845
8947,硭,U+786D
8948,硪,U+786A
8951,碚,U+789A
8955,碳,U+78B3
8956,碶,U+78B6
8962,磡,U+78E1
8965,硚,U+785A
8968,礞,U+791E
8969,硷,U+7877
8970,硒,U+7852
8981,禚,U+799A
8983,禤,U+79A4
8993,稖,U+7A16
9002,窿,U+7ABF
9005,竜,U+7ADC
9010,筘,U+7B58
9018,篥,U+7BE5
9020,簉,U+7C09
9023,簰,U+7C30
9024,籝,U+7C5D
9035,粞,U+7C9E
9036,粦,U+7CA6
9037,粮,U+7CAE
9040,粽,U+7CBD
9041,糅,U+7CC5
9048,糌,U+7CCC
9053,纼,U+7EBC
9055,纰,U+7EB0
9057,绁,U+7EC1
9064,绲,U+7EF2
9065,缂,U+7F02
9069,绬,U+7EEC
9071,缑,U+7F11
9088,罾,U+7F7E
9090,芈,U+8288
9107,聱,U+8071
9112,肪,U+80AA
9113,胛,U+80DB
9115,脉,U+8109
9116,胆,U+80C6
9120,脞,U+811E
9126,脖,U+8116
9131,腌,U+814C
9136,膘,U+8198
9140,臑,U+81D1
9141,膑,U+8191
9152,舢,U+8222
9153,舨,U+8228
9154,舺,U+823A
9166,茓,U+8313
9167,芘,U+8298
9171,荅,U+8345
9173,茬,U+832C
9174,莦,U+83A6
9181,荝,U+835D
9185,葠,U+8460
9186,蓪,U+84EA
9190,苁,U+82C1
9191,蓷,U+84F7
9195,薸,U+85B8
9213,虒,U+8652
9223,蚬,U+86AC
9227,蝓,U+8753
9230,蝤,U+8764
9231,螓,U+8793
9236,螗,U+8797
9237,螵,U+87B5
9240,蟢,U+87E2
9241,蠋,U+880B
9242,蛴,U+86F4
9244,蠭,U+882D
9260,裢,U+88E2
9268,襞,U+895E
9278,觜,U+89DC
9287,诇,U+8BC7
9294,诨,U+8BE8
9300,谉,U+8C09
9301,谰,U+8C30
9317,豮,U+8C6E
9322,贠,U+8D20
9328,趱,U+8DB1
9332,跤,U+8DE4
9337,踦,U+8E26
9338,踪,U+8E2A
9345,蹩,U+8E69
9349,蹼,U+8E7C
9351,躞,U+8E9E
9363,轲,U+8F72
9368,辚,U+8F9A
9374,迮,U+8FEE
9380,邋,U+908B
9386,邘,U+9098
9390,郈,U+90C8
9392,郚,U+90DA
9395,郫,U+90EB
9398,郓,U+90D3
9401,郾,U+90FE
9409,鄚,U+911A
9410,鄣,U+9123
9428,醑,U+9191
9432,酾,U+917E
9433,酽,U+917D
9437,钋,U+948B
9438,钐,U+9490
9440,钒,U+9492
9442,钑,U+9491
9443,钫,U+94AB
9445,钭,U+94AD
9446,钘,U+9498
9448,铍,U+94CD
9449,钻,U+94BB
9450,铆,U+94C6
9453,钼,U+94BC
9456,铐,U+94D0
9459,铬,U+94EC
9462,鋆,U+92C6
9465,锂,U+9502
9467,锒,U+9512
9468,钡,U+94A1
9472,铔,U+94D4
9475,锨,U+9528
9477,锬,U+952C
9478,锖,U+9516
9480,锠,U+9520
9481,锞,U+951E
9482,鍪,U+936A
9484,铡,U+94E1
9485,镁,U+9541
9486,钖,U+9496
9487,锳,U+9533
9490,镏,U+954F
9493,镉,U+9549
9494,铩,U+94E9
9495,鏊,U+93CA
9496,蓥,U+84E5
9497,鎏,U+938F
9503,镦,U+9566
9505,锏,U+950F
9506,镨,U+9568
9507,镣,U+9563
9509,镡,U+9561
9510,镢,U+9562
9514,锧,U+9527
9515,鑫,U+946B
9527,闹,U+95F9
9532,阽,U+963D
9552,靔,U+9754
9555,靺,U+977A
9557,靼,U+977C
9560,鞨,U+97A8
9576,颋,U+988B
9577,颌,U+988C
9581,颙,U+9899
9594,饦,U+9966
9600,馊,U+998A
9601,馎,U+998E
9606,馃,U+9983
9615,驵,U+9A75
9622,骦,U+9AA6
9623,骉,U+9A89
9629,髁,U+9AC1
9639,鲀,U+9C80
9641,鲅,U+9C85
9643,鲒,U+9C92
9646,鲰,U+9CB0
9647,鲻,U+9CBB
9648,鲷,U+9CB7
9649,鲗,U+9C97
9650,鳇,U+9CC7
9651,鲝,U+9C9D
9652,鳆,U+9CC6
9653,鳄,U+9CC4
9654,鲢,U+9CA2
9655,鲦,U+9CA6
9656,鲱,U+9CB1
9657,鲴,U+9CB4
9658,鳁,U+9CC1
9660,鳎,U+9CCE
9661,鳢,U+9CE2
9662,鲚,U+9C9A
9663,鳙,U+9CD9
9664,鳠,U+9CE0
9665,鲿,U+9CBF
9667,鳛,U+9CDB
9676,鸵,U+9E35
9677,鹓,U+9E53
9679,鹖,U+9E56
9681,鹔,U+9E54
9684,鹴,U+9E74
9690,麸,U+9EB8
9694,黟,U+9EDF
