index	code	transcribed_group	plaintext
1	15^CircleWithHorizontalBar	1 5^+	waar
2	452	4 5 2	bÿ
3	730^_	7^_ 3^_ 0^_	in
4	833^^	8 3^^ 3	[ge]sloten
5	944^o	^_ 9 4^o 4	waren
6	26	2 6	de
7	"371^"""	3 7^{''} 1	antwoort
8	451^_	^_ 4 5 1	konnen
9	13^_	1^_ 3^_	hot
10	131^_	^_ 1^_ 3^_ 1^_	van
11	209^o	2 0^o 9	tri
12	526^^	5 2^^ 6	ra
13	869^^	8 6^^ 9	n
14	413^^	4 1^^ 3	k
15	884^^	8 8^^ 4	rÿk
16	158	1 5 8	en
17	919^^	9 1^^ 9	spa
18	881	8 8 1	nje
19	379	3 7 9	op
20	25	2 5	de
21	"673^"""	6 7^{''} 3	propositie
22	254^CircleWithHorizontalBar	2^_ 5^+ 4^_	welke
23	815	8 1 5	de
24	"774^"""	7 7^{''} 4	by
25	85	8 5	de
26	370^_	3^_ 7^_ 0	oorlogend
27	31^^	3^^ 1	e
28	13^_	1^_ 3^_	hot
29	375^_	^_ 3 7 5	konde
30	"815^"""	8 1^{''} 5	dezolve
31	216^_	2 1^_ 6	hetten
32	385^_	3^_ 8^_ 5	laaten
33	57	5 7	volgen
34	379	3 7 9	op
35	815	8 1 5	de
36	"487^"""	4 8^{''} 7	bew
37	767^o	7 6^o 7	us
38	251^o	2 5^o 1	te
39	425^^	4 2^^ 5	pre
40	311	3 1 1	l
41	5	5	i
42	976^_	9^_ 7^_ 6	min
43	"127^"""	1 2^{''} 7	ai
44	550^^	5 5^^ 0	res
45	664^^	6 6^^ 4	propositie F
46	26^_	^_ 2 6	
47	"617^"""	6 1^{''} 7	
48	254^CircleWithHorizontalBar	2^_ 5^+ 4^_	welke
49	25	2 5	de
50	62^^	6^^ 2	oost
51	341^^	3 4 1^^	en
52	884^^	8 8^^ 4	rÿk
53	822^^	8 2^^ 2	se
54	750^_	7^_ 5^_ 0^_	Minister F
55	851^CircleWithHorizontalBar	8 5^+ 1	Zondag
56	447^o	4 4^o 7	van Zyn Hof
57	353^^	3 5^^ 3	ontfangen
58	143^_	1^_ 4^_ 3^_	heeft
59	158	1 5 8	en
60	15^CircleWithHorizontalBar	1^_ 5^+	waar
61	131^_	1^_ 3^_ 1^_	van
62	730^_	7^_ 3^_ 0^_	in
63	26	2 6	de
64	749^_	7^_ 4^_ 9^_	mÿne
65	375	3 7 5	aan
66	144^_	1^_ 4^_ 4^_	de Hur
67	590	5 9 0	
68	797	7 9 7	
69	481^_	4 8^_ 1^_	maak?
70	7	7	te
71	527	5 2 7	ver
72	952^_	9^_ 5^_ 2^_	onder
73	851^^	8 5^^ 1	steld
74	39^^	3 9^^	men
75	94^o	9 4^o	dat
76	29^^	2 9^^	
77	112	1 1 2	depeche
78	300^^	^_ 3 0^^ 0	over
79	772	7 7 2	gebr
80	"277^"""	2 7^{''} 7	agt ?
81	143^_	1^_ 4^_ 3^_	heeft
82	"85^"""	8 5^{''}	be
83	208^o	2 0^o 8	trek
84	293^_	2 9^_ 3	ke
85	404^_	4 0^_ 4	lijk
86	7^CircleWithHorizontalBar	7^+	et
87	101^CircleWithHorizontalBar	1^_ 0^+ 1^_	wel
88	379	3 7 9	op
89	26	2 6	de
90	737^o	7 3^o 7	bewuste
91	"371^"""	3 7^{''} 1	antwoort
92	"59^"""	^_ 5 9^{''}	als
93	379	3 7 9	op
94	743	7 4 3	dak?
95	131^_	1^_ 3^_ 1^_	van
96	333	3 3 3	en
97	448	4 4 8	ge
98	311^_	3^_ 1^_ 1^_	land
99	379	3 7 9	op
100	114^^	1 1^^ 4	het
101	126^CircleWithHorizontalBar	1^_ 2^+ 6	zelve
102	856^^	8 5^^ 6	
103	228^_	2 2^_ 8^_	
104	497	4 9 7	even
105	57^CircleWithHorizontalBar	5^_ 7^+	zo
106	976^_	9 7^_ 6	min
107	"59^"""	5 9^{''}	als
108	178	1 7 8	
109	715	7 1 5	beid
110	31^^	3 1^^	e
111	314	3 1 4	eenig
112	672^_	6 7^_ 2^_	middel
113	300^^	3 0^^ 0	over
114	460^_	4^_ 6^_ 0^_	laat?
115	15^CircleWithHorizontalBar	1^+ 5^_	waar
116	60	6 0	door
117	25	2 5	de
118	812^o	8 1^o 2	voornocond?
119	31^^	3 1^^	e
120	370^_	3 7^_ 0	oorlogend
121	31^^	3^^ 1	e
122	13^_	1^_ 3^_	hot
123	375^_	^_ 3 7 5	konde
124	741	7 4 1	haar
125	31^^	3 1^^	e
126	647^_	6 4^_ 7^_	mediator
127	109^^	1 0^^ 9	met
128	131^_	1^_ 3^_ 1^_	van
129	161^o	1 6^o 1	
130	387	3 8 7	eenige
131	533^o	5 3^o 3	verder
132	31^^	3 1^^	e
133	256^CircleWithHorizontalBar	2 5^+ 6	werk
134	193^CircleWithHorizontalBar	1^_ 9^+ 3^_	zaaon?
135	71^_	7^_ 1^_	heid
136	293^CircleWithHorizontalBar	2 9^+ 3	zoude?
137	451^_	4 5^_ 1^_	konnen
138	707	7 0 7	geven?
139	292^^	2 9^^ 2	opiniatre
140	196	1 9 6	er
141	406	4 0 6	ende
142	206^CircleWithHorizontalBar	2 0^+ 6	zig
143	924	9 2 4	het
144	13^_	1^_ 3^_	hot
145	131^_	1^_ 3^_ 1^_	van
146	333	3 3 3	en
147	448	4 4 8	ge
148	311^_	3^_ 1^_ 1^_	land
149	9^^	9^^	nog
150	846	8 4 6	
151	48^_	4^_ 8^_	om
152	379	3 7 9	op
153	387	3 8 7	eenige
154	448^CircleWithHorizontalBar	4^_ 4^+ 8^_	r
155	984	9 8 4	hand
156	31^^	3 1^^	e
157	40^CircleWithHorizontalBar	4^_ 0^+	wÿze
158	26	2 6	de
159	"367^"""	3 6^{''} 7	America
160	"17^"""	1 7^{''}	en
161	"322^"""	3 2^{''} 2	s
162	"514^"""	5 1^{''} 4	chi
163	"443^"""	4 4^{''} 3	ce?
164	323^_	3^_ 2^_ 3^_	lo
165	261^^	2 6^^ 1	n
166	260^^	2 6^^ 0	i
167	341^^	3 4^^ 1	en
168	57	5 7	volgen
169	527	5 2 7	ver
170	367	3 6 7	
171	171	1 7 1	eer
172	581	5 8 1	
173	114	1 1 4	Dertag? ?
174	226	2 2 6	
175	31^^	3 1^^	e
176	939	9 3 9	
177	39	3 9	hun
178	206	2 0 6	etre
179	527	5 2 7	ver
180	46^CircleWithHorizontalBar	4^+ 6^_	zeker?
181	4^CircleWithHorizontalBar	4^+	t
182	743	7 4 3	dak?
183	822^^	8 2^^ 2	se
184	16	1 6	daar
185	300^^	3 0^^ 0	over
186	9^^	9^^	nog
187	846	8 4 6	
188	"443^"""	4 4^{''} 3	ce?
189	673^^	6 7^^ 3	que
190	161	1 6 1	ta
191	4^CircleWithHorizontalBar	4^+	t
192	750	7 5 0	cerd
193	109^^	1 0^^ 9	met
194	163	1 6 3	den
195	107^o	1 0^o 7	ro
196	48^_	4^_ 8^_	om
197	583^CircleWithHorizontalBar	5^_ 8^+ 3^_	s
198	"514^"""	5 1^{''} 4	chi
199	445^CircleWithHorizontalBar	4^_ 4^+ 5^_	een
200	39^^	3 9^^	men
201	183^CircleWithHorizontalBar	1 8^+ 3^_	wil
202	51^CircleWithHorizontalBar	5^+ 1^_	zelfs
203	743	7 4 3	dak?
204	822^^	8 2^^ 2	se
205	278^_	2^_ 7^_ 8^_	be
206	429^_	4 2^_ 9^_	ÿ
207	26	2 6	de
208	976^^	9 7^^ 6	sedert?
209	77	7 7	een
210	550	5 5 0	ge
211	448^CircleWithHorizontalBar	4 4^+ 8^_	r
212	533	5 3 3	u
213	947^^	9 4^^ 7	ÿ
214	39^^	3 9^^	men
215	344^o	3 4^o 4	tÿd
216	45^CircleWithHorizontalBar	4^_ 5^+	zeer
217	549	5 4 9	ge
218	793^_	7^_ 9^_ 3^_	
219	750	7 5 0	cerd
220	90	9 0	zÿn
221	48^_	4^_ 8^_	om
222	206	2 0 6	etre
223	"969^"""	9 6^{''} 9	
224	98^^	9 8^^	pla
225	674	6 7 4	n
226	583^CircleWithHorizontalBar	5 8^+ 3	s
227	158	1 5 8	en
228	511^^	5 1^^ 1	project
229	300^^	^_ 3 0^^ 0	over
230	7	7	te
231	510^_	5 1^_ 0^_	s
232	362^o	3 6^o 2	tu?
233	533	5 3 3	u
234	620^^	6 2^^ 0	ren
235	158	1 5 8	en
236	98^o	9 8^o	te
237	109^CircleWithHorizontalBar	1 0^+ 9^_	wissel
238	580^CircleWithHorizontalBar	5^_ 8^+ 0^_	en
239	85^CircleWithHorizontalBar	8^_ 5^+	of
240	787^_	7 8^_ 7^_	nu
241	163	1 6 3	den
242	445^_	4 4^_ 5^_	Keizer
243	730^_	7^_ 3^_ 0^_	in
244	44	4 4	di zen
245	109^^	1 0^^ 9	met
246	741	7 4 1	haar
247	379	3 7 9	op
248	757^^	7 5^^ 7	recht
249	137^_	1 3^_ 7^_	handel
250	4^CircleWithHorizontalBar	4^+	t
251	601^_	6^_ 0 1	komen
252	"368^"""	3 6^{''} 8	an
253	85^CircleWithHorizontalBar	8^+ 5^_	of
254	190^^	1 9^^ 0	hÿ
255	16	1 6	daar
256	60	6 0	door
257	331^_	3^_ 3^_ 1^_	maar
258	135^CircleWithHorizontalBar	1^_ 3^+ 5^_	zock
259	4^CircleWithHorizontalBar	4^+	t
260	48^_	4 8^_	om
261	741	7 4 1	haar
262	7	7	te
263	"214^"""	2 1^{''} 4	am
264	691^o	6 9^o 1	us
265	80	8 0	eeron
266	158	1 5 8	en
267	375	3 7 5	aan
268	70^CircleWithHorizontalBar	7^_ 0^+	zyne
269	311	3 1 1	l
270	429^_	4 2^_ 9^_	ÿ
271	674	6 7 4	n
272	7	7	te
273	92^_	9^_ 2^_	haaden
274	784	7 8 4	gelÿk
275	223^o	2 2^o 3	beele
276	109^^	1 0^^ 9	met
277	738	7 3 8	
278	527	5 2 7	ver
279	952^_	9 5^_ 2^_	onder
280	3^o	3^o	stel
281	87	8 7	is
282	853^_	8^_ 5^_ 3^_	nict?
283	26^CircleWithHorizontalBar	2^+ 6^_	wel
284	46^CircleWithHorizontalBar	4^+ 6^_	zeker?
285	167	1 6 7	te
286	352^^	3 5^^ 2	
287	331^_	3 3^_ 1^_	maar
288	114^^	1 1^^ 4	het
289	87	8 7	is
290	46^CircleWithHorizontalBar	4^+ 6^_	zeker?
291	743	7 4 3	dak?
292	822^^	8 2^^ 2	se
293	198^o	1 9^o 8	tot
294	9^^	9^^	nog
295	422^o	4 2^o 2	toc/toe?
296	889^_	8 8^_ 9	van den
297	445^_	4 4^_ 5^_	Keizer
298	45^CircleWithHorizontalBar	4^_ 5^+	zeer
299	592	5 9 2	
300	104^_	1^_ 0^_ 4^_	ig
301	730^_	7 3^_ 0	in
302	550	5 5 0	ge
303	858^_	8 5^_ 8^_	nom
304	341^^	3 4^^ 1	en
305	87	8 7	is
306	158	1 5 8	en
307	743	7 4 3	dak?
308	822^^	8 2^^ 2	se
309	52^^	5 2^^	ontrent
310	815	8 1 5	de
311	"638^"""	6 3^{''} 8	bew?
312	68^^	6^^ 8	ord
313	196	1 9 6	er
314	114^_	1^_ 1^_ 4^_	ing[en]
315	380	3 8 0	van
316	309	3 0 9	dit
317	741	7 4 1	haar
318	31^^	3 1^^	e
319	299	2 9 9	
320	511^^	5 1^^ 1	project
321	379	3 7 9	op
322	70^CircleWithHorizontalBar	7^_ 0^+	zyne
323	333^_	3^_ 3^_ 3^_	majesteit?
324	525^o	5 2^o 5	veel
325	530^^	5 3^^ 0	re
326	31^^	3 1^^	e
327	598^_	5 9^_ 8^_	ken
328	4^CircleWithHorizontalBar	4^+	t
329	158	1 5 8	en
330	75^o	7 5^o	staat
331	481^_	4 8^_ 1^_	maak?
332	16^o	1^o 6	t
333	158	1 5 8	en
334	198^o	1 9^o 8	tot
335	860^^	8^^ 6 0	be
336	963^o	9^o 6 3	wÿs
337	743	7 4 3	dak?
338	822^^	8 2^^ 2	se
339	924	9 2 4	het
340	511^^	5 1^^ 1	project
341	781	7 8 1	
342	853^_	8^_ 5^_ 3^_	nict?
343	550	5 5 0	ge
344	"269^"""	2 6^{''} 9	ab
345	389	3 8 9	eere
346	"368^"""	3 6^{''} 8	an
347	601	6 0 1	d
348	420^^	4 2^^ 0	on
349	674	6 7 4	n
350	750	7 5 0	cerd
351	143^_	1 4^_ 3^_	heeft
352	57^CircleWithHorizontalBar	5 7^+	zo
353	"968^"""	9 6^{''} 8	dien
354	4^CircleWithHorizontalBar	4^+	t
355	188^^	1 8^^ 8	dat
356	"314^"""	3 1^{''} 4	
357	9	9	dat
358	822^^	8 2^^ 2	se
359	815	8 1 5	de
360	362^_	3 6^_ 2	jong
361	31^^	3 1^^	e
362	810	8 1 0	Groot
363	665^o	6^o 6 5	vorst
364	"448^"""	4 4^{''} 8	cen
365	583^CircleWithHorizontalBar	5^_ 8^+ 3^_	s
366	255^o	2 5^o 5	ta
367	674	6 7 4	n
368	4^CircleWithHorizontalBar	4^+	t
369	705^o	7 0^o 5	ÿ
370	680	6 8 0	n
371	784	7 8 4	gelÿk
372	613^^	6 1^^ 3	reeds?
373	26	2 6	de
374	389	3 8 9	eere
375	140^_	1^_ 4^_ 0^_	hebbe
376	559	5 5 9	gehas
377	730^_	7 3^_ 0	in
378	77	7 7	een
379	749^_	7 4^_ 9^_	mÿne
380	448^CircleWithHorizontalBar	4 4^+ 8^_	r
381	581^o	5 8^o 1	voor
382	695	6 9 5	gaan de
383	375	3 7 5	aan
384	607^o	6 0^o 7	
385	7	7	te
386	346^_	3 4^_ 6	
387	970	9 7 0	in
388	984	9 8 4	hand
389	380^_	^_ 3 8 0	krÿgen?
390	383	3 8 3	g
391	352^_	3^_ 5^_ 2^_	r
392	5	5	i
393	37^^	3 7^^	e
394	47^_	4^_ 7^_	l
395	822^^	8 2^^ 2	se
396	601^o	6 0 1^o	
397	"128^"""	^_ 1 2^{''} 8	al'
398	976^^	9 7^^ 6	sedert?
399	77	7 7	een
400	550	5 5 0	ge
401	34^^	3 4^^	r
402	533	5 3 3	u
403	187^^	1 8^^ 7	ÿ
404	39^^	3 9^^	men
405	344^o	3 4^o 4	tÿd
406	927^^	9 2^^ 7	
407	143^_	^_ 1^_ 4^_ 3^_	heeft
408	158	1 5 8	en
409	792^^	7 9^^ 2	hem
410	26	2 6	de
411	567^^	5^^ 6 7	g
412	448^CircleWithHorizontalBar	4^_ 4^+ 8^_	r
413	25^_	2^_ 5^_	ie
414	413^^	4 1^^ 3	k
415	822^^	8 2^^ 2	se
416	255^o	2 5^o 5	ta
417	327	3 2 7	ei
418	460^_	4 6^_ 0^_	laat?
419	617^_	6 1^_ 7^_	lee
420	158	1 5 8	en
421	231^o	2 3^o 1	
422	2	2	een
423	323^o	3 2^o 3	g
424	704^o	7 0^o 4	r
425	25^_	2^_ 5^_	ie
426	413^^	4 1^^ 3	k
427	822^^	8 2^^ 2	se
428	"922^"""	9 2^{''} 2	
429	533	5 3 3	u
430	36^^	3^^ 6	c
431	"227^"""	2 2^{''} 7	atic?
432	553	5 5 3	
433	17^o	1 7^o	z
434	748	7 4 8	ÿ
435	143^_	1^_ 4^_ 3^_	heeft
436	60^^	6^^ 0	ock
437	239	2 3 9	on
438	615^_	6 1^_ 5^_	lang
439	510^_	5^_ 1^_ 0^_	s
440	375	3 7 5	aan
441	163	1 6 3	den
442	644^_	6 4^_ 4^_	
443	358^_	3 5^_ 8^_	r
444	533	5 3 3	u
445	339^_	3 3^_ 9	
446	505^_	5 0^_ 5^_	z
447	585^_	5 8^_ 5	o
448	359^_	3 5^_ 9	w
449	146^^	1 4^^ 6	ordre
450	204^CircleWithHorizontalBar	2 0^+ 4	zenden
451	48^_	^_ 4 8^_	om
452	515^o	5 1^o 5	
453	567^^	5^^ 6 7	g
454	448^CircleWithHorizontalBar	4 4^+ 8	r
455	25^_	2^_ 5^_	ie
456	413^^	4 1^^ 3	k
457	822^^	8 2^^ 2	se
458	362^_	3 6^_ 2^_	jong
459	19	1 9	daar Zal
460	7	7	te
461	278^_	2 7^_ 8	be
462	292^CircleWithHorizontalBar	2 9^+ 2^_	zorgen
463	158	1 5 8	en
464	75^_	7^_ 5^_	
465	7	7	te
466	330^_	3 3^_ 0^_	maaden
467	109^^	1 0^^ 9	met
468	309	3 0 9	dit
469	"371^"""	3 7^{''} 1	antwoort
470	143^_	1^_ 4^_ 3^_	heeft
471	39^^	3 9^^	men
472	"53^"""	5 3^{''}	alhier?
473	571	5 7 1	geneeg
474	822	8 2 2	en
475	550	5 5 0	ge
476	858^_	8^_ 5^_ 8^_	nom
477	158	1 5 8	en
478	"968^"""	9 6^{''} 8	dien
479	729^o	7 2^o 9	volgen
480	26	2 6	de
481	90	9 0	zÿn
482	815	8 1 5	de
483	640^CircleWithHorizontalBar	6 4^+ 0^_	
484	31^^	3^^ 1	e
485	750^_	7^_ 5^_ 0^_	Minister F
486	7^_	^_ 7	
487	150^o	1 5^o 0	st
488	160	1 6 0	o
489	165	1 6 5	k
490	230	2 3^ 0	der
491	311	3 1 1	l
492	33^^	3^^ 3	m
493	158	1 5 8	en
494	600^_	6 0^_ 0	ko
495	200^_	2 0^_ 0^_	p
496	317^^	3 1^^ 7	pen
497	812	8 1 2	ha
498	569	5 6 9	gen
499	550	5 5 0	ge
500	464^_	4 6^_ 4	last
501	549	5 4 9	ge
502	188^CircleWithHorizontalBar	1^_ 8^+ 8^_	worden
503	48^_	4^_ 8^_	om
504	"814^"""	8 1^{''} 4	deze
505	137^_	1 3^_ 7^_	handel
506	114^_	1^_ 1^_ 4^_	ing[en]
507	380	3 8 0	van
508	563^^	5^^ 6 3	p
509	788^^	7 8^^ 8	r
510	719^^	7 1^^ 9	u
511	748	7 4 8	ÿ
512	940^^	9 4^^ 0	ss
513	"514^"""	5 1^{''} 4	chi
514	"929^"""	9 2^{''} 9	n
515	"128^"""	1 2^{''} 8	al'
516	16	1 6	daar
517	379	3 7 9	op
518	"130^"""	1 3^{''} 0	alle
519	982^_	9^_ 8^_ 2^_	moge
520	404^_	4^_ 0^_ 4^_	lijk
521	31^^	3^^ 1	e
522	40^CircleWithHorizontalBar	4^_ 0^+	wÿze
523	7	7	te
524	"147^"""	1 4^{''} 7	
525	158	1 5 8	en
526	7	7	te
527	126^o	1 2^o 6	secondeeren
528	16	1 6	daar
529	860^^	8^^ 6 0	be
530	927^_	9^_ 2^_ 7^_	nevens
531	143^_	1 4^_ 3^_	heeft
532	946^CircleWithHorizontalBar	9^_ 4^+ 6	de K? Vice Cancelier
533	379	3 7 9	op
534	464^_	4^_ 6^_ 4	last
535	451	4 5 1	van de
536	521^_	5^_ 2^_ 1^_	Keizerin
537	16	1 6	daar
538	300^^	3 0^^ 0	over
539	60^^	6^^ 0	ock
540	384^_	3^_ 8^_ 4^_	laast Leeder?
541	922^CircleWithHorizontalBar	9^_ 2^+ 2^_	Woensdag
542	149^o	1 4^o 9	sprucken?
543	109^^	1 0^^ 9	met
544	315	3 1 5	eenpaarig
545	"53^"""	5 3^{''}	alhier?
546	702^^	7 0^^ 2	resideeren
547	26	2 6	de
548	750^_	7^_ 5^_ 0^_	Minister F
549	380^_	^_ 3 8 0	krÿgen?
550	192^CircleWithHorizontalBar	1^_ 9^+ 2^_	Z
551	946^o	9^o 4 6	we
552	999^o	9 9^o 9	den
553	158	1 5 8	en
554	"881^"""	8 8^{''} 1	den
555	"699^"""	6 9^{''} 9	e
556	340^_	3 4^_ 0	mar
557	47^_	4^_ 7^_	l
558	893	8 9 3	en
559	414^o	4 1^o 4	ten
560	51^^	5 1^^	ontgaan?
561	947^^	9 4^^ 7	ÿ
562	674	6 7 4	n
563	26	2 6	de
564	17^o	1 7^o	z
565	127^^	1 2^^ 7	
566	25	2 5	de
567	42^CircleWithHorizontalBar	4^_ 2^+	zaak
568	414^o	4 1^o 4	ten
569	485	4 8 5	
570	86	8 6	en
571	375	3 7 5	aan
572	741	7 4 1	haar
573	31^^	3^^ 1	e
574	13^_	1^_ 3	hot
575	906^_	^_ 9 0^_ 6	mog
576	414^o	4 1^o 4	ten
577	375	3 7 5	aan
578	"704^"""	7 0^{''} 4	be
579	525^o	5 2^o 5	veel
580	853^o	8 5^o 3	en
581	109^^	1 0^^ 9	met
582	476^^	4 7^^ 6	
583	889^_	8 8^_ 9	van den
584	102^CircleWithHorizontalBar	1^_ 0^+ 2^_	wensoh?
585	158	1 5 8	en
586	114^^	1 1^^ 4	het
587	239^o	2 3^o 9	
588	131^_	1^_ 3^_ 1^_	van
589	587^CircleWithHorizontalBar	5^ 8^+ 7^_	haar keiz Maj.t
590	743	7 4 3	dak?
591	48^_	4^_ 8^_	om
592	370^CircleWithHorizontalBar	3^_ 7^+ 0^_	hek
593	656^^	6 5^^ 6	principe
594	451	4 5 1	van de
595	341^_	3 4^_ 1^_	
596	268^o	2^o 6 8	ti
597	343^_	3^_ 4^_ 3	
598	"462^"""	4 6^{''} 2	acte
599	718^_	^_ 7 1 8	
600	7	7	te
601	330^_	3^_ 3^_ 0^_	maaden
602	86	8 6	en
603	924	9 2 4	het
604	"355^"""	3 5^{''} 5	aldus
605	581^o	5 8^o 1	voor
606	114^^	1 1^^ 4	het
607	422^o	4 2^o 2	toc/toe?
608	373^_	3 7^_ 3	komen
609	26	2 6	de
610	"59^"""	5 9^{''}	als
611	2	2	een
612	524^o	5 2^o 4	vast?
613	37^^	3^^ 7	e
614	158	1 5 8	en
615	401^o	4 0^o 1	on
616	454^o	4 5^o 4	verander?
617	404^_	4 0^_ 4^_	lijk
618	31^^	3 1^^	e
619	180^CircleWithHorizontalBar	1^_ 8^+ 0^_	wet
620	158	1 5 8	en
621	30^o	3 0^o	riet
622	583^CircleWithHorizontalBar	5 8^+ 3^_	s
623	856^_	8^_ 5^_ 6	no
624	196	1 9 6	er
625	581^o	5 8^o 1	voor
626	26	2 6	de
627	757^^	7 5^^ 7	recht
628	728^_	^_ 7 2^_ 8	der
629	776^_	7^_ 7^_ 6	neutraal
630	524^o	^_ 5 2^o 4	vast?
631	7	7	te
632	3^o	3^o	stel
633	25	2 5	de
634	"347^"""	3 4^{''} 7	accessie?
635	109^^	1 0^^ 9	met
636	70^CircleWithHorizontalBar	7^_ 0^+	zyne
637	563^^	5^^ 6 3	p
638	788^^	7 8^^ 8	r
639	719^^	7 1^^ 9	u
640	748	7 4 8	ÿ
641	819	8 1 9	ss
642	159	1 5 9	is
643	"514^"""	5 1^{''} 4	chi
644	333^_	3^_ 3^_ 3^_	majesteit?
645	379	3 7 9	op
646	163	1 6 3	den
647	651^o	6 5^o 1	voet
648	57^CircleWithHorizontalBar	5^_ 7^+	zo
649	"59^"""	5 9^{''}	als
650	236^_	2 3^_ 6	zich
651	581^o	5 8^o 1	voor
652	851^^	8 5^^ 1	steld
653	25	2 5	de
654	158	1 5 8	en
655	15^CircleWithHorizontalBar	1^_ 5^+	waar
656	730^_	7 3^_ 0^_	in
657	520^CircleWithHorizontalBar	5^_ 2^+ 0^_	de keizerin
658	704	7 0 4	geen
659	26	2 6	de
660	978^_	9^_ 7^_ 8	minst
661	730^_	7 3^_ 0^_	in
662	"689^"""	6 8^{''} 9	conven
663	5	5	i
664	264	2 6 4	ent
665	313	3 1 3	v
666	877^_	8^_ 7^_ 7^_	
667	60	6 0	door
668	715	7 1 5	beid
669	31^^	3 1^^	e
670	13^_	1^_ 3^_	hot
671	550^_	^_ 5 5 0	liv?
672	"195^"""	1 9^{''} 5	ac
673	430^_	4 3^_ 0^_	cc
674	450	4 5 0	p
675	4^CircleWithHorizontalBar	4^+	t
676	750	7 5 0	cerd
677	158	1 5 8	en
678	109^^	1 0^^ 9	met
679	85^_	8^_ 5^_	
680	412^_	4 1^_ 2^_	
681	833^^	8 3^^ 3	[ge]sloten
682	32^CircleWithHorizontalBar	^_ 3^+ 2^_	wierd
683	15^CircleWithHorizontalBar	1^_ 5^+	waar
684	379	3 7 9	op
685	39^^	3 9^^	men
686	787^_	7 8^_ 7	nu
687	601	6 0 1	d
688	"368^"""	3 6^{''} 8	an
689	114^^	1 1^^ 4	het
690	161^o	1^o 6 1	
691	23^o	2^o 3	zal
692	754^_	7^_ 5^_ 4^_	
693	414^o	4 1^o 4	ten
694	"199^"""	1 9^{''} 9	af
695	247^CircleWithHorizontalBar	2^_ 4^+ 7^_	wagten
696	"54^"""	5 4^{''}	
697	862^^	8 6^^ 2	hek?
698	52^o	5^o 2	
699	219^o	2 1^o 9	van het
700	"487^"""	4 8^{''} 7	bew
701	767^o	7 6^o 7	us
702	251^o	2 5^o 1	te
703	383	3 8 3	g
704	448^CircleWithHorizontalBar	4 4^+ 8^_	r
705	5	5	i
706	31^^	3^^ 1	e
707	413^^	4 1^^ 3	k
708	822^^	8 2^^ 2	se
709	511^^	5 1^^ 1	project
710	781	7 8 1	
711	81^o	8 1^o	
712	87	8 7	is
713	158	1 5 8	en
714	520^CircleWithHorizontalBar	5^_ 2^+ 0^_	de keizerin
715	16	1 6	daar
716	52^^	5^^ 2	ontrent
717	581^o	5 8^o 1	voor
718	741	7 4 1	haar
719	37^^	3 7^^	e
720	"528^"""	5 2^{''} 8	
721	601	6 0 1	d
722	264	2 6 4	ent
723	86	8 6	en
724	77^o	7 7^o	stana
725	121	1 2 1	dic
726	450	4 5 0	p
727	81^o	8 1^o	
728	68^CircleWithHorizontalBar	6^+ 8^_	zunjgen?
729	143^_	1^_ 4^_ 3^_	heeft
730	941^_	9^_ 4^_ 1^_	
731	57^CircleWithHorizontalBar	^_ 5^_ 7^+	zo
732	444^_	4^_ 4^_ 4^_	kan
733	39^^	3 9^^	men
734	55	5 5	doch
735	16	1 6	daar
736	111^^	1 1^^ 1	uit
737	853^_	8^_ 5^_ 3^_	nict?
738	"704^"""	7 0^{''} 4	be
739	833^^	8 3^^ 3	[ge]sloten
740	743	7 4 3	dak?
741	924	9 2 4	het
742	959^_	9^_ 5^_ 9^_	bÿ
743	741	7 4 1	haar
744	781	7 8 1	
745	527	5 2 7	ver
746	367^o	3^o 6 7	vallen
747	293^CircleWithHorizontalBar	2^_ 9^+ 3^_	zoude?
748	90	9 0	zÿn
749	525^o	5 2^o 5	veel
750	496^_	4 9^_ 6	
751	"784^"""	7 8^{''} 4	S
752	"780^"""	7^_ 8^_ 0^{''}	c
753	"858^"""	8 5 8^{''}	hÿ
754	"929^"""	9 2^o 9^{''}	n
755	"930^"""	9 3^{''} 0	t
756	741	7 4 1	haar
757	31^^	3 1^^	e
758	530^^	5 3^^ 0	re
759	7	7	te
760	787^_	7 8^_ 7	nu
761	31^^	3 1^^	e
762	379	3 7 9	op
763	309	3 0 9	dit
764	856^^	8 5^^ 6	
765	527	5 2 7	ver
766	365^^	3 6^^ 5	oorzaak
767	4^CircleWithHorizontalBar	4^+	t
768	7	7	te
769	90	9 0	zÿn
770	60	6 0	door
771	26	2 6	de
772	812^_	8^_ 1^_ 2^_	on
773	344^o	3 4^o 4	tÿd
774	256^_	2 5^_ 6	ige
775	792	7 9 2	
776	303^_	^_ 3 0 3	koop
777	16	1 6	daar
778	300^^	3 0^^ 0	over
779	153^_	1^_ 5^_ 3^_	hier
780	784	7 8 4	gelÿk
781	327	3 2 7	ei
782	230	2 3 0	der
783	583444^CircleWithHorizontalBar	5^_ 8^+ 3^_ 4 4^^ 4	
784	860^^	8 6^^ 0	be
785	383	3 8 3	g
786	420^^	4 2^^ 0	on
787	674	6 7 4	n
788	158	1 5 8	en
789	48^_	4^_ 8^_	om
790	7	7	te
791	477^_	4^_ 7^_ 7^_	
792	893	8 9 3	en
793	158	1 5 8	en
794	303	3 0 3	die
795	822^^	8 2^^ 2	se
796	33^^	3 3^^	m
797	77	7 7	een
798	4^CircleWithHorizontalBar	4^+	t
799	"355^"""	3 5^{''} 5	aldus
800	7	7	te
801	184^CircleWithHorizontalBar	1^_ 8^+ 4^_	willen
802	946^o	9 4^o 6	we
803	999^o	9 9^o 9	den
804	741^^	7 4^^ 1	pu
805	530^^	5 3^^ 0	re
806	491^^	4 9^^ 1	et
807	58^o	5^o 8	si
808	176^^	1 7^^ 6	mpli
809	"442^"""	4 4^{''} 2	ci
810	417^o	4 1^o 7	ter
811	293^CircleWithHorizontalBar	2^_ 9^+ 3^_	zoude?
812	"491^"""	4 9^{''} 1	blyern?
813	239	2 3 9	on
814	881^o	8 8^o 1	volgens
815	158	1 5 8	en
816	"671^"""	6 7^{''} 1	cem/cen?
817	760	7 6 0	form
818	815	8 1 5	de
819	"195^"""	1 9^{''} 5	ac
820	7	7	te
821	60	6 0	door
822	236^_	2 3^_ 6	zich
823	109^^	1 0^^ 9	met
824	165^_	1 6^_ 5	dit Hot
825	833^^	8 3^^ 3	[ge]sloten
826	136^CircleWithHorizontalBar	^_ 1 3^+ 6	zonder
827	473^o	4 7^o 3	bÿ
828	650^o	6 5^o 0	voeg
829	114^_	1^_ 1^_ 4	ing[en]
830	451	4 5 1	van de
831	51^o	5^o 1	secrat
832	31^^	3 1^^	e
833	"374^"""	3 7^{''} 4	ar
834	268^o	2^o 6 8	ti
835	413^^	4 1^^ 3	k
836	533	5 3 3	u
837	316^_	3 1^_ 6	len
838	521^CircleWithHorizontalBar	5 2^+ 1^_	haar keiz Maj.t
839	853^_	8^_ 5^_ 3^_	nict?
840	"199^"""	1 9^{''} 9	af
841	369^_	3^_ 6^_ 9	keer?
842	104^_	1^_ 0^_ 4^_	ig
843	331^_	3^_ 3^_ 1^_	maar
844	278^_	2 7^_ 8^_	be
845	448^CircleWithHorizontalBar	4^_ 4^+ 8^_	r
846	31^^	3^^ 1	e
847	5	5	i
848	500^_	5 0^_ 0^_	d
849	293^CircleWithHorizontalBar	2^_ 9^+ 3^_	zoude?
850	90	9 0	zÿn
851	48^_	4^_ 8^_	om
852	741	7 4 1	haar
853	31^^	3^^ 1	e
854	871^_	8^_ 7^_ 1^_	
855	959^_	^_ 9^_ 5^_ 9^_	bÿ
856	303	3 0 3	die
857	13^_	1^_ 3^_	hot
858	375^_	^_ 3 7 5	konde
859	7	7	te
860	27^CircleWithHorizontalBar	2^_ 7^+	wen
861	163	1 6 3	den
862	414^o	4 1^o 4	ten
863	31^^	3^^ 1	e
864	518^CircleWithHorizontalBar	5^_ 1^+ 8^_	ÿ
865	674	6 7 4	n
866	26	2 6	de
867	48^_	4^_ 8^_	om
868	815	8 1 5	de
869	16	1 6	daar
870	422^o	4 2^o 2	toc/toe?
871	7	7	te
872	"822^"""	8 2^{''} 2	dispos
873	674	6 7 4	n
874	80	8 0	eeron
875	158	1 5 8	en
876	7	7	te
877	190	1 9 0	engagemen
878	26	2 6	de
879	450	4 5 0	p
880	448^CircleWithHorizontalBar	4 4^+ 8^_	r
881	"703^"""	7 0^{''} 3	u
882	"931^"""	9 3^{''} 1	ÿ
883	"860^"""	8 6^{''} 0	ss
884	87	8 7	is
885	"514^"""	5 1 4^{''}	chi
886	750^_	7 5^_ 0	Minister F
887	131^_	1 3^_ 1^_	van
888	309	3 0 9	dit
889	"371^"""	3 7^{''} 1	antwoort
890	375	3 7 5	aan
891	90	9 0	zÿn
892	13^_	1^_ 3^_	hot
893	862^o	8^o 6 2	verslag
894	773	7 7 3	gedaan
895	216^_	2 1^_ 6	hetten
896	26	2 6	de
897	57^CircleWithHorizontalBar	5^_ 7^+	zo
898	143^_	1^_ 4^_ 3^_	heeft
899	163	1 6 3	den
900	376^_	3 7^_ 6	koning
901	16	1 6	daar
902	730^_	7^_ 3^_ 0^_	in
903	571	5 7 1	geneeg
904	550^_	^_ 5 5 0	liv?
905	858^_	8 5^_ 8^_	nom
906	341^^	3 4^^ 1	en
907	158	1 5 8	en
908	"968^"""	9 6^{''} 8	dien
909	"671^"""	6^{''} 7 1	cem/cen?
910	760	7 6 0	form
911	375	3 7 5	aan
912	715	7 1 5	beid
913	31^^	3 1^^	e
914	750^_	7^_ 5^_ 0^_	Minister F
915	422^o	4 2^o 2	toc/toe?
916	204^CircleWithHorizontalBar	2 0^+ 4^_	zenden
917	"614^"""	^_ 6 1^{''} 4	
918	219^o	2 1^o 9	van het
919	"371^"""	3 7^{''} 1	antwoort
920	743	7 4 3	dak?
921	379	3 7 9	op
922	26	2 6	de
923	"487^"""	4 8^{''} 7	bew
924	767^o	7 6^o 7	us
925	251^o	2 5^o 1	te
926	"371^"""	3 7^{''} 1	antwoort
927	131^_	1^_ 3^_ 1^_	van
928	192^CircleWithHorizontalBar	1^_ 9^+ 2^_	Z
929	946^o	9 4^o 6	we
930	999^o	9 9^o 9	den
931	158	1 5 8	en
932	"881^"""	8 8^{''} 1	den
933	"699^"""	6 9^{''} 9	e
934	340^_	3^_ 4^_ 0^_	mar
935	47^_	4^_ 7^_	l
936	893	8 9 3	en
937	293^CircleWithHorizontalBar	2 9^+ 3	zoude?
938	309^_	3^_ 0^_ 9^_	laaten
939	57	5 7	volgen
940	414^o	4 1^o 4	ten
941	31^^	3 1^^	e
942	"931^"""	9 3^{''} 1	ÿ
943	674	6 7 4	n
944	815	8 1 5	de
945	48^_	4 8^_	om
946	924	9 2 4	het
947	375	3 7 5	aan
948	309	3 0 9	dit
949	13^_	1^_ 3^_	hot
950	7	7	te
951	"749^"""	7 4^{''} 9	
952	158	1 5 8	en
953	39	3 9	hun
954	"71^"""	7 1^{''}	
955	16	1 6	daar
956	379	3 7 9	op
957	7	7	te
958	715^o	7 1^o 5	verzocken
959	473^o	4 7^o 3	bÿ
960	309	3 0 9	dit
961	"371^"""	3 7^{''} 1	antwoort
962	588^^	5 8^^ 8	propon
963	750	7 5 0	cerd
964	452^_	4 5^_ 2^_	de Koning F
965	158	1 5 8	en
966	361^_	3 6^_ 1	
967	365^_	3^_ 6^_ 5	it
968	750	7 5 0	cerd
969	812^o	8 1^o 2	voornocond?
970	31^^	3 1^^	e
971	278^_	2 7^_ 8^_	be
972	429^_	4 2^_ 9^_	ÿ
973	26	2 6	de
974	13^_	1^_ 3^_	hot
975	579^_	^_ 5 7^_ 9	na
976	37^^	3 7^^	e
977	45^_	4^_ 5^_	der
978	48^_	4^_ 8^_	om
979	375	3 7 5	aan
980	25	2 5	de
981	"462^"""	4 6^{''} 2	acte
982	254^CircleWithHorizontalBar	2 5^+ 4^_	welke
983	236^_	2 3^_ 6	zich
984	109^^	1 0^^ 9	met
985	165^_	1^_ 6^_ 5^_	dit Hot
986	833^^	8 3^^ 3	[ge]sloten
987	143^_	^_ 1^_ 4^_ 3^_	heeft
988	741^^	7 4^^ 1	pu
989	530^^	5 3^^ 0	re
990	491^^	4 9^^ 1	et
991	58^o	5 8^o	si
992	176^^	1 7^^ 6	mpli
993	"442^"""	4 4^{''} 2	ci
994	417^o	4 1^o 7	ter
995	7	7	te
996	"271^"""	2 7^{''} 1	
997	109^^	1 0^^ 9	met
998	"774^"""	7 7^{''} 4	by
999	650^o	6 5^o 0	voeg
1000	114^_	1^_ 1^_ 4	ing[en]
1001	743	7 4 3	dak?
1002	414^o	4 1^o 4	ten
1003	219^^	2 1^^ 9	op zigt
1004	451	4 5 1	van de
1005	60	6 0	door
1006	192^CircleWithHorizontalBar	1^_ 9^+ 2	Z
1007	946^o	9 4^o 6	we
1008	999^o	9 9^o 9	den
1009	158	1 5 8	en
1010	"881^"""	8 8^{''} 1	den
1011	"699^"""	6 9^{''} 9	e
1012	340^_	3 4^_ 0	mar
1013	47^_	4^_ 7^_	l
1014	893	8 9 3	en
1015	550	5 5 0	ge
1016	379	3 7 9	op
1017	167^^	1^^ 6 7	per
1018	218^CircleWithHorizontalBar	2^_ 1^+ 8^_	
1019	104^_	1^_ 0^_ 4	ig
1020	71^_	7^_ 1^_	heid
1021	52^^	5 2^^	ontrent
1022	815	8 1 5	de
1023	576^CircleWithHorizontalBar	5 7^+ 6	na
1024	26	2 6	de
1025	530^^	5 3^^ 0	re
1026	232^CircleWithHorizontalBar	2^_ 3^+ 2^_	be
1027	78^^	7^^ 8	paal
1028	114^_	1^_ 1^_ 4^_	ing[en]
1029	451	4 5 1	van de
1030	975^^	9 7^^ 5	
1031	730^_	^_ 7^_ 3^_ 0^_	in
1032	114^^	1 1^^ 4	het
1033	794^o	7 9^o 4	vier quatre
1034	26	2 6	de
1035	"374^"""	3 7^{''} 4	ar
1036	268^o	2 6^o 8	ti
1037	413^^	4 1^^ 3	k
1038	533	5 3 3	u
1039	311	3 1 1	l
1040	380	3 8 0	van
1041	94^_	9^_ 4^_	hun
1042	6	6	ne
1043	"462^"""	4 6^{''} 2	acte
1044	550	5 5 0	ge
1045	25	2 5	de
1046	255^o	2 5^o 5	ta
1047	5	5	i
1048	"625^"""	6 2^{''} 5	ll
1049	750	7 5 0	cerd
1050	488^_	4 8^_ 8^_	
1051	380	3 8 0	van
1052	368^^	3^^ 6 8	opinie
1053	21^CircleWithHorizontalBar	2^+ 1^_	was
1054	743	7 4 3	dak?
1055	114^^	1 1^^ 4	het
1056	723	7 2 3	
1057	373^_	3^_ 7^_ 3^_	komen
1058	25	2 5	de
1059	7	7	te
1060	283	2 8 3	ex
1061	4^CircleWithHorizontalBar	4^+	t
1062	80	8 0	eeron
1063	743	7 4 3	dak?
1064	133^CircleWithHorizontalBar	1 3^+ 3^_	zodanig
1065	31^^	3 1^^	e
1066	975^^	9 7^^ 5	
1067	527^_	^_ 5 2 7	konnen
1068	37^^	3 7^^	e
1069	947^^	9 4^^ 7	ÿ
1070	583^CircleWithHorizontalBar	5 8^+ 3^_	s
1071	36^^	3^^ 6	c
1072	454	4 5 4	h
1073	4^CircleWithHorizontalBar	4^+	t
1074	32^CircleWithHorizontalBar	3^_ 2^+	wierd
1075	114^^	1 1^^ 4	het
1076	644^o	6 4^o 4	
1077	26	2 6	de
1078	158	1 5 8	en
1079	281^CircleWithHorizontalBar	2 8^+ 1^_	zes, six
1080	25	2 5	de
1081	"374^"""	3 7^{''} 4	ar
1082	268^o	2 6^o 8	ti
1083	413^^	4 1^^ 3	k
1084	533	5 3 3	u
1085	311	3 1 1	l
1086	380	3 8 0	van
1087	39	3 9	hun
1088	"462^"""	4 6^{''} 2	acte
1089	109^^	1 0^^ 9	met
1090	165^_	1 6^_ 5	dit Hot
1091	142^CircleWithHorizontalBar	1^_ 4^+ 2^_	zulks
1092	571	5 7 1	geneeg
1093	193^CircleWithHorizontalBar	1^_ 9^+ 3^_	zaaon?
1094	815	8 1 5	de
1095	417^o	4 1^o 7	ter
1096	976^_	9 7^_ 6	min
1097	391	3 9 1	eerde
1098	136^CircleWithHorizontalBar	1 3^+ 6	zonder
1099	379	3 7 9	op
1100	163	1 6 3	den
1101	277	2 7 7	ete
1102	150^o	1 5^o 0	st
1103	31^^	3^^ 1	e
1104	774^CircleWithHorizontalBar	7^_ 7^+ 4^_	May
1105	236	2 3 6	des
1106	811^o	8 1^o 1	voorleede
1107	97	9 7	dat
1108	583^CircleWithHorizontalBar	5^_ 8^+ 3^_	s
1109	109	1 0 9	deliberatie
1110	165^_	1 6^_ 5	dit Hot
1111	833^^	8 3^^ 3	[ge]sloten
1112	211^_	2 1^_ 1^_	hadde
1113	198^o	1 9^o 8	tot
1114	489^_	4 8^_ 9^_	
1115	193^o	1 9^o 3	tien
1116	451	4 5 1	van de
1117	675^o	6 7^o 5	
1118	451	4 5 1	van de
1119	"748^"""	7 4^{''} 8	
1120	230	2 3 0	der
1121	776^_	7 7^_ 6	neutraal
1122	158^_	^_ 1 5 8	
1123	114^^	1 1^^ 4	het
1124	724	7 2 4	welgeval
1125	316^_	3 1^_ 6	len
1126	15^CircleWithHorizontalBar	1^+ 5^_	waar
1127	730^_	7^_ 3^_ 0^_	in
1128	590^CircleWithHorizontalBar	5^_ 9^+ 0^_	zÿn Majesteit
1129	52^^	5^^ 2	ontrent
1130	303	3 0 3	die
1131	"371^"""	3 7^{''} 1	antwoort
1132	21^CircleWithHorizontalBar	^_ 2^+ 1^_	was
1133	143^_	1 4{^_}{_.} 3{^_}{_.}	heeft
1134	874^CircleWithHorizontalBar	8^_ 7^+ 4^_	de K? Vice Cancelier
1135	39^CircleWithHorizontalBar	3^+ 9^_	wÿ
1136	674	6 7 4	n
1137	5	5	i
1138	158^CircleWithHorizontalBar	1^_ 5^+ 8^_	ge
1139	"944^"""	9 4^{''} 4	dagen
1140	"789^"""	7 8^{''} 9	daar ha
1141	375	3 7 5	aan
1142	26	2 6	de
1143	450	4 5 0	p
1144	448^CircleWithHorizontalBar	4 4^+ 8^_	r
1145	"703^"""	7 0^{''} 3	u
1146	"931^"""	9 3^{''} 1	ÿ
1147	"860^"""	8 6^{''} 0	ss
1148	87	8 7	is
1149	"514^"""	5 1^{''} 4	chi
1150	750^_	7^_ 5^_ 0^_	Minister F
1151	991^_	9^_ 9^_ 1^_	naam
1152	191	1 9 1	ens
1153	"477^"""	4 7^{''} 7	der
1154	521^_	5 2^_ 1^_	Keizerin
1155	730^_	7^_ 3^_ 0^_	in
1156	"371^"""	3 7^{''} 1	antwoort
1157	7	7	te
1158	447^_	4 4^_ 7	kennen
1159	707	7 0 7	geven?
1160	743^_	^_ 7 4 3	mentie
1161	410^_	4 1^_ 0^_	zij
1162	45^CircleWithHorizontalBar	4 5^+	zeer
1163	139^o	1 3^o 9	sommege
1164	134^o	1 3^o 4	si
1165	"490^"""	4 9^{''} 0	ble
1166	21^CircleWithHorizontalBar	2^_ 1^+	was
1167	874	8 7 4	
1168	375	3 7 5	aan
1169	789^o	7 8^o 9	vertrouwen
1170	743	7 4 3	dak?
1171	163	1 6 3	den
1172	376^_	3 7^_ 6	koning
1173	90	9 0	zÿn
1174	497^_	4 9^_ 7^_	
1175	730^_	7^_ 3^_ 0^_	in
1176	741	7 4 1	haar
1177	851^^	8 5^^ 1	steld
1178	31^^	3^^ 1	e
1179	188^^	1 8^^ 8	dat
1180	927	9 2 7	
1181	410^_	4 1^_ 0^_	zij
1182	414^_	4 1^_ 4^_	
1183	375	3 7 5	aan
1184	130^CircleWithHorizontalBar	1^_ 3^+ 0^_	zien
1185	219^o	2 1^o 9	van het
1186	256^CircleWithHorizontalBar	2^_ 5^+ 6	werk
1187	230	2 3 0	der
1188	737^o	7 3^o 7	bewuste
1189	"347^"""	3 4^{''} 7	accessie?
1190	109^^	^_ 1 0^^ 9	met
1191	242^_	2^_ 4^_ 2^_	van
1192	192^CircleWithHorizontalBar	^_ 1^_ 9^+ 2^_	Z
1193	946^o	9 4^o 6	we
1194	999^o	9 9^o 9	den
1195	158	1 5 8	en
1196	"881^"""	8 8^{''} 1	den
1197	"699^"""	6 9^{''} 9	e
1198	340^_	3 4^_ 0^_	mar
1199	47^_	4 7^_	l
1200	893	8 9 3	en
1201	219^o	2 1^o 9	van het
1202	126^CircleWithHorizontalBar	1^_ 2^+ 6^_	zelve
1203	724	7 2 4	welgeval
1204	316^_	3^_ 1^_ 6^_	len
1205	21^CircleWithHorizontalBar	2^_ 1^+	was
1206	"59^"""	5 9^{''}	als
1207	70^CircleWithHorizontalBar	7^_ 0^+	zyne
1208	450	4 5 0	p
1209	448^CircleWithHorizontalBar	4 4^+ 8^_	r
1210	"703^"""	7 0^{''} 3	u
1211	"931^"""	9 3^{''} 1	ÿ
1212	"860^"""	8^{''} 6 0	ss
1213	87	8 7	is
1214	"514^"""	5 1^{''} 4	chi
1215	333^_	3^_ 3^_ 3^_	majesteit?
1216	236^_	2^_ 3^_ 6	zich
1217	782^_	7^_ 8^_ 2^_	noglens?
1218	730^_	7 3^_ 0^_	in
1219	44	4 4	di zen
1220	674	6 7 4	n
1221	950	9 5 0	
1222	380	3 8 0	van
1223	741	7 4 1	haar
1224	31^^	3 1^^	e
1225	"284^"""	2 8^{''} 4	
1226	375^_	3^_ 7^_ 5^_	konde
1227	85^CircleWithHorizontalBar	8^+ 5^_	of
1228	183^CircleWithHorizontalBar	1^_ 8^+ 3^_	wil
1229	26	2 6	de
1230	550	5 5 0	ge
1231	674	6 7 4	n
1232	80	8 0	eeron
1233	158	1 5 8	en
1234	229^^	2 2^^ 9	
1235	60^^	6^^ 0	ock
1236	375	3 7 5	aan
1237	114^^	1 1^^ 4	het
1238	734	7 3 4	
1239	721^o	7 2^o 1	vindon
1240	380	3 8 0	van
1241	590^CircleWithHorizontalBar	5^_ 9^+ 0^_	zÿn Majesteit
1242	300^^	3 0^^ 0	over
1243	311	3 1 1	l
1244	5	5	i
1245	7^CircleWithHorizontalBar	7^+	et
1246	48^_	4^_ 8^_	om
1247	"968^"""	9 6^{''} 8	dien
1248	"333^"""	3 3^{''} 3	aangeende
1249	7	7	te
1250	57	5 7	volgen
1251	158	1 5 8	en
1252	7	7	te
1253	309^_	3 0^_ 9^_	laaten
1254	152^_	1 5^_ 2^_	het geene?
1255	236^_	2 3^_ 6	zich
1256	109^^	1 0^^ 9	met
1257	39	3 9	hun
1258	"316^"""	3 1^{''} 6	become?
1259	343^_	^_ 3^_ 4^_ 3	
1260	417	4 1 7	est
1261	300^^	3 0^^ 0	over
1262	77	7 7	een
1263	297	2 9 7	
1264	150^o	1 5^o 0	st
1265	104^_	1^_ 0^_ 4^_	ig
1266	158	1 5 8	en
1267	"689^"""	6 8^{''} 9	conven
1268	"270^"""	2 7^{''} 0	able
1269	136^^	1 3^^ 6	oor
1270	"801^"""	8 0^{''} 1	dut
1271	25	2 5	de
1272	743	7 4 3	dak?
1273	410^_	4^_ 1^_ 0^_	zij
1274	26^CircleWithHorizontalBar	2^+ 6^_	wel
1275	300^^	3 0^^ 0	over
1276	362^o	3^o 6 2	tu?
1277	705^o	7 0^o 5	ÿ
1278	383	3 8 3	g
1279	4^CircleWithHorizontalBar	4^+	t
1280	21^CircleWithHorizontalBar	2^_ 1^+	was
1281	219^o	2 1^o 9	van het
1282	787^_	7^_ 8^_ 7	nu
1283	158	1 5 8	en
1284	114^^	1 1^^ 4	het
1285	658	6 5 8	
1286	188^^	1 8^^ 8	dat
1287	375	3 7 5	aan
1288	26	2 6	de
1289	714	7 1 4	
1290	31^^	3^^ 1	e
1291	42^CircleWithHorizontalBar	4^_ 2^+	zaak
1292	293^CircleWithHorizontalBar	2^_ 9^+ 3^_	zoude?
1293	422^o	4 2^o 2	toc/toe?
1294	772	7 7 2	gebr
1295	"277^"""	2 7^{''} 7	agt ?
1296	188^CircleWithHorizontalBar	1^_ 8^+ 8^_	worden
1297	730^_	7^_ 3^_ 0^_	in
1298	"968^"""	9 6^{''} 8	dien
1299	114^^	1 1^^ 4	het
1300	256^CircleWithHorizontalBar	2^_ 5^+ 6^_	werk
1301	451	4 5 1	van de
1302	737^o	7 3^o 7	bewuste
1303	"347^"""	3 4^{''} 7	accessie?
1304	363^o	3 6^o 3	tusschen
1305	488^_	4 8^_ 8^_	
1306	158	1 5 8	en
1307	242^_	2 4^_ 2	van
1308	192^CircleWithHorizontalBar	^_ 1 9^+ 2^_	Z
1309	946^o	9^o 4 6	we
1310	999^o	9 9^o 9	den
1311	158	1 5 8	en
1312	"881^"""	8 8^{''} 1	den
1313	"699^"""	6 9^{''} 9	e
1314	340^_	3 4^_ 0^_	mar
1315	47^_	4 7^_	l
1316	893	8 9 3	en
1317	379	3 7 9	op
1318	601	6 0 1	d
1319	2	2	een
1320	85^CircleWithHorizontalBar	8 5^+	of
1321	"217^"""	2 1^{''} 7	andere
1322	40^CircleWithHorizontalBar	4^_ 0^+	wÿze
1323	550	5 5 0	ge
1324	252	2 5 2	effect
1325	533	5 3 3	u
1326	750	7 5 0	cerd
1327	158	1 5 8	en
1328	549	5 4 9	ge
1329	"374^"""	3 7^{''} 4	ar
1330	528^^	5 2^^ 8	rang
1331	750	7 5 0	cerd
1332	375	3 7 5	aan
1333	188^CircleWithHorizontalBar	1^_ 8^+ 8^_	worden
1334	331^_	3^_ 3^_ 1^_	maar
1335	743	7 4 3	dak?
1336	784	7 8 4	gelÿk
1337	2^_	2^_	hier
1338	581^o	5 8^o 1	voor
1339	583	5 8 3	
1340	523	5 2 3	e
1341	383	3 8 3	g
1342	4^CircleWithHorizontalBar	4^+	t
1343	375	3 7 5	aan
1344	242^_	2 4^_ 2	van
1345	192^CircleWithHorizontalBar	^_ 1^_ 9^+ 2^_	Z
1346	946^o	9 4^o 6	we
1347	999^o	9 9^o 9	den
1348	158	1 5 8	en
1349	"881^"""	8 8^{''} 1	den
1350	"699^"""	6 9^{''} 9	e
1351	340^_	3 4^_ 0^_	mar
1352	47^_	4^_ 7	l
1353	893	8 9 3	en
1354	497	4 9 7	even
1355	57^CircleWithHorizontalBar	5^_ 7^+	zo
1356	976^_	9 7^_ 6	min
1357	"59^"""	5 9^{''}	als
1358	375	3 7 5	aan
1359	70^CircleWithHorizontalBar	7^_ 0^+	zyne
1360	454^_	4 5^_ 4^_	
1361	31^^	3 1^^	e
1362	333^_	3^_ 3^_ 3^_	majesteit?
1363	"968^"""	9 6^{''} 8	dien
1364	"333^"""	3 3^{''} 3	aangeende
1365	27^_	2 7^_	ig
1366	375^_	3 7^_ 5	konde
1367	85^CircleWithHorizontalBar	8^+ 5^_	of
1368	183^CircleWithHorizontalBar	1^_ 8^+ 3^_	wil
1369	26	2 6	de
1370	581^o	5 8^o 1	voor
1371	124^o	1 2^o 4	schrÿen
1372	743	7 4 3	dak?
1373	236	2 3 6	des
1374	853^_	8^_ 5^_ 3	nict?
1375	7	7	te
1376	976^_	9 7^_ 6	min
1377	959^_	9 5^_ 9	bÿ
1378	128^_	1^_ 2^_ 8^_	ff
1379	"968^"""	9 6^{''} 8	dien
1380	70^CircleWithHorizontalBar	7^_ 0^+	zyne
1381	450	4 5 0	p
1382	448^CircleWithHorizontalBar	4^_ 4^+ 8	r
1383	"703^"""	7 0^{''} 3	u
1384	"931^"""	9 3^{''} 1	ÿ
1385	"860^"""	8^{''} 6 0	ss
1386	87	8 7	is
1387	"514^"""	5 1^{''} 4	chi
1388	333^_	3^_ 3^_ 3^_	majesteit?
1389	253	2 5 3	egler?
1390	26	2 6	de
1391	"347^"""	3 4^{''} 7	accessie?
1392	109^^	1 0^^ 9	met
1393	25	2 5	de
1394	812^o	8 1^o 2	voornocond?
1395	31^^	3 1^^	e
1396	13^_	1^_ 3^_	hot
1397	380^_	^_ 3 8 0	krÿgen?
1398	"881^"""	8 8^{''} 1	den
1399	"699^"""	6 9^{''} 9	e
1400	340^_	3^_ 4^_ 0^_	mar
1401	47^_	4^_ 7^_	l
1402	893	8 9 3	en
1403	158	1 5 8	en
1404	192^CircleWithHorizontalBar	1^_ 9^+ 2^_	Z
1405	730^_	7^_ 3^_ 0^_	in
1406	815	8 1 5	de
1407	718	7 1 8	
1408	31^^	3 1^^	e
1409	899^o	8 9^o 9	vreede handeling
1410	7	7	te
1411	"47^"""	4 7^{''}	ad
1412	973^_	9 7^_ 3	mi
1413	4^CircleWithHorizontalBar	4^+	t
1414	175^o	1 7^o 5	t
1415	80	8 0	eeron
1416	85^CircleWithHorizontalBar	8^_ 5^+	of
1417	109^^	1 0^^ 9	met
1418	"815^"""	8 1^{''} 5	dezolve
1419	"67^"""	6 7^{''}	anders
1420	7	7	te
1421	503^o	5 0^o 3	tra
1422	36^^	3^^ 6	c
1423	896	8 9 6	t
1424	80	8 0	eeron
1425	"59^"""	5 9^{''}	als
1426	109^^	1 0^^ 9	met
1427	39	3 9	hun
1428	42^^	4 2^^	onderdaan
1429	136^CircleWithHorizontalBar	^_ 1 3^+ 6^_	zonder
1430	363^o	3^o 6 3	tusschen
1431	297^_	2 9^_ 7	kom
1432	150^o	1 5^o 0	st
1433	131^_	1 3^_ 1^_	van
1434	387	3 8 7	eenige
1435	"217^"""	2 1^{''} 7	andere
1436	681^_	6 8^_ 1	mogendheden
1437	51^CircleWithHorizontalBar	5^_ 1^+	zelfs
1438	853^_	8 5^_ 3^_	nict?
1439	451	4 5 1	van de
1440	571^_	5 7^_ 1^_	mediateur
1441	730^_	^_ 7 3^_ 0^_	in
1442	44	4 4	di zen
1443	75^o	7 5^o	staat
1444	380	3 8 0	van
1445	42^CircleWithHorizontalBar	4^_ 2^+	zaak
1446	158^_	^_ 1 5 8	
1447	16	1 6	daar
1448	26	2 6	de
1449	13^_	1^_ 3^_	hot
1450	131^_	^_ 1^_ 3^_ 1	van
1451	209^o	2 0^o 9	tri
1452	526^^	5 2^^ 6	ra
1453	869^^	8 6^^ 9	n
1454	413^^	4 1^^ 3	k
1455	884^^	8 8^^ 4	rÿk
1456	158	1 5 8	en
1457	919^^	9 1^^ 9	spa
1458	881	8 8 1	nje
1459	60^^	6 0^^	ock
1460	374	3 7 4	fem?
1461	31^^	3 1^^	e
1462	404^_	4 0^_ 4^_	lijk
1463	822	8 2 2	en
1464	239	2 3 9	on
1465	454^o	4 5^o 4	verander?
1466	404^_	4 0^_ 4^_	lijk
1467	"963^"""	9 6^{''} 3	
1468	90^_	^_ 9 0	dit Hot
1469	206^CircleWithHorizontalBar	2 0^+ 6	zig
1470	81	8 1	ion
1471	705	7 0 5	geene
1472	899^o	8 9^o 9	vreede handeling
1473	730^_	7 3^_ 0^_	in
1474	7	7	te
1475	309^_	3 0^_ 9^_	laaten
1476	57^CircleWithHorizontalBar	5^_ 7^+	zo
1477	539^_	5 3^_ 9	lang
1478	"59^"""	5 9^{''}	als
1479	741	7 4 1	haar
1480	52^^	5 2^^	ontrent
1481	114^^	1 1^^ 4	het
1482	102^^	1 0^^ 2	point
1483	253^CircleWithHorizontalBar	2 5^+ 3	weg
1484	191	1 9 1	ens
1485	"443^"""	4 4^{''} 3	ce?
1486	323^_	3 2^_ 3	lo
1487	261^^	2^^ 6 1	n
1488	260^^	2^^ 6 0	i
1489	341^^	3 4^^ 1	en
1490	704	7 0 4	geen
1491	653^o	6 5^o 3	voldeen?
1492	114^_	1^_ 1^_ 4^_	ing[en]
1493	707	7 0 7	geven?
1494	187^CircleWithHorizontalBar	^_ 1^_ 8^+ 7^_	word
1495	158	1 5 8	en
1496	242^_	2 4^_ 2^_	van
1497	333	3 3 3	en
1498	448	4 4 8	ge
1499	311^_	3^_ 1^_ 1^_	land
1500	206^CircleWithHorizontalBar	2 0^+ 6	zig
1501	52^^	5 2^^	ontrent
1502	163	1 6 3	den
1503	31^^	3 1^^	e
1504	748	7 4 8	ÿ
1505	583^CircleWithHorizontalBar	5^_ 8^+ 3^_	s
1506	36^^	3^^ 6	c
1507	454	4 5 4	h
1508	134^_	1^_ 3^_ 4^_	haast?
1509	919^^	9 1^^ 9	spa
1510	881	8 8 1	nje
1511	253^CircleWithHorizontalBar	2 5^+ 3	weg
1512	191	1 9 1	ens
1513	815	8 1 5	de
1514	"511^"""	5 1^{''} 1	
1515	134^^	1 3^^ 4	onzer
1516	37^^	3 7^^	e
1517	380	3 8 0	van
1518	803	8 0 3	gi
1519	"721^"""	7 2^{''} 1	bre
1520	"473^"""	4 7^{''} 3	l
1521	255^o	2 5^o 5	ta
1522	704^o	7 0^o 4	r
1523	85^CircleWithHorizontalBar	8 5^+	of
1524	183^^	1 8^^ 3	een
1525	484	4 8 4	equi
1526	291^o	2 9^o 1	val
1527	264	2 6 4	ent
1528	131^_	1 3^_ 1^_	van
1529	"968^"""	9 6 8^{''}	dien
1530	853^_	8^_ 5^_ 3^_	nict?
1531	256^^	2 5^^ 6	positis?
1532	158	1 5 8	en
1533	601	6 0 1	d
1534	533	5 3 3	u
1535	187^^	1 8^^ 7	ÿ
1536	26	2 6	de
1537	404^_	4 0^_ 4^_	lijk
1538	217	2 1 7	
1539	750	7 5 0	cerd
1540	57^CircleWithHorizontalBar	5^_ 7^+	zo
1541	130^CircleWithHorizontalBar	1^_ 3^+ 0^_	zien
1542	11	1 1	ik
1543	853^_	8^_ 5^_ 3^_	nict?
1544	743	7 4 3	dak?
1545	25	2 5	de
1546	112	1 1 2	depeche
1547	380^_	^_ 3 8 0	krÿgen?
1548	812^o	8 1^o 2	voornocond?
1549	62^^	6^^ 2	oost
1550	341^^	3 4^^ 1	en
1551	881^^	8 8^^ 1	le Roi de
1552	822^^	8 2^^ 2	se
1553	"617^"""	6 1^{''} 7	
1554	581^o	5 8^o 1	voor
1555	57^CircleWithHorizontalBar	5^_ 7^+	zo
1556	633^o	6 3^o 3	verre
1557	822^^	8 2^^ 2	se
1558	309	3 0 9	dit
1559	789^_	7 8^_ 9^_	object
1560	953^_	9 5^_ 3^_	be
1561	434^o	4 3^o 4	tre
1562	317^o	3 1^o 7	f
1563	444	4 4 4	fan?
1564	387	3 8 7	eenige
1565	"217^"""	2 1^{''} 7	andere
1566	953^_	9 5^_ 3^_	be
1567	208^o	2 0^o 8	trek
1568	413^^	4 1^^ 3	k
1569	114^_	1^_ 1^_ 4^_	ing[en]
1570	451^_	4 5^_ 1^_	konnen
1571	216^_	2^_ 1^_ 6	hetten
1572	"59^"""	5 9^{''}	als
1573	379	3 7 9	op
1574	2	2	een
1575	"673^"""	6 7^{''} 3	propositie
1576	254^CircleWithHorizontalBar	2 5^+ 4	welke
1577	822^^	8 2^^ 2	se
1578	979^_	9^_ 7^_ 9^_	
1579	451	4 5 1	van de
1580	737^o	7 3^o 7	bewuste
1581	202^^	2 0^^ 2	ontfangen
1582	31^^	3 1^^	e
1583	"371^"""	3 7^{''} 1	antwoort
1584	375^_	^_ 3 7 5	konde
1585	26	2 6	de
1586	364^^	3^^ 6 4	oorlog
1587	406	4 0 6	ende
1588	681^_	6 8^_ 1^_	mogendheden
1589	131^_	^_ 1 3^_ 1^_	van
1590	209^o	2 0^o 9	tri
1591	526^^	5 2^^ 6	ra
1592	869^^	8 6^^ 9	n
1593	413^^	4 1 3^^	k
1594	884^^	8 8^^ 4	rÿk
1595	919^^	9 1^^ 9	spa
1596	881	8 8 1	nje
1597	158	1 5 8	en
1598	333	3 3 3	en
1599	448	4 4 8	ge
1600	311^_	3^_ 1^_ 1^_	land
1601	300^^	3 0^^ 0	over
1602	341^^	3 4^^ 1	en
1603	99^CircleWithHorizontalBar	9^+ 9^_	weer
1604	339^^	3 3^^ 9	zullen
1605	184^CircleWithHorizontalBar	1^_ 8^+ 4^_	willen
1606	309^_	3 0^_ 9^_	laaten
1607	57	5 7	volgen
1608	109^^	1 0^^ 9	met
1609	387	3 8 7	eenige
1610	527	5 2 7	ver
1611	405^_	4 0^_ 5^_	ma
1612	31^^	3^^ 1	e
1613	674	6 7 4	n
1614	114^_	1^_ 1^_ 4^_	ing[en]
1615	158	1 5 8	en
1616	664^^	6 6^^ 4	propositie F
1617	979^_	9 7^_ 9	
1618	167^^	1 6^^ 7	per
1619	567^_	5^_ 6^_ 7^_	
1620	601	6 0 1	d
1621	"195^"""	1 9^{''} 5	ac
1622	674^^	6^^ 7 4	qui
1623	4^CircleWithHorizontalBar	4^+	t
1624	48^_	4^_ 8^_	om
1625	114^^	1 1^^ 4	het
1626	256^CircleWithHorizontalBar	2 5^+ 6	werk
1627	331^_	3 3^_ 1^_	maar
1628	375	3 7 5	aan
1629	26	2 6	de
1630	984	9 8 4	hand
1631	7	7	te
1632	92^_	9^_ 2^_	haaden
1633	379	3 7 9	op
1634	815	8 1 5	de
1635	"673^"""	6 7^{''} 3	propositie
1636	254^CircleWithHorizontalBar	2 5^+ 4	welke
1637	26	2 6	de
1638	750^_	7^_ 5^_ 0^_	Minister F
1639	131^_	1^_ 3^_ 1^_	van
1640	563^^	5^^ 6 3	p
1641	788^^	7 8^^ 8	r
1642	719^^	7 1^^ 9	u
1643	748	7 4 8	ÿ
1644	940^^	9 4^^ 0	ss
1645	"574^"""	5 7^{''} 4	by
1646	"929^"""	9 2^{''} 9	n
1647	881^o	8 8^o 1	volgens
1648	749^_	7 4^_ 9	mÿne
1649	118^^	1 1^^ 8	missive
1650	889^_	8 8^_ 9	van den
1651	326	3 2 6	eid
1652	25	2 5	de
1653	844^CircleWithHorizontalBar	8^_ 4^+ 4^_	January
1654	"53^"""	5 3^{''}	alhier?
1655	773	7 7 3	gedaan
1656	143^_	1^_ 4^_ 3^_	heeft
1657	451	4 5 1	van de
1658	"371^"""	3 7^{''} 1	antwoort
1659	254^CircleWithHorizontalBar	^_ 2^_ 5^+ 4	welke
1660	242^_	2^_ 4^_ 2^_	van
1661	192^CircleWithHorizontalBar	^_ 1^_ 9^+ 2^_	Z
1662	946^o	9 4^o 6	we
1663	999^o	9 9^o 9	den
1664	158	1 5 8	en
1665	"881^"""	8 8^{''} 1	den
1666	"699^"""	6 9^{''} 9	e
1667	340^_	3 4^_ 0^_	mar
1668	47^_	4^_ 7^_	l
1669	893	8 9 3	en
1670	379	3 7 9	op
1671	236^_	2 3^_ 6	zich
1672	773	7 7 3	gedaan
1673	211^_	2^_ 1^_ 1^_	hadde
1674	379	3 7 9	op
1675	26	2 6	de
1676	"673^"""	6 7^{''} 3	propositie
1677	254^CircleWithHorizontalBar	2 5^+ 4	welke
1678	488^_	4 8^_ 8^_	
1679	375	3 7 5	aan
1680	715	7 1 5	beid
1681	31^^	3^^ 1	e
1682	13^_	1^_ 3^_	hot
1683	773^_	^_ 7 7 3	negligeeren?
1684	211^_	2^_ 1^_ 1^_	hadde
1685	451	4 5 1	van de
1686	"195^"""	1 9^{''} 5	ac
1687	7	7	te
1688	254^CircleWithHorizontalBar	2^_ 5^+ 4^_	welke
1689	902	9 0 2	te
1690	204^CircleWithHorizontalBar	2^_ 0^+ 4^_	zenden
1691	48^_	4^_ 8^_	om
1692	"59^"""	5 9^{''}	als
1693	510^_	5^_ 1^_ 0^_	s
1694	450	4 5 0	p
1695	431^_	4 3^_ 1^_	ee
1696	311	3 1 1	l
1697	362^_	3^_ 6^_ 2	jong
1698	191	1 9 1	ens
1699	85^CircleWithHorizontalBar	8^+ 5^_	of
1700	132^CircleWithHorizontalBar	1^_ 3^+ 2^_	zo
1701	569	5 6 9	gen
1702	308	3 0 8	aa
1703	33^^	3 3^^	m
1704	26	2 6	de
1705	343^_	3 4^_ 3^_	
1706	674	6 7 4	n
1707	40^_	4 0^_	
1708	348^_	3^_ 4^_ 8^_	bÿ
1709	812^o	8 1^o 2	voornocond?
1710	31^^	3 1^^	e
1711	362^_	3 6^_ 2^_	jong
1712	37^^	3 7^^	e
1713	810	8 1 0	Groot
1714	665^o	6^o 6 5	vorst
1715	549	5 4 9	ge
1716	174^^	1 7^^ 4	
1717	268^^	2^^ 6 8	l
1718	344^^	3 4^^ 4	le
1719	188^CircleWithHorizontalBar	1^_ 8^+ 8^_	worden
