index	page	raw	normalized_group	plaintext
1	5453.png	4^__ 5^__ 1^__	451=	
2	5453.png	8^__ 4^__ 7	847=	
3	5453.png	8^__ 4^__ 5	845=	
4	5453.png	7^__ 0^__ 1^__	701=	
5	5453.png	4^_ 9^_ 3^_	493~	
6	5453.png	3 5^_ 4	354~	
7	5453.png	4^__ 3^__	43=	
8	5453.png	5^'' 7 1	"571"""	
9	5453.png	7 0^'' 4  7 1^'' 6	"704716"""	
10	5453.png	4^'' 9 3	"493"""	
11	5453.png	1^__ 0^__ 0^__	100=	
12	5453.png	6^'' 0 3	"603"""	
13	5453.png	5^'' 6 7	"567"""	
14	5453.png	3^'' 1 0	"310"""	
15	5453.png	7 3^_ 2^_	732~	
16	5453.png	3^'' 3 3	"333"""	
17	5453.png	2^'' 5 6	"256"""	
18	5453.png	7^__ 3^__	73=	
19	5453.png	7^'' 2 0	"720"""	
20	5453.png	6^'' 3 4	"634"""	
21	5453.png	2^'' 2 6	"226"""	
22	5453.png	8 7^_	87~	
23	5453.png	5^'' 3 6	"536"""	
24	5453.png	4^'' 1 1	"411"""	
25	5453.png	4^_ 1^_ 5^_	415~	
26	5453.png	3^'' 6 8	"368"""	
27	5453.png	1^__ 9^__ 6	196=	
28	5453.png	7^__ 5^__ 8	758=	
29	5453.png	9^__ 0^__ 4	904=	
30	5453.png	8^__ 4^__ 9	849=	
31	5453.png	7^' 0 6	706^	
32	5453.png	6^' 7 1	671^	
33	5453.png	1 4^' 6	146^	
34	5453.png	7 7 9	779	
35	5453.png	8 3 3	833	
36	5453.png	1^_ 6^_ 5	165~	
37	5453.png	3^_ 4^_ 5	345~	
38	5453.png	4 9^__ 7	497=	
39	5453.png	6^__ 2 2	622=	
40	5453.png	6^' 4 5	645^	
41	5453.png	5^' 4 1	541^	
42	5453.png	5^' 4 7	547^	
43	5453.png	4^'' 3 3	"433"""	
44	5453.png	4^'' 1 7	"417"""	
45	5453.png	1^__ 0^__ 0^__	100=	
46	5453.png	2 6 3	263	
47	5453.png	2^'' 4 7	"247"""	
48	5453.png	5^'' 4 2	"542"""	
49	5453.png	5^' 3 0	530^	
50	5453.png	2^' 9 4	294^	
51	5453.png	5^' 1 1	511^	
52	5453.png	2^' 1 5	215^	
53	5453.png	4 4^' 4	444^	
54	5453.png	9^' 1 7	917^	
55	5453.png	8^' 9 8	898^	
56	5453.png	1^_ 2^_ 4	124~	
57	5453.png	9^' 7 1	971^	
58	5453.png	4^__ 5^__ 6	456=	
59	5453.png	2^_ 0^_ 0	200~	
60	5453.png	3^_ 0^_ 2	302~	
61	5453.png	9^' 6 8	968^	
62	5453.png	5^_ 7^_ 2	572~	
63	5453.png	3^_ 4^_ 5	345~	
64	5453.png	6^'' 8	"68"""	
65	5453.png	^_ 9 5^_ 3	953~	
66	5453.png	1^'' 0 8	"108"""	
67	5453.png	6^'' 2 1	"621"""	
68	5453.png	7^'' 8 8	"788"""	
69	5453.png	6^'' 7 8	"678"""	
70	5453.png	9^'' 5 0	"950"""	
71	5453.png	4^'' 1 0	"410"""	
72	5453.png	7^'' 2 0	"720"""	
73	5453.png	5^'' 1 3	"513"""	
74	5453.png	7^_ 8^_ 5	785~	
75	5453.png	9^_ 5^_ 4	954~	
76	5453.png	1 8^'' 1	"181"""	
77	5453.png	3^__ 6^__ 9	369=	
78	5453.png	^_ 7^__ 7^__ 9	779=	
79	5453.png	1^'' 8 4	"184"""	
80	5453.png	3^'' 4	"34"""	
81	5453.png	1^'' 8 2	"182"""	
82	5453.png	1 1^'' 3	"113"""	
83	5453.png	2^'' 6 3	"263"""	
84	5453.png	2^'' 6 2	"262"""	
85	5453.png	7^' 0 9	709^	
86	5453.png	^_ 3^' 6 2	362~	
87	5453.png	6^__ 7^__ 7	677=	
88	5453.png	7^__ 7^__ 5	775=	
89	5453.png	6^__ 7^__ 6	676=	
90	5453.png	4^'' 5 5	"455"""	
91	5453.png	8 1^_ 4	814~	
92	5453.png	2^'' 9	"29"""	
93	5453.png	7^_ 2^_ 8^_	728~	
94	5453.png	8^' 3 7	837^	
95	5453.png	5^' 1 6	516^	
96	5453.png	5^__ 2^__ 5	525=	
97	5453.png	^_ 8^__ 4^__ 2	842=	
98	5453.png	3 2^_ 6	326~	
99	5453.png	5^' 3 8	538^	
100	5453.png	7^' 3 0	730^	
101	5453.png	^_ 3^' 5 7	357~	
102	5453.png	1^' 4 3	143^	
103	5453.png	6^' 7 0	670^	
104	5453.png	5^' 5 8	558^	
105	5453.png	2^_ 8^_	28~	
106	5453.png	9^_ 7^_ 1	971~	
107	5453.png	6^_ 3^_	63~	
108	5453.png	4^_ 2^_ 4	424~	
109	5453.png	5^_ 0^_ 6	506~	
110	5453.png	7^' 2 1	721^	
111	5453.png	5^' 8 9	589^	
112	5453.png	1^' 4 9	149^	
113	5453.png	4^' 2 2	422^	
114	5453.png	2^'' 4 1	"241"""	
115	5453.png	1^_ 6^_ 5	165~	
116	5453.png	5^_ 7^_ 8^_	578~	
117	5453.png	3^_ 5^_ 3	353~	
118	5453.png	8 9 6	896	
119	5453.png	1 2 1	121	
120	5453.png	3 2 0	320	
121	5453.png	2^__ 8^__ 6	286=	
122	5453.png	8^__ 5^__ 1	851=	
123	5453.png	4^' 0 4	404^	
124	5453.png	1 1 5	115	
125	5453.png	5^__ 1^__ 0^__	510=	
126	5453.png	3^__ 2^__ 5	325=	
127	5453.png	8^__ 5^__ 1^__	851=	
128	5453.png	7^__ 3^__	73=	
129	5453.png	4^' 1 7	417^	
130	5453.png	5 1 8	518	
131	5453.png	8 4 3	843	
132	5453.png	5^_ 6^_ 7	567~	
133	5453.png	4^_ 2^_ 8	428~	
134	5453.png	1^_ 1^_ 6^_	116~	
135	5453.png	5^_ 7^_ 2^_	572~	
136	5453.png	1^_ 2^_ 2^_	122~	
137	5453.png	4^' 8 0	480^	
138	5453.png	3^' 6 8	368^	
139	5453.png	6 6 4	664	
140	5453.png	^_ 3 9 7	397~	o
141	5453.png	7^' 2	72^	
142	5453.png	5 4 4	544	
143	5453.png	7^' 1	71^	
144	5453.png	2^_ 6^_ 5	265~	
145	5453.png	^_ 9^' 6 9	969~	
146	5453.png	8 5 7	857	
147	5453.png	8^' 6 1	861^	
148	5453.png	^_ 4^__ 6^__ 0	460=	
149	5453.png	1 8^' 5	185^	
150	5453.png	5^' 1 9	519^	
151	5453.png	7^' 4 6	746^	
152	5453.png	1 4^' 6	146^	
153	5453.png	3^' 6 0	360^	
154	5453.png	7^' 4 3	743^	
155	5453.png	1^'' 7 1	"171"""	
156	5453.png	1 8 8	188	
157	5453.png	4^__ 5^__ 8	458=	
158	5453.png	3^_ 1^_ 8	318~	
159	5453.png	1 8 4	184	
160	5453.png	3^__ 5^__. 6	356=	
161	5453.png	5 5 0	550	
162	5453.png	3^_ 6^_ 5	365~	
163	5453.png	3^' 4 0	340^	
164	5453.png	7^' 3	73^	
165	5453.png	1 4^__ 9^__	149=	
166	5453.png	2^_ 7^_ 4^_	274~	
167	5453.png	4^' 8 0	480^	
168	5453.png	4 4 7	447	over
169	5453.png	3^_. 0^_ 0^_	300~	
170	5453.png	1 7 1	171	
171	5453.png	5^_ 7^_ 2	572~	
172	5453.png	9^' 6 5	965^	
173	5453.png	4^_ 2^_ 1	421~	
174	5453.png	6^_ 1^_ 9	619~	
175	5453.png	3^'' 3 8	"338"""	
176	5453.png	1 9 7	197	
177	5453.png	2 4 2	242	
178	5453.png	7^' 4	74^	
179	5453.png	8 8	88	
180	5453.png	6^' 3 5	635^	
181	5453.png	2 4 7	247	dat
182	5453.png	1^_ 3^_ 9	139~	
183	5453.png	^_ 4^_ 7^_ 2	472~	
184	5453.png	9^' 7 1	971^	
185	5453.png	1^__ 9^__ 9^__	199=	
186	5453.png	1 0 6	106	
187	5453.png	4^__ 5^__ 7	457=	
188	5453.png	^_ 7^__ 7^__ 9	779=	
189	5453.png	3^__ 8^__ 4	384=	
190	5453.png	4^__ 8^__ 3	483=	
191	5453.png	7^__ 7^__ 4	774=	
192	5453.png	9^_ 9^_ 7	997~	
193	5453.png	4^__ 8^__ 3	483=	
194	5453.png	4^__ 0^__ 5	405=	
195	5453.png	7 6^__ 8^__	768=	
196	5453.png	2^__ 9^__ 9	299=	
197	5453.png	1 8^' 5	185^	
198	5453.png	5^' 1 3	513^	
199	5453.png	9 0 3	903	
200	5453.png	6 2 1	621	
201	5453.png	2 2 6	226	
202	5453.png	9	9	
203	5453.png	7 7 2	772	
204	5453.png	7^' 3 0	730^	
205	5453.png	8^' 4 5	845^	
206	5453.png	1 4^' 3	143^	
207	5453.png	5^__ 0^__ 8	508=	
208	5453.png	1 8	18	
209	5453.png	6 6 4	664	
210	5453.png	^_ 6^' 6	66~	
211	5453.png	6^' 5	65^	
212	5453.png	7 0 4	704	
213	5453.png	2^'' 9	"29"""	
214	5453.png	3 7 6	376	pruissen
215	5453.png	8 4 7	847	
216	5453.png	1^_ 9^_ 4	194~	
217	5453.png	7^' 3 0	730^	
218	5453.png	6^' 6	66^	
219	5453.png	5 7 7	577	
220	5453.png	^_ 7^' 2	72~	
221	5453.png	5 2	52	
222	5453.png	5^'' 1 3	"513"""	
223	5453.png	1^' 6	16^	
224	5453.png	1 7 0	170	
225	5453.png	2^' 1 8	218^	
226	5453.png	8^' 1 6	816^	
227	5453.png	8 4 6	846	
228	5453.png	6^'' 1 5	"615"""	
229	5453.png	8 5 7	857	
230	5453.png	4^' 1 6	416^	
231	5453.png	6^' 9 2	692^	
232	5453.png	3^' 4 1 ^_ 4^__ 6 0	341460=	
233	5454.png	5^__ 1^__ 0^__	510=	
234	5454.png	7^'' 8 1	"781"""	
235	5454.png	7^__ 7^__	77=	
236	5454.png	2^'' 9	"29"""	
237	5454.png	2^_ 6^_ 5	265~	
238	5454.png	^_ 3^_ 2^_ 6	326~	
239	5454.png	1^_ 2^_ 5^_	125~	
240	5454.png	7^' 3 0	730^	
241	5454.png	3 9	39	g
242	5454.png	7^'' 8 1	"781"""	
243	5454.png	6^' 1 0	610^	
244	5454.png	2^'' 9 6	"296"""	
245	5454.png	7^' 1 4	714^	
246	5454.png	5 4 3	543	
247	5454.png	2^_ 4^_ 1	241~	
248	5454.png	3^_ 5^_ 3	353~	
249	5454.png	7 5 3	753	
250	5454.png	2^_ 6^_ 5	265~	
251	5454.png	^_ 5^'' 6 5	"565"""	
252	5454.png	6^' 3 4	634^	
253	5454.png	6^' 6	66^	
254	5454.png	7 6 1	761	
255	5454.png	2^' 4 5	245^	
256	5454.png	1^_ 3^_ 1^_	131~	
257	5454.png	5^_ 0^_ 8	508~	
258	5454.png	4^_ 3^_ 7	437~	
259	5454.png	3 1^_ 8	318~	
260	5454.png	7 0 4	704	
261	5454.png	7^' 0	70^	
262	5454.png	4^'' 1 1	"411"""	
263	5454.png	3^__ 1^__ 2	312=	
264	5454.png	6^' 2 0	620^	
265	5454.png	6^' 7	67^	
266	5454.png	1^'' 1 2	"112"""	
267	5454.png	4^_ 1^_ 6^_	416~	
268	5454.png	6^'' 3 4	"634"""	
269	5454.png	^_ 7^'' 7 1	"771"""	
270	5454.png	4 4 7	447	over
271	5454.png	7 6 1	761	
272	5454.png	5^__ 9^__ 2	592=	
273	5454.png	9^'' 3	"93"""	
274	5454.png	1 1 9	119	
275	5454.png	4^_ 1^_ 8^_	418~	
276	5454.png	7 6 1	761	
277	5454.png	9^'' 0 7	"907"""	
278	5454.png	6^' 5	65^	
279	5454.png	7^'	7^	
280	5454.png	1 1^'' 8	"118"""	
281	5454.png	4^'' 8 3	"483"""	
282	5454.png	5^__ 4^__ 3	543=	
283	5454.png	8^' 6 1	861^	
284	5454.png	6^_ 3^_ 6	636~	
285	5454.png	^_ 4^'' 4 8	"448"""	
286	5454.png	4 1^' 7	417^	
287	5454.png	3^_ 5^_ 3	353~	
288	5454.png	8 1 2	812	
289	5454.png	8 7 5	875	
290	5454.png	6 6 4	664	
291	5454.png	^_ 1^__ 9^__ 5	195=	
292	5454.png	3 2^_ 6	326~	
293	5454.png	3^_ 0^_ 2^_	302~	
294	5454.png	5^'' 9 7	"597"""	
295	5454.png	1^_ 9^_ 8^_	198~	
296	5454.png	5^_ 2^_ 1^_	521~	
297	5454.png	7^' 0	70^	
298	5454.png	5^'' 5 4	"554"""	
299	5454.png	7^' 1	71^	
300	5454.png	3^'' 2 2	"322"""	
301	5454.png	8^_ 6^_ 8	868~	
302	5454.png	2^'' 6 6	"266"""	
303	5454.png	1^'' 8 4	"184"""	
304	5454.png	2^'' 8	"28"""	
305	5454.png	9^_ 5^_ 9	959~	
306	5454.png	5^__ 1^__ 1^__	511=	
307	5454.png	9^' 1 7	917^	
308	5454.png	6^' 6	66^	
309	5454.png	4^'' 6 1	"461"""	
310	5454.png	5^'' 6 5	"565"""	
311	5454.png	2^__ 1^__	21=	
312	5454.png	8^'' 4 5	"845"""	
313	5454.png	7^'' 9 7	"797"""	
314	5454.png	6 8 6	686	den
315	5454.png	3^_ 6^_ 5	365~	
316	5454.png	6^__ 0^__ 2	602=	
317	5454.png	2^' 3 6	236^	
318	5454.png	^_ 8^' 4 0	840~	
319	5454.png	1^' 2 7  4^_ 6^_ 1^_	127461~	
320	5454.png	3 7^_ 6	376~	
321	5454.png	7 5 3	753	
322	5454.png	1 2 3	123	
323	5454.png	^_ 6 7 0	670~	
324	5454.png	4^_ 1^_ 8^_	418~	
325	5454.png	7^_ 4^_ 3^_	743~	
326	5454.png	3^' 3 7	337^	
327	5454.png	1 8 4	184	
328	5454.png	6^' 1 7	617^	
329	5454.png	1^_ 8^_	18~	
330	5454.png	6^_ 4^_ 3	643~	
331	5454.png	4^__ 6^__ 0^__	460=	
332	5454.png	3 9	39	g
333	5454.png	2 3 8	238	
334	5454.png	3 2^_ 6	326~	
335	5454.png	6^' 5	65^	
336	5454.png	8^' 4 1	841^	
337	5454.png	6^' 6 7	667^	
338	5454.png	5^' 1 4	514^	
339	5454.png	4^_ 4^_ 6	446~	
340	5454.png	9 7 3	973	
341	5454.png	9 1 9	919	
342	5454.png	7 7 5	775	
343	5454.png	8^_ 9^_ 2	892~	
344	5454.png	^_ 2^'' 5 7	"257"""	
345	5454.png	8^' 1 0	810^	
346	5454.png	^_ 9^'' 2 1	"921"""	
347	5454.png	7^__ 7^__	77=	
348	5454.png	8^'' 6 5	"865"""	
349	5454.png	1 1 9	119	
350	5454.png	5^__ 1^__ 1^__	511=	
351	5454.png	3^_ 7^_ 6	376~	
352	5454.png	8^' 9 8	898^	
353	5454.png	5^_ 0^_ 6^_	506~	
354	5454.png	2^' 0 6	206^	
355	5454.png	5^' 0 9	509^	
356	5454.png	6^'' 2 5	"625"""	
357	5454.png	9^' 3 9	939^	
358	5454.png	2^'' 6 1	"261"""	
359	5454.png	2^'' 5 7	"257"""	
360	5454.png	2^'' 6 7	"267"""	
361	5454.png	7 3^_ 3	733~	
362	5454.png	3^'' 3 8	"338"""	
363	5454.png	5^'' 2 9	"529"""	
364	5454.png	1^__ 0^__ 0	100=	
365	5454.png	8 9^__ 3	893=	
366	5454.png	7 0^__ 5	705=	
367	5454.png	4 1^_ 7	417~	
368	5454.png	6^'' 0 3	"603"""	
369	5454.png	3^'' 1 0	"310"""	
370	5454.png	7^_ 3^_ 2^_	732~	
371	5454.png	2^'' 5 7	"257"""	
372	5454.png	3^'' 3 2	"332"""	
373	5454.png	5 0 9	509	
374	5454.png	2 7	27	
375	5454.png	9^' 6 0	960^	
376	5454.png	8^' 9 0	890^	
377	5454.png	2 0^_ 1^_	201~	
378	5454.png	4^_ 2^_ 9^_	429~	
379	5454.png	5^_ 7^_ 2	572~	
380	5454.png	1^_ 8^_ 6	186~	
381	5454.png	9^' 6 8	968^	
382	5454.png	5 0^_ 2^_	502~	
383	5454.png	9^' 6 9	969^	
384	5454.png	5^'' 8 1	"581"""	
385	5454.png	5^' 6 9	569^	
386	5454.png	6^' 6 2	662^	
387	5454.png	6^' 2 9	629^	
388	5454.png	1^' 4 5	145^	
389	5454.png	5 8^' 9	589^	
390	5454.png	3 2 9	329	
391	5454.png	7 0 1	701	
392	5454.png	4^' 4	44^	
393	5454.png	9 2 5	925	
394	5454.png	2 1 5	215	
395	5454.png	8^'' 3 8	"838"""	
396	5454.png	7^'' 1 6	"716"""	
397	5454.png	4^'' 8 5	"485"""	
398	5454.png	9^__ 4^__	94=	
399	5454.png	1^_ 8^_	18~	
400	5454.png	5^__ 1^__ 0^__	510=	
401	5454.png	8^__ 4^__ 9	849=	
402	5454.png	3 1^__ 2	312=	
403	5454.png	6^' 2 0	620^	
404	5454.png	5^_ 6^_ 7	567~	
405	5454.png	8^' 9 8	898^	
406	5454.png	4 9 8	498	
407	5454.png	9 2 4	924	
408	5454.png	7 6 6	766	
409	5454.png	5^'' 9 7	"597"""	
410	5454.png	5^'' 3 6	"536"""	
411	5454.png	1^__ 0^__ 0^__	100=	
412	5454.png	8^'' 8 2	"882"""	
413	5454.png	1 3 7	137	zig
414	5454.png	2 4 4	244	
415	5454.png	1 6 5	165	
416	5454.png	1 8	18	
417	5454.png	7 8 4	784	
418	5454.png	9 5 9	959	
419	5454.png	1 7^''	"17"""	
420	5454.png	3 1^_ 8^_	318~	
421	5454.png	7^_ 1^_ 4^_	714~	
422	5454.png	2^'' 6 1	"261"""	
423	5454.png	2^'' 9	"29"""	
424	5454.png	4^'' 6 6	"466"""	
425	5454.png	5^' 3 1	531^	
426	5454.png	4^'' 2 0	"420"""	
427	5454.png	5^'' 6 5	"565"""	
428	5454.png	8^' 6 2	862^	
429	5454.png	6^__ 7^__ 7	677=	
430	5454.png	2 0^__ 7	207=	
431	5454.png	6^__ 2^__ 3	623=	
432	5454.png	5^__ 4^__ 9	549=	
433	5454.png	4^' 2 2	422^	
434	5454.png	2^'' 4 1	"241"""	
435	5454.png	9^' 3 9	939^	
436	5454.png	1^_ 2^_ 3^_	123~	
437	5454.png	2 6 5	265	
438	5454.png	7^'' 8 1	"781"""	
439	5454.png	9^__ 3^__	93=	
440	5454.png	7^'' 1 8	"718"""	
441	5454.png	2^__ 3^__	23=	
442	5454.png	9^' 0 9	909^	
443	5454.png	3^_ 4^_ 5	345~	
444	5454.png	8^' 6 1	861^	
445	5454.png	^_ 2^' 1 5	215~	
446	5454.png	7^' 4 3	743^	
447	5454.png	3^' 6 8	368^	
448	5454.png	7^__ 4^__ 9	749=	
449	5454.png	5^'' 3 1	"531"""	
450	5454.png	4^' 4	44^	
451	5454.png	8 4 2	842	
452	5454.png	2^_ 2^_ 2^_	222~	
453	5454.png	3 3 7	337	
454	5454.png	9 5 5	955	
455	5454.png	2^_ 8^_	28~	
456	5454.png	3^_ 6^_ 6	366~	
457	5454.png	5^_ 7^_ 8	578~	
458	5454.png	5^_ 7^_ 5^_	575~	
459	5454.png	3 5 6	356	
460	5454.png	5^'' 9 7	"597"""	
461	5454.png	7^'' 9 4	"794"""	
462	5454.png	7^'' 9 6	"796"""	
463	5454.png	2^__ 4^__	24=	
464	5454.png	1^__ 0^__ 0^__	100=	
465	5454.png	2^__ 7^__	27=	
466	5454.png	8^'' 8 4	"884"""	
467	5454.png	9^__ 4	94=	
468	5454.png	6^'' 3 6	"636"""	
469	5454.png	1^__ 7^__	17=	
470	5454.png	2 1 9	219	
471	5454.png	^_ 3 2 2	322~	
472	5454.png	8 8	88	
473	5454.png	4^' 2 3	423^	
474	5454.png	5^' 8 6	586^	
475	5454.png	9 0^' 9	909^	
476	5454.png	2 7^_ 5	275~	
477	5454.png	7^' 2 2	722^	
478	5454.png	4^' 9 5	495^	
479	5454.png	8^' 6 1	861^	
480	5454.png	^_ 5^' 7 0	570~	
481	5454.png	^_ 3^__ 8^__ 4	384=	
482	5454.png	2^__ 0^__ 8	208=	
483	5454.png	5^'' 3 1	"531"""	
484	5454.png	8^_ 1^_ 4	814~	
485	5454.png	2^'' 9	"29"""	
486	5454.png	8 0^_ 4	804~	
487	5454.png	5^__ 2^__ 5	525=	
488	5454.png	^_ 3 2^__ 5	325=	
489	5454.png	3^' 7 3	373^	
490	5454.png	2^' 9 4	294^	
491	5454.png	1 4^' 6	146^	
492	5454.png	2 0^' 6	206^	
493	5454.png	1 1 5	115	
494	5454.png	5^' 7 5	575^	
495	5454.png	3 1^__ 2	312=	
496	5454.png	5^' 4 4	544^	
497	5454.png	5^'' 3 1	"531"""	
498	5454.png	6 3^'' 6	"636"""	
499	5454.png	4^__ 5^__ 9	459=	
500	5454.png	3^__ 3^__ 1	331=	
501	5454.png	6 2^__ 5	625=	
502	5454.png	8 0^_ 4	804~	
503	5454.png	1 1^'' 3	"113"""	
504	5454.png	4^_ 1^_ 7	417~	
505	5454.png	3^'' 3 3	"333"""	
506	5454.png	2^'' 5 6	"256"""	
507	5454.png	9 5^_ 7	957~	
508	5454.png	8^'' 3 8	"838"""	
509	5454.png	7^'' 1 6	"716"""	
510	5454.png	4^'' 8 5	"485"""	
511	5454.png	4^'' 1 1	"411"""	
512	5454.png	6 4^'' 4	"644"""	
513	5454.png	5^'' 7 1	"571"""	
514	5454.png	6^'' 3 6	"636"""	
515	5454.png	7^'' 3 4	"734"""	
516	5454.png	1^__ 7^__	17=	
517	5454.png	9^'' 3 4	"934"""	
518	5454.png	7^'' 9 7	"797"""	
519	5454.png	9^'' 4 8	"948"""	
520	5454.png	8^__ 2^__ 0	820=	
521	5454.png	7^__ 0^__ 5	705=	
522	5454.png	3^'' 1 0	"310"""	
523	5454.png	7^_ 3^_ 2	732~	
524	5454.png	3^'' 3 3	"333"""	
525	5454.png	1^'' 1 2	"112"""	
526	5454.png	9^' 4 6	946^	
527	5454.png	6^'' 8 8	"688"""	
528	5454.png	1^__ 1^__ 0^__	110=	
529	5454.png	1^__ 7^__	17=	
530	5454.png	5 7 4	574	
531	5454.png	8 4 4	844	
532	5454.png	6 2 4	624	
533	5454.png	7^'' 0 7	"707"""	
534	5454.png	5^'' 3 6	"536"""	
535	5454.png	5^'' 6 5	"565"""	
536	5454.png	9^'' 4 8	"948"""	
537	5454.png	2 9^' 9	299^	
538	5454.png	5^__ 5^__ 9	559=	
539	5454.png	6^' 4 5	645^	
540	5454.png	1^' 4 6	146^	
541	5454.png	1^' 4 3	143^	
542	5454.png	8^' 1 3	813^	
543	5454.png	2^'' 3 4	"234"""	
544	5454.png	2^'' 5 7	"257"""	
545	5454.png	4^'' 7 2	"472"""	
546	5454.png	9^__ 5^__	95=	
547	5454.png	7^'' 5 7	"757"""	
548	5454.png	5^'' 8 9	"589"""	
549	5454.png	9^'' 4 8	"948"""	
550	5454.png	3^_ 0^_ 5	305~	
551	5454.png	5^_ 7^_ 2	572~	
552	5454.png	4^__ 6^__ 0	460=	
553	5454.png	5^__ 1^__ 0^__	510=	
554	5454.png	3 9	39	g
555	5454.png	8 8	88	
556	5454.png	8 4 2	842	
557	5454.png	8^__ 6^__ 8	868=	
558	5454.png	8^__ 4^__ 9	849=	
559	5454.png	6^__ 9^__ 7	697=	
560	5454.png	7 0 4	704	
561	5454.png	9 6 7	967	
562	5454.png	4^' 2	42^	
563	5454.png	7 8 2	782	
564	5454.png	4^' 2 3	423^	
565	5454.png	1 4^' 3	143^	
566	5454.png	1 1 9	119	
567	5454.png	2^__ 0^__ 7	207=	
568	5454.png	6^__ 2^__ 3	623=	
569	5454.png	1 4^_ 9	149~	
570	5454.png	5 0^_ 6	506~	
571	5454.png	4^_ 3^_ 0^_	430~	
572	5454.png	1 2^_ 5^_	125~	
573	5454.png	1^_ 1^_ 6^_	116~	
574	5454.png	4^_ 2^_ 1^_	421~	
575	5454.png	5^_ 0^_ 7^_	507~	
576	5454.png	5^_ 7^_ 8	578~	
577	5454.png	9^'' 1 5	"915"""	
578	5454.png	^_ 5^__ 3^__ 2	532=	
579	5454.png	3^_ 0^_ 0	300~	
580	5454.png	1 2^_ 7	127~	
581	5454.png	2 1^_ 6	216~	
582	5454.png	4^' 0 4	404^	
583	5454.png	9^' 4 2	942^	
584	5454.png	8 5 9	859	
585	5454.png	5^_ 3^_ 6	536~	
586	5455.png	3 3 7	337	
587	5455.png	1^'' 7 1	"171"""	
588	5455.png	9 6 0	960	
589	5455.png	3^__ 5^__ 6	356=	
590	5455.png	^_ 7^' 0	70~	
591	5455.png	9^' 0 7	907^	
592	5455.png	4^_ 0^_	40~	
593	5455.png	2 7^_ 7^_	277~	
594	5455.png	5^_ 7^_ 8	578~	
595	5455.png	6^' 1 7	617^	
596	5455.png	3^_ 5^_ 8	358~	
597	5455.png	6^' 6	66^	
598	5455.png	7 1^' 2	712^	
599	5455.png	4^__ 6^__ 0	460=	
600	5455.png	6{^'}{__} 1__ 3__	613=	
601	5455.png	__ 6{^'}{__} 3 8	638=	
602	5455.png	5 9 4	594	
603	5455.png	7 7 6	776	
604	5455.png	3 6^_ 5	365~	
605	5455.png	7^' 1	71^	
606	5455.png	1 7 1	171	
607	5455.png	6^_ 3^_	63~	
608	5455.png	1^'' 1 4	"114"""	
609	5455.png	5^'' 2 1	"521"""	
610	5455.png	4^'' 8 3	"483"""	
611	5455.png	7^__ 7^__	77=	
612	5455.png	2^'' 9	"29"""	
613	5455.png	6 6 4	664	
614	5455.png	^_ 5^'' 7 1	"571"""	
615	5455.png	6^_ 3^_ 6	636~	
616	5455.png	6 8 6	686	den
617	5455.png	9 0 1	901	
618	5455.png	8 4 6	846	
619	5455.png	6^' 7	67^	
620	5455.png	5^_ 6^_ 1^_	561~	
621	5455.png	5^_ 7^_ 2	572~	
622	5455.png	7^_ 1^_ 4	714~	
623	5455.png	7 7^__	77=	
624	5455.png	8^' 9 3	893^	
625	5455.png	4^_ 4^_	44~	
626	5455.png	5^_ 7^_ 2^_	572~	
627	5455.png	8 0^' 6	806^	
628	5455.png	2 1^' 5	215^	
629	5455.png	7 2 3	723	e
630	5455.png	1^_ 4^_ 7^_	147~	
631	5455.png	1^' 9	19^	
632	5455.png	6 1 4	614	
633	5455.png	6^' 5	65^	
634	5455.png	2^_ 6^_ 5	265~	
635	5455.png	^_ 9^' 6 9	969~	
636	5455.png	5^' 5 8	558^	
637	5455.png	9^' 6	96^	
638	5455.png	5^'' 3 9	"539"""	
639	5455.png	8^'' 6 8	"868"""	
640	5455.png	4^'' 9 3	"493"""	
641	5455.png	6^'' 3 6	"636"""	
642	5455.png	8^'' 7 4	"874"""	
643	5455.png	9^' 6 2	962^	
644	5455.png	4 1^_	41~	
645	5455.png	4^'' 5 1	"451"""	
646	5455.png	1 1 1	111	
647	5455.png	3 9	39	g
648	5455.png	8^__ 1^__ 6	816=	
649	5455.png	9^' 0 9	909^	
650	5455.png	5^_ 7^_ 2	572~	
651	5455.png	7^_ 5^_	75~	
652	5455.png	4^_ 0^_	40~	
653	5455.png	4^'' 6 2	"462"""	
654	5455.png	8^'' 6 8	"868"""	
655	5455.png	2^'' 7 0	"270"""	
656	5455.png	9^_ 1^_ 1	911~	
657	5455.png	2^_ 3^_	23~	
658	5455.png	5^_ 7^_ 2^_	572~	
659	5455.png	5^_ 0^_ 6^_	506~	
660	5455.png	7 1 6	716	
661	5455.png	^_ 7^' 3	73~	
662	5455.png	3 9 0	390	
663	5455.png	9 9 6	996	
664	5455.png	5^__ 2^__ 5	525=	
665	5455.png	3 2^__ 5	325=	
666	5455.png	6^__ 9^__ 7^__	697=	
667	5455.png	7^__ 5^__ 0^__	750=	
668	5455.png	3 5	35	
669	5455.png	4 9^__ 7	497=	
670	5455.png	8^__ 5^__ 1	851=	
671	5455.png	2^_ 9^_ 8	298~	
672	5455.png	5^_ 7^_ 2^_	572~	
673	5455.png	6 9 6	696	h
674	5455.png	2 6 2	262	
675	5455.png	7 8 4	784	
676	5455.png	3 9 3	393	
677	5455.png	1 1 9	119	
678	5455.png	9 4 6	946	
679	5455.png	5^' 7 5	575^	
680	5455.png	7 9 0	790	
681	5455.png	8 8 5	885	
682	5455.png	1 9 7	197	
683	5455.png	6 8	68	
684	5455.png	3 1 4	314	
685	5455.png	3^__ 7^__ 9	379=	
686	5455.png	9^'' 4 0	"940"""	
687	5455.png	6^'' 3 6	"636"""	
688	5455.png	7^'' 2 0	"720"""	
689	5455.png	7^' 7 8	778^	
690	5455.png	1 4^' 5	145^	
691	5455.png	2^__ 8^__ 9	289=	
692	5455.png	6^__ 2^__ 2	622=	
693	5455.png	3 4^__ 4	344=	
694	5455.png	4^_ 1^_ 8^_	418~	
695	5455.png	9 3 1	931	
696	5455.png	7 2 3	723	e
697	5455.png	7^' 0	70^	
698	5455.png	9^'' 7 2	"972"""	
699	5455.png	1^'' 9 4	"194"""	
700	5455.png	4^'' 2 0	"420"""	
701	5455.png	1^__ 0^__ 0	100=	
702	5455.png	9^__ 4^__	94=	
703	5455.png	8 7 7	877	
704	5455.png	9^' 0 8	908^	
705	5455.png	5 7 7	577	
706	5455.png	^_ 7^' 1 2	712~	
707	5455.png	^_ 7^'' 8 1	"781"""	
708	5455.png	9 3^__	93=	
709	5455.png	2 6^_ 5	265~	
710	5455.png	^_ 5^_ 7^_ 2	572~	
711	5455.png	2 7 3	273	
712	5455.png	4^'' 3 1	"431"""	
713	5455.png	8^'' 6 8	"868"""	
714	5455.png	9^' 9 8	998^	
715	5455.png	9^' 6 9	969^	
716	5455.png	7^' 1 0	710^	
717	5455.png	1^' 4 3	143^	
718	5455.png	5^' 4 9	549^	
719	5455.png	6^' 0 7	607^	
720	5455.png	7 3 2	732	
721	5455.png	5^'' 3 1	"531"""	
722	5455.png	4^' 4	44^	
723	5455.png	4^'' 4 8	"448"""	
724	5455.png	5 1	51	
725	5455.png	3 1 7	317	
726	5455.png	9	9	
727	5455.png	1 7 1	171	
728	5455.png	6^__ 3^__ 4	634=	
729	5455.png	8^__ 5^__ 1	851=	
730	5455.png	5^'' 1 3	"513"""	
731	5455.png	5^'' 6 4	"564"""	
732	5455.png	5^'' 7 0	"570"""	
733	5455.png	1 6^'	16^	
734	5455.png	9 9 7	997	
735	5455.png	6^_ 5^_ 9^_	659~	dithof
736	5455.png	7^'' 4 1	"741"""	
737	5455.png	4^'' 8 5	"485"""	
738	5455.png	4^__ 5^__ 6	456=	
739	5455.png	3^__ 4^__ 4	344=	
740	5455.png	3 6^_ 5	365~	
741	5455.png	3 2^_	32~	
742	5455.png	3 6^__ 5	365=	
743	5455.png	2^'' 6 1	"261"""	
744	5455.png	2^'' 9	"29"""	
745	5455.png	8 5 9	859	
746	5455.png	8^' 4 3	843^	
747	5455.png	5^' 1 6	516^	
748	5455.png	9^'' 0 5	"905"""	
749	5455.png	7^'' 2 0	"720"""	
750	5455.png	6 0 1	601	
751	5455.png	1 3 8	138	
752	5455.png	9	9	
753	5455.png	9^'' 2 1	"921"""	
754	5455.png	6^'' 3 4	"634"""	
755	5455.png	^_ 9^__ 8^__	98=	
756	5455.png	4^'' 0 9	"409"""	
757	5455.png	2^' 4 5	245^	
758	5455.png	1^_ 3^_ 1	131~	
759	5455.png	5^_ 0^_ 8	508~	
760	5455.png	4^_ 3^_ 7	437~	
761	5455.png	3 1^_ 8	318~	
762	5455.png	5^_ 7^_ 2	572~	
763	5455.png	5^_ 0^_ 7	507~	
764	5455.png	8 2^_ 9^_	829~	
765	5455.png	9^'' 9 8	"998"""	
766	5455.png	2^' 6 4	264^	
767	5455.png	8^_ 6^_ 5^_	865~	
768	5455.png	1^'' 8 1	"181"""	
769	5455.png	2^'' 9	"29"""	
770	5455.png	2 6 5	265	
771	5455.png	7 7 5	775	
772	5455.png	6^__ 7^__ 6	676=	
773	5455.png	4^__ 5^__ 2	452=	
774	5455.png	4^__ 7 4	474=	
775	5455.png	5 2^__ 4	524=	
776	5455.png	8^__ 4 5	845=	
777	5455.png	6^__ 0^__ 4	604=	
778	5455.png	6^' 1 8	618^	
779	5455.png	^_ 7^' 5 6	756~	
780	5455.png	^_ 5^' 0 9	509~	
781	5455.png	6^' 7 1	671^	
782	5455.png	1 5 4	154	
783	5455.png	3^'' 0 5	"305"""	
784	5455.png	1^'' 0 4	"104"""	
785	5455.png	7^_ 3^_ 2	732~	
786	5455.png	6^_ 5^_ 6	656~	
787	5455.png	1^__ 9^__ 4	194=	
788	5455.png	9^_ 6^_ 6	966~	
789	5455.png	3 3^_ 2^_	332~	
790	5455.png	4^__ 6^__ 0	460=	
791	5455.png	5^__ 5^__ 9^__	559=	
792	5455.png	7^__ 6^__ 9^__	769=	
793	5455.png	7^' 1 3	713^	
794	5455.png	7^_ 5^_ 3	753~	
795	5455.png	6^_ 5 6	656~	
796	5455.png	7^'' 5 5	"755"""	
797	5455.png	9^'' 4 0	"940"""	
798	5455.png	6^'' 0 3	"603"""	
799	5455.png	4^__ 5 2	452=	
800	5455.png	6^'' 6 2	"662"""	
801	5455.png	7^'' 2 0	"720"""	
802	5455.png	7 8 9	789	i
803	5455.png	5 1 7	517	
804	5455.png	9 1 9	919	
805	5455.png	9 9 1	991	
806	5455.png	6^' 9 2	692^	
807	5455.png	8^' 1 9	819^	
808	5455.png	7^' 2 2	722^	
809	5455.png	2^' 1 7	217^	
810	5455.png	2^' 1 5	215^	
811	5455.png	7^' 0 3	703^	
812	5455.png	4^_ 6^_ 1^_	461~	
813	5455.png	4^_ 2^_ 8^_	428~	
814	5455.png	2^'' 9 9	"299"""	
815	5455.png	2^'' 6 3	"263"""	
816	5455.png	2^'' 5 6	"256"""	
817	5455.png	5 7 5	575	
818	5455.png	4^'' 0 5	"405"""	
819	5455.png	2^'' 9	"29"""	
820	5455.png	9^_ 5^_ 6	956~	
821	5455.png	6^'' 3 4	"634"""	
822	5455.png	^_ 1^_ 9^_	19~	
823	5455.png	5^_ 0^_ 7	507~	
824	5455.png	5^_ 8^_	58~	
825	5455.png	3^_ 4^_ 7	347~	
826	5455.png	6^_ 0^_ 2	602~	
827	5455.png	5^__ 5^__ 7	557=	
828	5455.png	3^__ 7^__ 7	377=	
829	5455.png	2 9 1	291	
830	5455.png	8^_ 2^_ 2	822~	
831	5455.png	2^'' 6 3	"263"""	
832	5455.png	2 6 2	262	
833	5455.png	3^__ 8^__ 4	384=	
834	5455.png	7^__ 7^__ 4	774=	
835	5455.png	5^' 7 8	578^	
836	5455.png	5 4	54	
837	5455.png	^_ 7 8 4	784~	
838	5455.png	6 1 4	614	
839	5455.png	1 8^' 9	189^	
840	5455.png	6^_ 0^_ 2	602~	
841	5455.png	9^_ 7^_ 1	971~	
842	5455.png	1^_ 3^_ 9^_	139~	
843	5455.png	1^_ 8^_	18~	
844	5455.png	4^__ 9^__	49=	
845	5455.png	5^'' 6 3	"563"""	
846	5455.png	4^'' 1 0	"410"""	
847	5455.png	9^__ 8^__	98=	
848	5455.png	9^'' 0 3	"903"""	
849	5455.png	6^'' 5 1	"651"""	
850	5455.png	7^_ 8^_ 3	783~	
851	5455.png	1^'' 8 7	"187"""	
852	5455.png	1^'' 8 6	"186"""	
853	5455.png	1 1^'' 2	"112"""	
854	5455.png	3^'' 2 5	"325"""	
855	5455.png	8^_ 0^_ 4	804~	
856	5455.png	2^' 4 5	245^	
857	5455.png	3^_ 1^_ 7	317~	ter
858	5455.png	3^_ 9^_ 3	393~	
859	5455.png	1^_ 3^_ 1^_	131~	
860	5455.png	6^_ 2 0	620~	
861	5455.png	5^_ 0^_ 8	508~	
862	5455.png	4^_ 6^_ 9	469~	
863	5455.png	4^_ 3^_ 7	437~	
864	5455.png	9^_ 9^_ 1^_	991~	
865	5455.png	3^_ 1^_ 8	318~	
866	5455.png	2^' 1 5	215^	
867	5455.png	8^' 1 8	818^	
868	5455.png	8^_ 2^_ 9	829~	
869	5455.png	5^'' 3 1	"531"""	
870	5455.png	7^__ 3^__	73=	
871	5455.png	5 2 9	529	
872	5455.png	6 2 1	621	
873	5455.png	4 6 7	467	
874	5455.png	6 1 6	616	
875	5455.png	8^_ 6^_ 5	865~	
876	5455.png	1 8^'' 1	"181"""	
877	5455.png	9 5^_ 8	958~	
878	5455.png	6^'' 2 6	"626"""	
879	5455.png	8 4^_ 3	843~	
880	5455.png	2 6 5	265	
881	5455.png	7 7 5	775	
882	5455.png	7^__ 4^__ 9	749=	
883	5455.png	4^__ 7^__ 4	474=	
884	5455.png	7^_ 0^_ 1^_	701~	
885	5455.png	5^'' 5 8	"558"""	
886	5455.png	1^__ 8^__	18=	
887	5455.png	8^'' 6 6	"866"""	
888	5455.png	1^__ 0^__ 0^__	100=	
889	5455.png	9^'' 4 6	"946"""	
890	5455.png	8 5 8	858	
891	5455.png	5 7 8	578	
892	5455.png	3 7^_ 6	376~	
893	5455.png	4^_ 2^_ 1	421~	
894	5455.png	3 0	30	
895	5455.png	7 0 1	701	
896	5455.png	6 1 6	616	
897	5455.png	8 0	80	
898	5455.png	1 6 1	161	
899	5455.png	3 1 4	314	
900	5455.png	9	9	
901	5455.png	6 7 0	670	
902	5455.png	4 6 6	466	
903	5455.png	6^'' 8	"68"""	
904	5455.png	9^_ 5^_ 3	953~	
905	5455.png	3 0^_ 2^_	302~	
906	5455.png	9^' 6 8	968^	
907	5455.png	5^_ 7^_ 2	572~	
908	5455.png	5^__ 0^__ 5^__	505=	
909	5455.png	9^' 4 2	942^	
910	5455.png	9^'' 5 8	"958"""	
911	5455.png	3^_ 2^_ 6	326~	
912	5455.png	5^'' 0 9	"509"""	
913	5455.png	3^__ 0^__ 4	304=	
914	5455.png	5^_ 6^_ 7^_	567~	
915	5455.png	5^_ 7^_ 1	571~	
916	5455.png	5^_ 7^_ 8	578~	
917	5456.png	7 8 5	785	
918	5456.png	6 1 4	614	
919	5456.png	1^' 8 9	189^	
920	5456.png	2^'' 8 0	"280"""	
921	5456.png	6^' 4 4	644^	
922	5456.png	6^' 7 0	670^	
923	5456.png	1^' 4 2	142^	
924	5456.png	2 7 1	271	
925	5456.png	5^__ 9^__ 2	592=	
926	5456.png	9^__ 9^__ 0	990=	
927	5456.png	3^o	3:	
928	5456.png	9^__ 5^__ 3	953=	
929	5456.png	6^__ 7^__ 6	676=	
930	5456.png	4^__ 0^__ 7	407=	
931	5456.png	5^' 3 8	538^	
932	5456.png	1 4^' 6	146^	
933	5456.png	2^' 1 5	215^	
934	5456.png	5^'' 4 2	"542"""	
935	5456.png	6 3	63	
936	5456.png	7^'' 2 4	"724"""	
937	5456.png	7^'' 2 0	"720"""	
938	5456.png	8 0	80	
939	5456.png	1 6 1	161	
940	5456.png	3 1 4	314	
941	5456.png	3 1 5	315	
942	5456.png	2^'' 6 1	"261"""	
943	5456.png	9^_ 5^_ 2	952~	
944	5456.png	6^_ 5^_ 6	656~	
945	5456.png	1^'' 0 5	"105"""	
946	5456.png	8 0^_ 4	804~	
947	5456.png	5 7 7	577	
948	5456.png	^_ 5^__ 1^__ 1^__	511=	
949	5456.png	1^_ 0^_ 5^_	105~	
950	5456.png	9^' 6 2	962^	
951	5456.png	^_ 5^_ 1^_ 7	517~	
952	5456.png	8^' 9 0	890^	
953	5456.png	7^_ 1^_ 4	714~	
954	5456.png	7^_ 3^_ 3	733~	
955	5456.png	3^'' 3 8	"338"""	
956	5456.png	2^__ 3^__ 1^__	231=	
957	5456.png	8 4^__ 1^__	841=	
958	5456.png	9 3 1	931	
959	5456.png	6 2 4	624	
960	5456.png	1 9^'	19^	
961	5456.png	^_ 3 5^__ 3	353=	
962	5456.png	8^__ 4^__ 1	841=	
963	5456.png	4^__ 5^__ 8	458=	
964	5456.png	7^__ 0^__ 1	701=	
965	5456.png	2 6 0	260	
966	5456.png	5^_ 9^_ 8	598~	
967	5456.png	8^' 9 0	890^	
968	5456.png	5^_ 7^_ 2	572~	
969	5456.png	6^'' 8 8	"688"""	
970	5456.png	9^__ 3^__	93=	
971	5456.png	9^'' 4 0	"940"""	
972	5456.png	6^'' 3 6	"636"""	
973	5456.png	1^__ 4^__ 6	146=	
974	5456.png	8 5 9	859	
975	5456.png	7 7 5	775	
976	5456.png	7^' 1	71^	
977	5456.png	2^_ 6^_ 5	265~	
978	5456.png	^_ 9^' 6 9	969~	
979	5456.png	5 5^' 8	558^	
980	5456.png	2^'' 6 1	"261"""	
981	5456.png	9^_ 5^_ 8	958~	
982	5456.png	6^' 9 2	692^	
983	5456.png	1^' 9 8	198^	
984	5456.png	9^'' 0 3	"903"""	
985	5456.png	5^'' 9 9	"599"""	
986	5456.png	7^'' 5 1	"751"""	
987	5456.png	6^_ 7^_	67~	
988	5456.png	5 4^_ 4	544~	
989	5456.png	1^__ 3^__ 2^__	132=	
990	5456.png	7^__ 7^__	77=	
991	5456.png	8^'' 2 7	"827"""	
992	5456.png	7^'' 2 0	"720"""	
993	5456.png	5^' 4 2	542^	
994	5456.png	^_ 1^' 8 4	184~	
995	5456.png	7^' 2 2	722^	
996	5456.png	5^' 8 6	586^	
997	5456.png	2^_ 6^_ 5	265~	
998	5456.png	3^_ 1^_ 7	317~	ter
999	5456.png	5^_ 7^_ 2	572~	
1000	5456.png	1 1 9	119	
1001	5456.png	2 2 1	221	heeft
1002	5456.png	8 8	88	
1003	5456.png	3 7 2	372	
1004	5456.png	6^__ 0^__ 4	604=	
1005	5456.png	2^__ 6 9	269=	
1006	5456.png	5^__ 9^__ 2	592=	
1007	5456.png	1^__ 9^__ 3	193=	
1008	5456.png	6^__ 0^__ 4	604=	
1009	5456.png	5 6 3	563	
1010	5456.png	4^' 2	42^	
1011	5456.png	1^' 1 6	116^	
1012	5456.png	4 6 6	466	
1013	5456.png	3 8 7	387	
1014	5456.png	4^'' 7 8	"478"""	
1015	5456.png	9^__ 3^__	93=	
1016	5456.png	8 5 6	856	
1017	5456.png	6 2 4	624	
1018	5456.png	7^' 2	72^	
1019	5456.png	9 9 6	996	
1020	5456.png	2 2^_ 2	222~	
1021	5456.png	8^' 9 6	896^	
1022	5456.png	3^_ 6^_ 7	367~	
1023	5456.png	7^'' 8 1	"781"""	
1024	5456.png	4^'' 0 9	"409"""	
1025	5456.png	1^__ 0^__ 7	107=	
1026	5456.png	1^__ 7^__	17=	
1027	5456.png	1^__ 0^__ 0^__	100=	
1028	5456.png	9^'' 8 3	"983"""	
1029	5456.png	9^__ 3^__	93=	
1030	5456.png	8^' 7 0	870^	
1031	5456.png	3^' 6 3	363^	
1032	5456.png	5^__ 4^__ 0	540=	
1033	5456.png	6^__ 2^__ 3	623=	
1034	5456.png	5 8 8	588	
1035	5456.png	2^_ 9^_ 0^_	290~	
1036	5456.png	7^' 1 3	713^	
1037	5456.png	5^_ 0^_ 5^_	505~	
1038	5456.png	2^'' 9 6	"296"""	
1039	5456.png	1^_ 3^_ 2^_	132~	
1040	5456.png	8 6^' 1	861^	
1041	5456.png	^_ 7^' 6 8	768~	
1042	5456.png	3^' 6 3	363^	
1043	5456.png	4^__ 5^__ 7	457=	
1044	5456.png	^_ 4^__ 2 0	420=	
1045	5456.png	6^' 9 2	692^	
1046	5456.png	1 4^' 2	142^	
1047	5456.png	2^_ 6^_ 5	265~	
1048	5456.png	9^' 6 9	969^	
1049	5456.png	4^' 7 5	475^	
1050	5456.png	8^' 1 9	819^	
1051	5456.png	8^' 1 8	818^	
1052	5456.png	5^' 8 6	586^	
1053	5456.png	8^' 1 3	813^	
1054	5456.png	5^__ 0^__ 9^__	509=	
1055	5456.png	6^_ 6^_ 7	667~	
1056	5456.png	6^__ 7^__ 7	677=	
1057	5456.png	1^_ 4^_ 7	147~	
1058	5456.png	4^_ 9^_ 9	499~	
1059	5456.png	3 5^_ 1	351~	
1060	5456.png	3 4^_ 7	347~	
1061	5456.png	9^' 6 8	968^	
1062	5456.png	5^_ 7^_ 1	571~	
1063	5456.png	2^'' 5 2	"252"""	
1064	5456.png	7 6 2	762	
1065	5456.png	^_ 3^' 6 9	369~	
1066	5456.png	8^_ 7^_ 3	873~	
1067	5456.png	2^'' 8 8	"288"""	
1068	5456.png	7^' 1 8	718^	
1069	5456.png	6^' 7 1	671^	
1070	5456.png	7^' 3 7	737^	
1071	5456.png	4^_ 6^_ 4	464~	
1072	5456.png	4^_ 0^_	40~	
1073	5456.png	3^' 1 3	313^	
1074	5456.png	9 0^_ 6	906~	
1075	5456.png	2 0 7	207	
1076	5456.png	7 2 5	725	
1077	5456.png	7^' 1	71^	
1078	5456.png	6 4 2	642	
1079	5456.png	9 9 2	992	
1080	5456.png	4^'' 0 4	"404"""	
1081	5456.png	5 1^' 1	511^	
1082	5456.png	8^_ 1^_ 8^_	818~	
1083	5456.png	8 0^_ 1^_	801~	
1084	5456.png	7^' 1 8	718^	
1085	5456.png	5^' 8 9	589^	
1086	5456.png	2^' 8 5	285^	
1087	5456.png	8^__ 0^__ 2	802=	
1088	5456.png	6^__ 0 4	604=	
1089	5456.png	6^'' 8 5	"685"""	
1090	5456.png	9^__ 5^__	95=	
1091	5456.png	6^'' 9 2	"692"""	
1092	5456.png	3^' 0 9	309^	
1093	5456.png	8^' 6 2	862^	
1094	5456.png	7 2^__ 8	728=	
1095	5456.png	2 0^__ 7	207=	
1096	5456.png	8 5 6	856	
1097	5456.png	1^' 6 4	164^	
1098	5456.png	9^' 8 0	980^	
1099	5456.png	2^' 6 8	268^	
1100	5456.png	6^'' 5 4	"654"""	
1101	5456.png	9^__ 7^__	97=	
1102	5456.png	3^' 4 1	341^	
1103	5456.png	3^__ 5^__ 2	352=	
1104	5456.png	1 2 2	122	nader
1105	5456.png	1^_ 3^_ 4^_	134~	
1106	5456.png	3^_ 2^_	32~	
1107	5456.png	3 0^_ 0	300~	
1108	5456.png	4^__ 5^__ 9	459=	
1109	5456.png	4^__ 2^__ 4	424=	
1110	5456.png	7^' 0	70^	
1111	5456.png	9 5 8	958	
1112	5456.png	7^' 1	71^	
1113	5456.png	6 8 6	686	den
1114	5456.png	1^__ 4^__ 9	149=	
1115	5456.png	8^__ 0^__ 2	802=	
1116	5456.png	3 0^_ 0^_	300~	
1117	5456.png	2^' 9 9	299^	
1118	5456.png	4 6^__ 0^__	460=	
1119	5456.png	5^__ 1^__ 0^__	510=	
1120	5456.png	6 1 4	614	
1121	5456.png	2 7 1	271	
1122	5456.png	8 8	88	
1123	5456.png	7^__ 4^__ 9	749=	
1124	5456.png	8^__ 5^__ 1	851=	
1125	5456.png	6^__ 0^__ 2	602=	
1126	5456.png	6^'' 8 5	"685"""	
1127	5456.png	7^'' 1 2	"712"""	
1128	5456.png	8^'' 3 8	"838"""	
1129	5456.png	7^'' 1 6	"716"""	
1130	5456.png	4^'' 8 5	"485"""	
1131	5456.png	4^'' 1 1	"411"""	
1132	5456.png	7^'' 1 4	"714"""	
1133	5456.png	9^'' 4 9	"949"""	
1134	5456.png	8^__ 0^__ 2	802=	
1135	5456.png	4^__ 9^__ 6	496=	
1136	5456.png	6^__ 0^__ 4	604=	
1137	5456.png	5^__ 5^__ 7^__	557=	
1138	5456.png	8^__ 4^__ 1	841=	
1139	5456.png	5 8 8	588	
1140	5456.png	5^__ 1^__ 1^__	511=	
1141	5456.png	7^__ 7^__ 4	774=	
1142	5456.png	1 1 9	119	
1143	5456.png	1 8	18	
1144	5456.png	5^__ 9^__ 2	592=	
1145	5456.png	6^__ 2^__ 3	623=	
1146	5456.png	8^__ 4^__ 4	844=	
1147	5456.png	5^'' 5 4	"554"""	
1148	5456.png	5 9 8	598	z
1149	5456.png	9 1 8	918	
1150	5456.png	7^' 1	71^	
1151	5456.png	7^' 0	70^	
1152	5456.png	8 4 1	841	
1153	5456.png	6 1 4	614	
1154	5456.png	7^' 1 1	711^	
1155	5456.png	2^' 3 6	236^	
1156	5456.png	^_ 1^' 4 3	143~	
1157	5456.png	8 5 8	858	
1158	5456.png	7 7 6	776	
1159	5456.png	9^' 2 2	922^	
1160	5456.png	5^_ 7^_ 8	578~	
1161	5456.png	4^_ 1^_ 8	418~	
1162	5456.png	5^_ 6 1	561~	
1163	5456.png	1^_ 8^_	18~	
1164	5456.png	4^_ 5^_	45~	
1165	5456.png	6^_ 4^_ 4	644~	
1166	5456.png	5^_ 0^_ 6	506~	
1167	5456.png	9^' 6 7	967^	
1168	5456.png	9^' 6 8	968^	
1169	5456.png	5^_ 7^_ 1	571~	
1170	5456.png	3 5^_ 7	357~	
1171	5456.png	4^_ 2^_ 4	424~	
1172	5456.png	5^_ 0^_ 6	506~	
1173	5456.png	2^__ 0^__ 0	200=	
1174	5456.png	1^'' 8 9	"189"""	
1175	5456.png	2^'' 5 6	"256"""	
1176	5456.png	3 8 3	383	
1177	5456.png	^_ 9	9~	
1178	5456.png	7 6 2	762	
1179	5456.png	^_ 4^__ 3^__ 5	435=	
1180	5456.png	6^__ 3^__ 4	634=	
1181	5456.png	1^__ 4^__ 9^__	149=	
1182	5457.png	3 4^__ 4	344=	
1183	5457.png	4 2^__ 0	420=	
1184	5457.png	5^__ 6^__ 0	560=	
1185	5457.png	4^__ 9^__ 6	496=	
1186	5457.png	5^__ 6^__ 4	564=	hand
1187	5457.png	3^__ 9^__ 6	396=	
1188	5457.png	6^' 1 0	610^	
1189	5457.png	5^'' 2 0	"520"""	
1190	5457.png	7^' 6 1	761^	
1191	5457.png	2^'' 6 2	"262"""	
1192	5457.png	7^_ 1^_ 0^_	710~	ten
1193	5457.png	1^_ 9^_ 3^_	193~	
1194	5457.png	9^' 3 2	932^	
1195	5457.png	4 0	40	
1196	5457.png	2 9 9	299	lie
1197	5457.png	1 6 7	167	
1198	5457.png	3 0 8	308	
1199	5457.png	1 7 0	170	
1200	5457.png	8 4 0	840	
1201	5457.png	8 3	83	
1202	5457.png	9 3	93	
1203	5457.png	3 1 4	314	
1204	5457.png	2 3 9	239	
1205	5457.png	6^' 9 0	690^	
1206	5457.png	5^'' 3 9	"539"""	
1207	5457.png	7^'' 2 0	"720"""	
1208	5457.png	5^'' 6 5	"565"""	
1209	5457.png	5^'' 3 9	"539"""	
1210	5457.png	8^'' 6 8	"868"""	
1211	5457.png	4^'' 9 3	"493"""	
1212	5457.png	6^'' 3 6	"636"""	
1213	5457.png	1^__ 0^__ 0^__	100=	
1214	5457.png	9^__ 4^__	94=	
1215	5457.png	9^'' 4 8	"948"""	
1216	5457.png	2 6^_ 5	265~	
1217	5457.png	6^' 4 2	642^	
1218	5457.png	3 5	35	
1219	5457.png	3 2 2	322	
1220	5457.png	1 1 9	119	
1221	5457.png	8 8	88	
1222	5457.png	6^' 3 4	634^	
1223	5457.png	2^' 1 8	218^	
1224	5457.png	6^__ 7^__ 7	677=	
1225	5457.png	7^__ 7^__ 4	774=	
1226	5457.png	1^'' 4	"14"""	
1227	5457.png	4^' 8 1	481^	
1228	5457.png	1^_ 3^_ 1	131~	
1229	5457.png	3 5^_ 5^_	355~	
1230	5457.png	8^' 9 8	898^	
1231	5457.png	1^_ 0^_ 2^_	102~	
1232	5457.png	3 4^' 1	341^	
1233	5457.png	^_ 6^' 9 2	692~	
1234	5457.png	4^' 9 6	496^	
1235	5457.png	6^' 4 6	646^	
1236	5457.png	2^__ 0^__ 7	207=	
1237	5457.png	7^__ 6^__ 8	768=	
1238	5457.png	9^'' 2 3	"923"""	
1239	5457.png	6^'' 2 6	"626"""	
1240	5457.png	8^_ 4^_ 3	843~	
1241	5457.png	2 6 5	265	
1242	5457.png	3 5^_ 3	353~	
1243	5457.png	7^__ 7^__	77=	
1244	5457.png	8 4 1	841	
1245	5457.png	2^_ 6^_ 5	265~	
1246	5457.png	^_ 4^'' 8 3	"483"""	
1247	5457.png	5^__ 9^__ 2	592=	
1248	5457.png	7^__ 6^__ 9^__	769=	
1249	5457.png	6^__ 7^__ 6	676=	
1250	5457.png	3 5	35	
1251	5457.png	5 8 5	585	
1252	5457.png	2^'' 6 1	"261"""	
1253	5457.png	2^'' 9	"29"""	
1254	5457.png	7^' 0	70^	
1255	5457.png	4^__ 6^__ 0	460=	
1256	5457.png	5^__ 4^__ 3	543=	
1257	5457.png	1^' 8	18^	
1258	5457.png	2 7 3	273	
1259	5457.png	5^__ 1^__ 1^__	511=	
1260	5457.png	2 2 1	221	heeft
1261	5457.png	9 2^'' 5	"925"""	
1262	5457.png	2 6 5	265	
1263	5457.png	3 2 0	320	
1264	5457.png	9^' 8 9	989^	
1265	5457.png	5^'' 8 2	"582"""	
1266	5457.png	7^'' 9 2	"792"""	
1267	5457.png	4^'' 9 3	"493"""	
1268	5457.png	7^_ 3^_ 2^_	732~	
1269	5457.png	2^'' 6 3	"263"""	
1270	5457.png	3^'' 3 3	"333"""	
1271	5457.png	7 6 4	764	
1272	5457.png	6 1 4	614	
1273	5457.png	5^__ 3^__ 8	538=	
1274	5457.png	3 9^__ 7^__	397=	
1275	5457.png	3 2^_ 6	326~	
1276	5457.png	5^' 3 8	538^	
1277	5457.png	7^' 3 0	730^	
1278	5457.png	3 9	39	g
1279	5457.png	9^'' 2 3	"923"""	
1280	5457.png	1 1 1	111	
1281	5457.png	8 9 2	892	
1282	5457.png	2 4 2	242	
1283	5457.png	9	9	
1284	5457.png	4^'' 4 8	"448"""	
1285	5457.png	5^_ 1^_ 0^_	510~	
1286	5457.png	2 4 4	244	
1287	5457.png	8^'' 0 1	"801"""	
1288	5457.png	5^'' 0 9	"509"""	
1289	5457.png	4 4 7	447	over
1290	5457.png	8 5 9	859	
1291	5457.png	3 9	39	g
1292	5457.png	4^_ 5^_ 4	454~	
1293	5457.png	1^' 9 6	196^	
1294	5457.png	6^_ 9^_ 6	696~	
1295	5457.png	8 0 7	807	
1296	5457.png	6^'' 8	"68"""	
1297	5457.png	3 1^_ 8	318~	
1298	5457.png	3^' 2 2	322^	
1299	5457.png	8 3	83	
1300	5457.png	1^_ 4^_ 9	149~	
1301	5457.png	6^' 5	65^	
1302	5457.png	7^'' 6 1	"761"""	
1303	5457.png	1^_ 1^_ 3^_	113~	
1304	5457.png	5 4	54	
1305	5457.png	3^' 4 9	349^	
1306	5457.png	3 1 9	319	
1307	5457.png	3^_ 2^_	32~	
1308	5457.png	7^' 3	73^	
1309	5457.png	2 9 6	296	die
1310	5457.png	3 0	30	
1311	5457.png	1^' 2 7	127^	
1312	5457.png	7^' 7 6	776^	
1313	5457.png	3^'' 2 5	"325"""	
1314	5457.png	5^'' 7 1	"571"""	
1315	5457.png	8^'' 5 2	"852"""	
1316	5457.png	9 2^_ 1^_	921~	
1317	5457.png	3^'' 3 6	"336"""	
1318	5457.png	9 5^_ 4	954~	
1319	5457.png	7 3^_ 2	732~	
1320	5457.png	6^_ 5^_ 6	656~	
1321	5457.png	7^_ 2^_ 4	724~	
1322	5457.png	3^'' 1	"31"""	
1323	5457.png	3^__ 6^__ 5	365=	
1324	5457.png	4 4 7	447	over
1325	5457.png	4^__ 1^__ 1	411=	
1326	5457.png	2^' 9 4	294^	
1327	5457.png	7^' 7 6	776^	
1328	5457.png	2 9 3	293	
1329	5457.png	6 1 2	612	
1330	5457.png	1 1^' 6	116^	
1331	5457.png	1 3^_ 9^_	139~	
1332	5457.png	7^' 4	74^	
1333	5457.png	9^_ 2^_	92~	
1334	5457.png	3 1 3	313	
1335	5457.png	1^'' 1 4	"114"""	
1336	5457.png	4^__ 6^__ 0^__	460=	
1337	5457.png	4 6	46	
1338	5457.png	6^' 5	65^	
1339	5457.png	6^_ 2^_ 7	627~	
1340	5457.png	5^' 4 1	541^	
1341	5457.png	5^' 4 6	546^	
1342	5457.png	9 1^_ 2	912~	
1343	5457.png	3^'' 4 3	"343"""	
1344	5457.png	6^_ 5^_ 1	651~	
1345	5457.png	5^__ 3^__ 5	535=	
1346	5457.png	3^__ 3^__ 1	331=	
1347	5457.png	5 0	50	
1348	5457.png	3 2 0	320	
1349	5457.png	9^' 8 9	989^	
1350	5457.png	1 7 8	178	
1351	5457.png	2 3 9	239	
1352	5457.png	9 0 3	903	
1353	5457.png	9 9 7	997	
1354	5457.png	1 1 1	111	
1355	5457.png	5 4 9	549	
1356	5457.png	5^__ 0^__ 2^__	502=	
1357	5457.png	5^__ 2^__ 0^__	520=	
1358	5457.png	3^__ 4^__ 4	344=	
1359	5457.png	4^__ 9^__ 6	496=	
1360	5457.png	7^__ 6^__ 9^__	769=	
1361	5457.png	1^__ 9^__ 3^__	193=	
1362	5457.png	8^__ 4^__ 2	842=	
1363	5457.png	4^__ 2^__ 0	420=	
1364	5457.png	6^__ 0^__ 4	604=	
1365	5457.png	7^__ 7^__ 4	774=	
1366	5457.png	3^' 4 0	340^	
1367	5457.png	5^__ 1^__ 1^__	511=	
1368	5457.png	3^__ 2^__ 5	325=	
1369	5457.png	2^__ 4^__ 6	246=	
1370	5457.png	2^_ 2^_ 2	222~	
1371	5457.png	2^' 8 3	283^	
1372	5457.png	5^' 1 8	518^	
1373	5457.png	7 4^' 6	746^	
1374	5457.png	8 1^_ 8^_	818~	
1375	5457.png	7^' 1 2	712^	
1376	5457.png	7^' 4 2	742^	
1377	5457.png	6^' 4 5	645^	
1378	5457.png	2^' 1 8	218^	
1379	5457.png	8^' 1 6	816^	
1380	5457.png	8^' 1	81^	
1381	5457.png	8^_ 1^_ 4	814~	
1382	5457.png	2^'' 9	"29"""	
1383	5457.png	4^_ 0^_ 2^_	402~	
1384	5457.png	5^_ 6^_ 7^_	567~	
1385	5457.png	9 8^_ 9	989~	
1386	5457.png	^_ 1^'' 8 6	"186"""	
1387	5457.png	2^'' 5 6	"256"""	
1388	5457.png	1^'' 4	"14"""	
1389	5457.png	7^_ 3^_ 4	734~	
1390	5457.png	1^_ 2^_ 5^_	125~	
1391	5457.png	6^' 4 5	645^	
1392	5457.png	5 0^_ 5^_	505~	
1393	5457.png	5^__ 1^__ 1	511=	
1394	5457.png	3 7^_ 6	376~	
1395	5457.png	2^' 3 8	238^	
1396	5457.png	5^__ 1^__ 0^__	510=	
1397	5457.png	7^'' 1 8	"718"""	
1398	5457.png	6^__ 3^__ 4	634=	
1399	5457.png	3^__ 9^__ 6	396=	
1400	5457.png	4 5^__ 9	459=	
1401	5457.png	5^__ 2^__ 0^__	520=	
1402	5457.png	5 5 0	550	
1403	5457.png	7^' 1	71^	
1404	5457.png	8^'' 5 2	"852"""	
1405	5457.png	5^'' 6 4	"564"""	
1406	5457.png	3^'' 4 1	"341"""	
1407	5457.png	3^'' 3 6	"336"""	
1408	5457.png	3^'' 4 2	"342"""	
1409	5457.png	9^_ 5^_ 4	954~	
1410	5457.png	7^_ 3^_ 2^_	732~	
1411	5457.png	6^_ 5^_ 6	656~	
1412	5457.png	3^'' 3 3	"333"""	
1413	5457.png	3^'' 3 8	"338"""	
1414	5457.png	2^' 4 5	245^	
1415	5458.png	1 3^_ 1^_	131~	
1416	5458.png	5 0^_ 8^_	508~	
1417	5458.png	5 9^' 4	594^	
1418	5458.png	3 1 3	313	
1419	5458.png	3 0^_ 2^_	302~	
1420	5458.png	1^__ 9^__ 4^__	194=	
1421	5458.png	2^' 9 4	294^	
1422	5458.png	1 0^' 9	109^	
1423	5458.png	7 0 4	704	
1424	5458.png	6 5 7	657	
1425	5458.png	1^' 2 7	127^	
1426	5458.png	3^__ 5^__	35=	
1427	5458.png	6^'' 2 8	"628"""	
1428	5458.png	1^__ 0^__ 0^__	100=	
1429	5458.png	4^'' 3 1	"431"""	
1430	5458.png	6^' 6	66^	
1431	5458.png	8^'	8^	
1432	5458.png	9^' 2 2	922^	
1433	5458.png	1 1^'' 4	"114"""	
1434	5458.png	3^_ 6^_ 5	365~	
1435	5458.png	6^' 5	65^	
1436	5458.png	1 2 6	126	
1437	5458.png	4^'' 8 3	"483"""	
1438	5458.png	7^__ 7^__	77=	
1439	5458.png	8 0 7	807	
1440	5458.png	8^'' 5 2	"852"""	
1441	5458.png	9 2^_ 1	921~	
1442	5458.png	7^_ 5^_ 8^_	758~	
1443	5458.png	2^'' 6 6	"266"""	
1444	5458.png	9^_ 1^_ 0	910~	
1445	5458.png	9 7 3	973	
1446	5458.png	8 1 7	817	
1447	5458.png	3 8 9	389	
1448	5458.png	6^' 7	67^	
1449	5458.png	1 2^__ 7^__	127=	
1450	5458.png	7 3^'	73^	
1451	5458.png	7^'	7^	
1452	5458.png	3^'' 6 0	"360"""	
1453	5458.png	3 0^_ 0^_	300~	
1454	5458.png	8 2 6	826	
1455	5458.png	3 8 9	389	
1456	5458.png	8 2 0	820	
1457	5458.png	7^' 2	72^	
1458	5458.png	1 8 8	188	
1459	5458.png	6^' 1 7	617^	
1460	5458.png	3^_ 2^_ 6	326~	
1461	5458.png	3 0^_ 2^_	302~	
1462	5458.png	3 1 3	313	
1463	5458.png	3^_ 2^_	32~	
1464	5458.png	3^_ 2^_ 2^_	322~	
1465	5458.png	3 5^_ 3	353~	
1466	5458.png	5^' 4 6	546^	
1467	5458.png	2 0^__ 7^__	207=	
1468	5458.png	7^__ 6^__ 8^__	768=	
1469	5458.png	4^' 2 2	422^	
1470	5458.png	2^'' 4 1	"241"""	
1471	5458.png	1^_ 6^_ 5^_	165~	
1472	5458.png	3^_ 4^_ 5	345~	
1473	5458.png	4^_ 1^_ 7^_	417~	
1474	5458.png	3^_ 5^_ 4	354~	
1475	5458.png	7^_ 3^_ 3	733~	
1476	5458.png	9^_ 1^_ 1	911~	
1477	5458.png	5 4	54	
1478	5458.png	^_ 6 1 3	613~	
1479	5458.png	3 6 9	369	
1480	5458.png	6^__ 2^__ 1	621=	
1481	5458.png	7 7^__ 5	775=	
1482	5458.png	3^'' 0 5	"305"""	
1483	5458.png	6^_ 5^_ 1^_	651~	
1484	5458.png	1^'' 1 4	"114"""	
1485	5458.png	2^'' 8	"28"""	
1486	5458.png	9 5^_ 9	959~	
1487	5458.png	9^' 0 9	909^	
1488	5458.png	2^_ 6^_ 9^_	269~	
1489	5458.png	5 0	50	
1490	5458.png	^_ 9^'' 9 8	"998"""	
1491	5458.png	6^'' 3 6	"636"""	
1492	5458.png	7^'' 3 4	"734"""	
1493	5458.png	9^__ 3^__	93=	
1494	5458.png	5 5 4	554	er
1495	5458.png	7^' 1	71^	
1496	5458.png	4^_ 5^_ 6	456~	
1497	5458.png	3 4^_ 5^_	345~	
1498	5458.png	8^_ 4^_ 2	842~	
1499	5458.png	1^'' 1 3	"113"""	
1500	5458.png	1^'' 8 4	"184"""	
1501	5458.png	6^_ 5^_ 6	656~	
1502	5458.png	1 1^'' 2	"112"""	
1503	5458.png	7 0 4	704	
1504	5458.png	9 9 4	994	
1505	5458.png	4 9 9	499	over
1506	5458.png	9 6 7	967	
1507	5458.png	5 1^__ 0	510=	
1508	5458.png	5^'' 3 1	"531"""	
1509	5458.png	8^_ 1^_ 4	814~	
1510	5458.png	2^'' 9	"29"""	
1511	5458.png	5^'' 7 1	"571"""	
1512	5458.png	9^'' 2 3	"923"""	
1513	5458.png	4^_ 1^_ 7	417~	
1514	5458.png	8^_ 4^_ 2^_	842~	
1515	5458.png	2 4 4	244	
1516	5458.png	1^'' 1 4	"114"""	
1517	5458.png	1 1 5	115	
1518	5458.png	5 7^' 5	575^	
1519	5458.png	5^__ 3^__ 9	539=	
1520	5458.png	6 9^' 6	696^	
1521	5458.png	2^' 1 8	218^	
1522	5458.png	8^' 1 6	816^	
1523	5458.png	3^' 5 7	357^	
1524	5458.png	3^__ 8^__ 3^__	383=	
1525	5458.png	4 6^__ 0	460=	
1526	5458.png	2^__ 0^__ 8	208=	
1527	5458.png	2^__ 0^__ 7	207=	
1528	5458.png	7 6^__ 8^__	768=	
1529	5458.png	2 6 5	265	
1530	5458.png	7 7 5	775	
1531	5458.png	6^__ 7^__ 6	676=	
1532	5458.png	2 2 1	221	heeft
1533	5458.png	3 9	39	g
1534	5458.png	2 7 3	273	
1535	5458.png	1 8^_ 6	186~	
1536	5458.png	9^' 6 8	968^	
1537	5458.png	1^_ 1^_ 6^_	116~	
1538	5458.png	8^' 9 0	890^	
1539	5458.png	7 7^'' 8	"778"""	
1540	5458.png	9^'' 5 0	"950"""	
1541	5458.png	2^__ 4^__	24=	
1542	5458.png	9^__ 3^__	93=	
1543	5458.png	1^__ 6^__ 3^__	163=	
1544	5458.png	6^'' 7 6	"676"""	
1545	5458.png	8^__ 0^__ 2	802=	
1546	5458.png	6^__ 9^__ 7^__	697=	
1547	5458.png	4^_ 5^_ 6	456~	
1548	5458.png	8^' 2 6	826^	
1549	5458.png	2^_ 7^_ 4	274~	
1550	5458.png	5^_ 8^_ 1^_	581~	
1551	5458.png	2 9^__ 9	299=	
1552	5458.png	7^__ 7^__ 8^__	778=	
1553	5458.png	8^__ 5^__ 1^__	851=	
1554	5458.png	6^__ 2^__ 5	625=	
1555	5458.png	8^__ 4^__ 9^__	849=	
1556	5458.png	1^'' 1 2	"112"""	
1557	5458.png	3^'' 2 5	"325"""	
1558	5458.png	1^__ 4^__ 6	146=	
1559	5458.png	6^' 5	65^	
1560	5458.png	7 1^_ 4^_	714~	
1561	5458.png	4^'' 8 3	"483"""	
1562	5458.png	5^' 5 9	559^	
1563	5458.png	6^__ 0^__ 2^__	602=	
1564	5458.png	7^_ 4^_ 3^_	743~	
1565	5458.png	4^'' 4 8	"448"""	
1566	5458.png	6^' 8 5	685^	
1567	5458.png	6^' 2 2	622^	
1568	5458.png	5^' 4 9	549^	
1569	5458.png	6 6^' 8	668^	
1570	5458.png	2^' 1 5	215^	
1571	5458.png	2 7 3	273	
1572	5458.png	8^'' 6 8	"868"""	
1573	5458.png	1 6^_	16~	
1574	5458.png	9^' 0 8	908^	
1575	5458.png	1^_ 6^_ 5^_	165~	
1576	5458.png	5 8^_ 1^_	581~	
1577	5458.png	9 1^_	91~	
1578	5458.png	5^_ 7^_ 2^_	572~	
1579	5458.png	5^_ 7^_ 2	572~	
1580	5458.png	2 6 2	262	
1581	5458.png	9 5 5	955	
1582	5458.png	9 2 5	925	
1583	5458.png	7^_ 8^_ 0^_	780~	
1584	5458.png	1^'' 8 7	"187"""	
1585	5458.png	3^'' 3 3	"333"""	
1586	5458.png	3^'' 4 2	"342"""	
1587	5458.png	8^' 8	88^	
1588	5458.png	8 4 9	849	
1589	5458.png	9 9 7	997	
1590	5458.png	7^'' 7 0	"770"""	
1591	5458.png	9^'' 2 1	"921"""	
1592	5458.png	7^'' 3 6	"736"""	
1593	5458.png	9^__ 4^__	94=	
1594	5458.png	3 0	30	
1595	5458.png	8 5 8	858	
1596	5458.png	5 7 8	578	
1597	5458.png	3 1^_ 8^_	318~	
1598	5458.png	6^' 6	66^	
1599	5458.png	4^'' 1 1	"411"""	
1600	5458.png	5^' 5 1	551^	
1601	5458.png	3^__ 5^__	35=	
1602	5458.png	1 2^'' 3	"123"""	
1603	5458.png	4^_ 6^_ 1^_	461~	
1604	5458.png	7^'	7^	
1605	5458.png	3 3^' 6	336^	
1606	5458.png	4^'' 1 3	"413"""	
1607	5458.png	3 1 3	313	
1608	5458.png	2^'' 9	"29"""	
1609	5458.png	8 4 0	840	
1610	5458.png	4 4^__	44=	
1611	5458.png	7^' 1	71^	
1612	5458.png	8^' 3 8	838^	
1613	5458.png	6^' 6	66^	
1614	5458.png	6^' 5	65^	
1615	5458.png	2 7 5	275	
1616	5458.png	8 4^_ 4^_	844~	
1617	5458.png	4 7 7	477	
1618	5458.png	5^'' 3 6	"536"""	
1619	5458.png	6^' 6	66^	
1620	5458.png	5 0 5	505	
1621	5458.png	5 1^__ 1^__	511=	
1622	5458.png	3 2^_	32~	
1623	5458.png	3 5^_ 3^_	353~	
1624	5458.png	1 9^_ 8^_	198~	
1625	5458.png	6^'' 2 5	"625"""	
1626	5458.png	4 3^_	43~	
1627	5458.png	7^' 3 0	730^	
1628	5458.png	4^_ 1^_ 8^_	418~	
1629	5458.png	6^' 5	65^	
1630	5458.png	9^'' 2 5	"925"""	
1631	5458.png	4 4^__ 9	449=	
1632	5458.png	1 6^_ 7^_	167~	
1633	5458.png	9^'' 5 0	"950"""	
1634	5458.png	6^' 6	66^	
1635	5458.png	6^'' 2 5	"625"""	
1636	5458.png	1^' 4 6	146^	
1637	5458.png	5 0^__ 9^__	509=	
1638	5458.png	8 2 8	828	
1639	5458.png	1^'' 1 2	"112"""	
1640	5458.png	9^'' 7 4	"974"""	
1641	5458.png	4^'' 8 3	"483"""	
1642	5458.png	7^__ 7^__	77=	
1643	5458.png	7 8^_ 5^_	785~	
1644	5458.png	4^__ 2^__ 9	429=	
1645	5458.png	1 1^'' 4	"114"""	
1646	5458.png	4^'' 8 3	"483"""	
1647	5458.png	1^_ 1^_ 9^_	119~	
1648	5458.png	5^' 6 9	569^	
1649	5458.png	5^_ 2^_ 1^_	521~	
1650	5458.png	8^'' 0 1	"801"""	
1651	5458.png	3^' 3 6	336^	
1652	5458.png	5^' 3 1	531^	
1653	5458.png	7^' 0	70^	
1654	5458.png	1^_ 3^_ 4	134~	
1655	5458.png	1^__ 0^__ 1^__	101=	
1656	5458.png	3^_ 0^_ 0^_	300~	
1657	5458.png	1 9^_ 8^_	198~	
1658	5458.png	1 1^'' 4	"114"""	
1659	5458.png	1^_ 1^_ 9	119~	
1660	5458.png	7^' 3	73^	
1661	5458.png	3 2^'' 4	"324"""	
1662	5458.png	1^_ 8^_	18~	
1663	5458.png	1 1^'' 2	"112"""	
1664	5458.png	7^' 3	73^	
1665	5458.png	3^__ 0^__ 1^__	301=	
1666	5458.png	4 4 7	447	over
1667	5458.png	6^' 3 8	638^	
1668	5458.png	6^' 5	65^	
1669	5458.png	9 8^_ 8	988~	
1670	5458.png	3 1^_ 8^_	318~	
1671	5458.png	6^' 5	65^	
1672	5458.png	8 1^_ 6	816~	
1673	5458.png	3 2^_ 2	322~	
1674	5458.png	3 5	35	
1675	5458.png	4^'' 4 8	"448"""	
1676	5458.png	7 8	78	
1677	5458.png	5^'' 3 1	"531"""	
1678	5458.png	4^' 4	44^	
1679	5458.png	8^_ 7^_ 2	872~	
1680	5458.png	3^'' 2 9	"329"""	
1681	5458.png	3 9	39	g
1682	5458.png	8^__'' 4 1	841=	
1683	5458.png	3 3^_ 2	332~	
1684	5458.png	1 8 5	185	
1685	5458.png	1 1^'' 8	"118"""	
1686	5458.png	6^' 6	66^	
1687	5458.png	4^'' 4 8	"448"""	
1688	5458.png	4^' 1 7	417^	
1689	5458.png	3 9	39	g
1690	5458.png	5 1 1	511	
1691	5458.png	9 0 3	903	
1692	5458.png	4 7 3	473	
1693	5458.png	1 3^_ 5^_	135~	
1694	5458.png	5 5 0	550	
1695	5458.png	6^' 5	65^	
1696	5458.png	6 7^__ 1^__	671=	
1697	5458.png	1 2 6	126	
1698	5458.png	4^'' 4 8	"448"""	
1699	5458.png	7 8 4	784	
1700	5458.png	6^' 6	66^	
1701	5458.png	3 5^_ 3	353~	
1702	5458.png	7^' 1	71^	
1703	5458.png	5^' 5 0	550^	
1704	5458.png	1 5 5	155	
1705	5458.png	4^' 2 3	423^	
1706	5458.png	2^'' 9	"29"""	
1707	5458.png	5^__ 9^__ 2	592=	
1708	5458.png	9 3^''	"93"""	
1709	5458.png	6 6 4	664	
1710	5458.png	^_ 4^_ 1^_ 8	418~	
1711	5458.png	7 6 1	761	
1712	5458.png	9^'' 0 7	"907"""	
1713	5458.png	7^' 1	71^	
1714	5458.png	7^'	7^	
1715	5458.png	6 2 4	624	
1716	5458.png	6^_ 3^_ 6^_	636~	
1717	5458.png	6 1^' 7	617^	
1718	5458.png	6 6	66	
1719	5458.png	4 4 7	447	over
1720	5458.png	9 4 6	946	
1721	5458.png	4 8^' 0	480^	
1722	5458.png	1 1^'' 4	"114"""	
1723	5458.png	3 5	35	
1724	5458.png	5^'' 3 1	"531"""	
1725	5458.png	1 1^' 6	116^	
1726	5458.png	6 6^'	66^	
1727	5458.png	8 6^'' 1	"861"""	
1728	5458.png	3^__ 5^__ 4	354=	
1729	5458.png	4 1^_ 8	418~	
1730	5458.png	9 5^' 8	958^	
1731	5458.png	7^' 3 0	730^	
1732	5458.png	1^_ 9^_ 4	194~	
1733	5458.png	1 0 6	106	
1734	5458.png	3 7^_ 6	376~	
1735	5458.png	6 5^'	65^	
1736	5458.png	3^__ 5^__	35=	
1737	5458.png	1 2 1	121	
1738	5458.png	7^' 3 0	730^	
1739	5458.png	8^'	8^	
1740	5458.png	3^_ 2^_	32~	
1741	5458.png	4^'' 4 8	"448"""	
1742	5458.png	6 7^__ 7^__	677=	
1743	5458.png	4^'' 1 1	"411"""	
1744	5458.png	6^' 5	65^	
1745	5458.png	8 6 5	865	
1746	5458.png	5 4	54	
1747	5458.png	4 8^'' 3	"483"""	
1748	5458.png	2^__ 4^__ 1	241=	
1749	5458.png	9 4 6	946	
1750	5459.png	1 1^_ 9^_	119~	
1751	5459.png	1^__ 8^__ 1	181=	
1752	5459.png	1^_ 9^_ 4	194~	
1753	5459.png	1^' 4 6	146^	
1754	5459.png	5^' 6 9	569^	
1755	5459.png	6^' 2 0	620^	
1756	5459.png	6^'' 1 5	"615"""	
1757	5459.png	3^' 3 7	337^	
1758	5459.png	1 8 4	184	
1759	5459.png	6^' 1 7	617^	
1760	5459.png	9 4 6	946	
1761	5459.png	5^' 4 6	546^	
1762	5459.png	4^'' 1 1	"411"""	
1763	5459.png	9^_ 1^_ 8	918~	
1764	5459.png	4^'' 8 3	"483"""	
1765	5459.png	1 1^'' 2	"112"""	
1766	5459.png	7 2 1	721	
1767	5459.png	3 1 9	319	
1768	5459.png	6^' 6	66^	
1769	5459.png	4 1 3	413	
1770	5459.png	3 1^'' 1	"311"""	
1771	5459.png	5^__ 1^__ 1^__	511=	
1772	5459.png	1 1^' 6	116^	
1773	5459.png	2 7^_ 4^_	274~	
1774	5459.png	6^' 5	65^	
1775	5459.png	5 9^__ 2^__	592=	
1776	5459.png	9 3^''	"93"""	
1777	5459.png	1 2 6	126	
1778	5459.png	4 1^'' 1	"411"""	
1779	5459.png	8^__ 7^__ 9^__	879=	
1780	5459.png	3^' 3 6	336^	
1781	5459.png	8 4 0	840	
1782	5459.png	7^' 3	73^	
1783	5459.png	1 1	11	
1784	5459.png	1 4' 4	144	
1785	5459.png	6 4 3	643	
1786	5459.png	3 1 1	311	niet
1787	5459.png	6^' 6	66^	
1788	5459.png	3 0^__ 4^__	304=	
1789	5459.png	7 1^_ 7^_	717~	
1790	5459.png	1 4 6	146	
1791	5459.png	2 4 4	244	
1792	5459.png	3 1 3	313	
1793	5459.png	9 7 3	973	
1794	5459.png	9 5^'' 0	"950"""	
1795	5459.png	6^' 6	66^	
1796	5459.png	3^' 3 6	336^	
1797	5459.png	4 5	45	
1798	5459.png	2 4 4	244	
1799	5459.png	4 0^_ 1^_	401~	
1800	5459.png	7 6 6	766	
1801	5459.png	3 1 1	311	niet
1802	5459.png	3 5^__ 3^__	353=	
1803	5459.png	8 4 6	846	
1804	5459.png	6^'' 0 3	"603"""	
1805	5459.png	9 1 6	916	
1806	5459.png	7 7^_ 3^_	773~	
1807	5459.png	6^' 6	66^	
1808	5459.png	2 5^' 9	259^	
1809	5459.png	2^_ 7^_ 4^_	274~	
1810	5459.png	6^' 5	65^	
1811	5459.png	6^__ 7^__ 1^__	671=	
1812	5459.png	1 2 6	126	
1813	5459.png	4 1^_ 8^_	418~	
1814	5459.png	4 4^'' 8	"448"""	
1815	5459.png	9^' 8	98^	
1816	5459.png	6^' 6	66^	
1817	5459.png	5 1^__ 1^__	511=	
1818	5459.png	1 2 2	122	nader
1819	5459.png	4 6^__ 0	460=	
1820	5459.png	8 3 2	832	
1821	5459.png	3^' 4 0	340^	
1822	5459.png	3 7^__ 6	376=	
1823	5459.png	8^' 2 6	826^	
1824	5459.png	7^' 2 1	721^	
1825	5459.png	2^'' 0 4	"204"""	
1826	5459.png	^_ 1^__ 9^__ 5	195=	
1827	5459.png	6^' 6	66^	
1828	5459.png	8^'	8^	
1829	5459.png	2^__ 4^__ 1^__	241=	
1830	5459.png	9^''	"9"""	
1831	5459.png	6^' 4 2	642^	
1832	5459.png	3 5	35	
1833	5459.png	3^__ 5^__	35=	
1834	5459.png	8 0 7	807	
1835	5459.png	1 4^' 4	144^	
1836	5459.png	1 1^'' 4	"114"""	
1837	5459.png	7 6 6	766	
1838	5459.png	1 6 7	167	
1839	5459.png	5^'' 3 1	"531"""	
1840	5459.png	5^__ 1^__ 0	510=	
1841	5459.png	1 7 1	171	
1842	5459.png	9 1 6	916	
1843	5459.png	5^'' 8 9	"589"""	
1844	5459.png	2 6 2	262	
1845	5459.png	7^'' 6 1	"761"""	
1846	5459.png	5 2^_ 1^_	521~	
1847	5459.png	2 0^' 6	206^	
1848	5459.png	6 1^' 3	613^	
1849	5459.png	9 1^' 4	914^	
1850	5459.png	4^_ 1^_ 8^_	418~	
1851	5459.png	9^' 8	98^	
1852	5459.png	6^' 6	66^	
1853	5459.png	^_ 4^__ 4^__ 5	445=	
1854	5459.png	1^_ 8^_	18~	
1855	5459.png	4^'' 1 1	"411"""	
1856	5459.png	3^__ 1^__ 2^__	312=	
1857	5459.png	6^' 2 0	620^	
1858	5459.png	6^_ 4^_ 3^_	643~	
1859	5459.png	4 4 7	447	over
1860	5459.png	2^__ 4^__ 1	241=	
1861	5459.png	9 4 6	946	
1862	5459.png	1^_ 1^_ 9^_	119~	
1863	5459.png	1^__ 8^__ 1^__	181=	
1864	5459.png	1^_ 9^_ 4^_	194~	
1865	5459.png	1^' 4 6	146^	
1866	5459.png	5^' 6 9	569^	
1867	5459.png	6^' 2 0	620^	
1868	5459.png	4^__ 6^__ 0	460=	
1869	5459.png	1 1^'' 4	"114"""	
1870	5459.png	7 6 6	766	
1871	5459.png	1 6 7	167	
1872	5459.png	6^' 4 2	642^	
1873	5459.png	2 4^_ 1^_	241~	
1874	5459.png	6^' 6	66^	
1875	5459.png	7^' 2 6	726^	
1876	5459.png	2 7^_	27~	
1877	5459.png	8 4 0	840	
1878	5459.png	1 4^' 4	144^	
1879	5459.png	8 3	83	
1880	5459.png	1 4^' 6	146^	
1881	5459.png	3 6^_ 5^_	365~	
1882	5459.png	7 6 1	761	
1883	5459.png	4 8^_ 5	485~	
1884	5459.png	5^'' 8 2	"582"""	
1885	5459.png	5 7^'' 1	"571"""	
1886	5459.png	9^'' 2 5	"925"""	
1887	5459.png	8 1^_ 6^_	816~	
1888	5459.png	^_ 6^' 5	65~	
1889	5459.png	1 2^'' 3	"123"""	
1890	5459.png	1 4^' 4	144^	
1891	5459.png	1 1^'' 4	"114"""	
1892	5459.png	3 6^_ 5^_	365~	
1893	5459.png	7 1^'	71^	
1894	5459.png	8^'' 5 2	"852"""	
1895	5459.png	1 1	11	
1896	5459.png	3 1 3	313	
1897	5459.png	1^' 4 6	146^	
1898	5459.png	9 7 3	973	
1899	5459.png	4^_ 3^_	43~	
1900	5459.png	4^'' 1 1	"411"""	
1901	5459.png	6 1^' 7	617^	
1902	5459.png	1 7 1	171	
1903	5459.png	3 3^' 6	336^	
1904	5459.png	2 4 4	244	
1905	5459.png	3 1 9	319	
1906	5459.png	3 2^_	32~	
1907	5459.png	1 1^'' 2	"112"""	
1908	5459.png	5^__ 2^__	52=	
1909	5459.png	4 1^'' 1	"411"""	
1910	5459.png	1 1^'' 2	"112"""	
1911	5459.png	5 6 6	566	
1912	5459.png	5 7^'' 1	"571"""	
1913	5459.png	5^' 4 2	542^	
1914	5459.png	7^' 5 6	756^	
1915	5459.png	4 8^'' 3	"483"""	
1916	5459.png	2 7^'' 6	"276"""	
1917	5459.png	8 3 2	832	
1918	5459.png	6^' 6	66^	
1919	5459.png	4^'' 8 3	"483"""	
1920	5459.png	7 6 1	761	
1921	5459.png	5^' 6 3	563^	
1922	5459.png	2^'' 9	"29"""	
1923	5459.png	5^__ 3^__ 4	534=	
1924	5459.png	5^'' 5 3	"553"""	
1925	5459.png	5 5^' 3	553^	
1926	5459.png	2^__ 3^__ 1	231=	
1927	5459.png	6^' 6	66^	
1928	5459.png	3^__ 8^__ 2^__	382=	
