index	page	code_1803_notation	transcribed_group	1803_value
1	5453.png	451=	4^__ 5^__ 1^__	
2	5453.png	847=	8^__ 4^__ 7	
3	5453.png	845=	8^__ 4^__ 5	
4	5453.png	701=	7^__ 0^__ 1^__	
5	5453.png	493~	4^_ 9^_ 3^_	
6	5453.png	354~	3 5^_ 4	
7	5453.png	43=	4^__ 3^__	
8	5453.png	"571"""	5^'' 7 1	
9	5453.png	"704716"""	7 0^'' 4  7 1^'' 6	
10	5453.png	"493"""	4^'' 9 3	
11	5453.png	100=	1^__ 0^__ 0^__	sch
12	5453.png	"603"""	6^'' 0 3	get
13	5453.png	"567"""	5^'' 6 7	geallieerd
14	5453.png	"310"""	3^'' 1 0	
15	5453.png	732~	7 3^_ 2^_	te
16	5453.png	"333"""	3^'' 3 3	ga
17	5453.png	"256"""	2^'' 5 6	
18	5453.png	73=	7^__ 3^__	
19	5453.png	"720"""	7^'' 2 0	hoop
20	5453.png	"634"""	6^'' 3 4	
21	5453.png	"226"""	2^'' 2 6	
22	5453.png	87~	8 7^_	articul
23	5453.png	"536"""	5^'' 3 6	
24	5453.png	"411"""	4^'' 1 1	
25	5453.png	415~	4^_ 1^_ 5^_	
26	5453.png	"368"""	3^'' 6 8	
27	5453.png	196=	1^__ 9^__ 6	====
28	5453.png	758=	7^__ 5^__ 8	
29	5453.png	904=	9^__ 0^__ 4	
30	5453.png	849=	8^__ 4^__ 9	
31	5453.png	706^	7^' 0 6	mondgesprek
32	5453.png	671^	6^' 7 1	
33	5453.png	146^	1 4^' 6	inzigt
34	5453.png	779	7 7 9	
35	5453.png	833	8 3 3	
36	5453.png	165~	1^_ 6^_ 5	
37	5453.png	345~	3^_ 4^_ 5	
38	5453.png	497=	4 9^__ 7	Gouvernement
39	5453.png	622=	6^__ 2 2	
40	5453.png	645^	6^' 4 5	
41	5453.png	541^	5^' 4 1	
42	5453.png	547^	5^' 4 7	
43	5453.png	"433"""	4^'' 3 3	zijn
44	5453.png	"417"""	4^'' 1 7	gerduurig
45	5453.png	100=	1^__ 0^__ 0^__	sch
46	5453.png	263	2 6 3	
47	5453.png	"247"""	2^'' 4 7	fin
48	5453.png	"542"""	5^'' 4 2	
49	5453.png	530^	5^' 3 0	meer
50	5453.png	294^	2^' 9 4	
51	5453.png	511^	5^' 1 1	
52	5453.png	215^	2^' 1 5	
53	5453.png	444^	4 4^' 4	magt
54	5453.png	917^	9^' 1 7	omtrend
55	5453.png	898^	8^' 9 8	
56	5453.png	124~	1^_ 2^_ 4	
57	5453.png	971^	9^' 7 1	
58	5453.png	456=	4^__ 5^__ 6	
59	5453.png	200~	2^_ 0^_ 0	men
60	5453.png	302~	3^_ 0^_ 2	
61	5453.png	968^	9^' 6 8	
62	5453.png	572~	5^_ 7^_ 2	
63	5453.png	345~	3^_ 4^_ 5	
64	5453.png	"68"""	6^'' 8	
65	5453.png	953~	^_ 9 5^_ 3	
66	5453.png	"108"""	1^'' 0 8	een
67	5453.png	"621"""	6^'' 2 1	halve
68	5453.png	"788"""	7^'' 8 8	
69	5453.png	"678"""	6^'' 7 8	geschied
70	5453.png	"950"""	9^'' 5 0	
71	5453.png	"410"""	4^'' 1 0	gaan
72	5453.png	"720"""	7^'' 2 0	hoop
73	5453.png	"513"""	5^'' 1 3	egt
74	5453.png	785~	7^_ 8^_ 5	
75	5453.png	954~	9^_ 5^_ 4	eene
76	5453.png	"181"""	1 8^'' 1	
77	5453.png	369=	3^__ 6^__ 9	
78	5453.png	779=	^_ 7^__ 7^__ 9	
79	5453.png	"184"""	1^'' 8 4	
80	5453.png	"34"""	3^'' 4	
81	5453.png	"182"""	1^'' 8 2	
82	5453.png	"113"""	1 1^'' 3	
83	5453.png	"263"""	2^'' 6 3	geduld
84	5453.png	"262"""	2^'' 6 2	gedachte
85	5453.png	709^	7^' 0 9	
86	5453.png	362~	^_ 3^' 6 2	
87	5453.png	677=	6^__ 7^__ 7	
88	5453.png	775=	7^__ 7^__ 5	
89	5453.png	676=	6^__ 7^__ 6	
90	5453.png	"455"""	4^'' 5 5	
91	5453.png	814~	8 1^_ 4	
92	5453.png	"29"""	2^'' 9	
93	5453.png	728~	7^_ 2^_ 8^_	dan
94	5453.png	837^	8^' 3 7	om
95	5453.png	516^	5^' 1 6	====
96	5453.png	525=	5^__ 2^__ 5	
97	5453.png	842=	^_ 8^__ 4^__ 2	
98	5453.png	326~	3 2^_ 6	
99	5453.png	538^	5^' 3 8	
100	5453.png	730^	7^' 3 0	
101	5453.png	357~	^_ 3^' 5 7	
102	5453.png	143^	1^' 4 3	
103	5453.png	670^	6^' 7 0	
104	5453.png	558^	5^' 5 8	
105	5453.png	28~	2^_ 8^_	
106	5453.png	971~	9^_ 7^_ 1	
107	5453.png	63~	6^_ 3^_	afgevaardigt
108	5453.png	424~	4^_ 2^_ 4	ne
109	5453.png	506~	5^_ 0^_ 6	is
110	5453.png	721^	7^' 2 1	
111	5453.png	589^	5^' 8 9	
112	5453.png	149^	1^' 4 9	is
113	5453.png	422^	4^' 2 2	der
114	5453.png	"241"""	2^'' 4 1	
115	5453.png	165~	1^_ 6^_ 5	
116	5453.png	578~	5^_ 7^_ 8^_	ss
117	5453.png	353~	3^_ 5^_ 3	
118	5453.png	896	8 9 6	si
119	5453.png	121	1 2 1	den
120	5453.png	320	3 2 0	
121	5453.png	286=	2^__ 8^__ 6	
122	5453.png	851=	8^__ 5^__ 1	
123	5453.png	404^	4^' 0 4	mijne
124	5453.png	115	1 1 5	de
125	5453.png	510=	5^__ 1^__ 0^__	Bessarabien
126	5453.png	325=	3^__ 2^__ 5	
127	5453.png	851=	8^__ 5^__ 1^__	
128	5453.png	73=	7^__ 3^__	
129	5453.png	417^	4^' 1 7	
130	5453.png	518	5 1 8	
131	5453.png	843	8 4 3	
132	5453.png	567~	5^_ 6^_ 7	
133	5453.png	428~	4^_ 2^_ 8	en
134	5453.png	116~	1^_ 1^_ 6^_	
135	5453.png	572~	5^_ 7^_ 2^_	
136	5453.png	122~	1^_ 2^_ 2^_	gijl
137	5453.png	480^	4^' 8 0	mij
138	5453.png	368^	3^' 6 8	
139	5453.png	664	6 6 4	
140	5453.png	397~	^_ 3 9 7	
141	5453.png	72^	7^' 2	is
142	5453.png	544	5 4 4	
143	5453.png	71^	7^' 1	
144	5453.png	265~	2^_ 6^_ 5	
145	5453.png	969~	^_ 9^' 6 9	
146	5453.png	857	8 5 7	
147	5453.png	861^	8^' 6 1	
148	5453.png	460=	^_ 4^__ 6^__ 0	
149	5453.png	185^	1 8^' 5	
150	5453.png	519^	5^' 1 9	maar
151	5453.png	746^	7^' 4 6	
152	5453.png	146^	1 4^' 6	inzigt
153	5453.png	360^	3^' 6 0	
154	5453.png	743^	7^' 4 3	nieuw
155	5453.png	"171"""	1^'' 7 1	draag
156	5453.png	188	1 8 8	
157	5453.png	458=	4^__ 5^__ 8	
158	5453.png	318~	3^_ 1^_ 8	
159	5453.png	184	1 8 4	
160	5453.png	356=	3^__ 5^__. 6	
161	5453.png	550	5 5 0	
162	5453.png	365~	3^_ 6^_ 5	
163	5453.png	340^	3^' 4 0	
164	5453.png	73^	7^' 3	
165	5453.png	149=	1 4^__ 9^__	
166	5453.png	274~	2^_ 7^_ 4^_	aat
167	5453.png	480^	4^' 8 0	mij
168	5453.png	447	4 4 7	
169	5453.png	300~	3^_. 0^_ 0^_	
170	5453.png	171	1 7 1	====
171	5453.png	572~	5^_ 7^_ 2	
172	5453.png	965^	9^' 6 5	zouden
173	5453.png	421~	4^_ 2^_ 1	b
174	5453.png	619~	6^_ 1^_ 9	
175	5453.png	"338"""	3^'' 3 8	gebruik
176	5453.png	197	1 9 7	aale
177	5453.png	242	2 4 2	
178	5453.png	74^	7^' 4	
179	5453.png	88	8 8	
180	5453.png	635^	6^' 3 5	
181	5453.png	247	2 4 7	
182	5453.png	139~	1^_ 3^_ 9	
183	5453.png	472~	^_ 4^_ 7^_ 2	
184	5453.png	971^	9^' 7 1	
185	5453.png	199=	1^__ 9^__ 9^__	
186	5453.png	106	1 0 6	
187	5453.png	457=	4^__ 5^__ 7	
188	5453.png	779=	^_ 7^__ 7^__ 9	
189	5453.png	384=	3^__ 8^__ 4	
190	5453.png	483=	4^__ 8^__ 3	
191	5453.png	774=	7^__ 7^__ 4	
192	5453.png	997~	9^_ 9^_ 7	dewijl
193	5453.png	483=	4^__ 8^__ 3	
194	5453.png	405=	4^__ 0^__ 5	Alopeus
195	5453.png	768=	7 6^__ 8^__	
196	5453.png	299=	2^__ 9^__ 9	kk
197	5453.png	185^	1 8^' 5	
198	5453.png	513^	5^' 1 3	
199	5453.png	903	9 0 3	
200	5453.png	621	6 2 1	rigt
201	5453.png	226	2 2 6	placcaat
202	5453.png	9	9	ontbloot
203	5453.png	772	7 7 2	revien
204	5453.png	730^	7^' 3 0	
205	5453.png	845^	8^' 4 5	
206	5453.png	143^	1 4^' 3	
207	5453.png	508=	5^__ 0^__ 8	
208	5453.png	18	1 8	
209	5453.png	664	6 6 4	
210	5453.png	66~	^_ 6^' 6	
211	5453.png	65^	6^' 5	
212	5453.png	704	7 0 4	
213	5453.png	"29"""	2^'' 9	
214	5453.png	376	3 7 6	
215	5453.png	847	8 4 7	
216	5453.png	194~	1^_ 9^_ 4	me
217	5453.png	730^	7^' 3 0	
218	5453.png	66^	6^' 6	
219	5453.png	577	5 7 7	en de
220	5453.png	72~	^_ 7^' 2	als
221	5453.png	52	5 2	
222	5453.png	"513"""	5^'' 1 3	egt
223	5453.png	16^	1^' 6	kunnende
224	5453.png	170	1 7 0	
225	5453.png	218^	2^' 1 8	
226	5453.png	816^	8^' 1 6	ten
227	5453.png	846	8 4 6	resultaat
228	5453.png	"615"""	6^'' 1 5	
229	5453.png	857	8 5 7	
230	5453.png	416^	4^' 1 6	
231	5453.png	692^	6^' 9 2	met
232	5453.png	341460=	3^' 4 1 ^_ 4^__ 6 0	
233	5454.png	510=	5^__ 1^__ 0^__	Bessarabien
234	5454.png	"781"""	7^'' 8 1	dieatteer
235	5454.png	77=	7^__ 7^__	====
236	5454.png	"29"""	2^'' 9	
237	5454.png	265~	2^_ 6^_ 5	
238	5454.png	326~	^_ 3^_ 2^_ 6	
239	5454.png	125~	1^_ 2^_ 5^_	van
240	5454.png	730^	7^' 3 0	
241	5454.png	39	3 9	
242	5454.png	"781"""	7^'' 8 1	dieatteer
243	5454.png	610^	6^' 1 0	
244	5454.png	"296"""	2^'' 9 6	
245	5454.png	714^	7^' 1 4	
246	5454.png	543	5 4 3	
247	5454.png	241~	2^_ 4^_ 1	as
248	5454.png	353~	3^_ 5^_ 3	
249	5454.png	753	7 5 3	
250	5454.png	265~	2^_ 6^_ 5	
251	5454.png	"565"""	^_ 5^'' 6 5	
252	5454.png	634^	6^' 3 4	mijn
253	5454.png	66^	6^' 6	
254	5454.png	761	7 6 1	
255	5454.png	245^	2^' 4 5	
256	5454.png	131~	1^_ 3^_ 1^_	
257	5454.png	508~	5^_ 0^_ 8	
258	5454.png	437~	4^_ 3^_ 7	bevestig
259	5454.png	318~	3 1^_ 8	
260	5454.png	704	7 0 4	
261	5454.png	70^	7^' 0	
262	5454.png	"411"""	4^'' 1 1	
263	5454.png	312=	3^__ 1^__ 2	
264	5454.png	620^	6^' 2 0	minst
265	5454.png	67^	6^' 7	
266	5454.png	"112"""	1^'' 1 2	
267	5454.png	416~	4^_ 1^_ 6^_	
268	5454.png	"634"""	6^'' 3 4	
269	5454.png	"771"""	^_ 7^'' 7 1	...
270	5454.png	447	4 4 7	
271	5454.png	761	7 6 1	
272	5454.png	592=	5^__ 9^__ 2	
273	5454.png	"93"""	9^'' 3	
274	5454.png	119	1 1 9	
275	5454.png	418~	4^_ 1^_ 8^_	
276	5454.png	761	7 6 1	
277	5454.png	"907"""	9^'' 0 7	gerust
278	5454.png	65^	6^' 5	
279	5454.png	7^	7^'	
280	5454.png	"118"""	1 1^'' 8	te
281	5454.png	"483"""	4^'' 8 3	
282	5454.png	543=	5^__ 4^__ 3	
283	5454.png	861^	8^' 6 1	
284	5454.png	636~	6^_ 3^_ 6	
285	5454.png	"448"""	^_ 4^'' 4 8	
286	5454.png	417^	4 1^' 7	
287	5454.png	353~	3^_ 5^_ 3	
288	5454.png	812	8 1 2	zijn
289	5454.png	875	8 7 5	schijnt
290	5454.png	664	6 6 4	
291	5454.png	195=	^_ 1^__ 9^__ 5	====
292	5454.png	326~	3 2^_ 6	
293	5454.png	302~	3^_ 0^_ 2^_	
294	5454.png	"597"""	5^'' 9 7	
295	5454.png	198~	1^_ 9^_ 8^_	
296	5454.png	521~	5^_ 2^_ 1^_	blijven
297	5454.png	70^	7^' 0	
298	5454.png	"554"""	5^'' 5 4	
299	5454.png	71^	7^' 1	
300	5454.png	"322"""	3^'' 2 2	
301	5454.png	868~	8^_ 6^_ 8	
302	5454.png	"266"""	2^'' 6 6	geeven
303	5454.png	"184"""	1^'' 8 4	
304	5454.png	"28"""	2^'' 8	
305	5454.png	959~	9^_ 5^_ 9	
306	5454.png	511=	5^__ 1^__ 1^__	
307	5454.png	917^	9^' 1 7	omtrend
308	5454.png	66^	6^' 6	
309	5454.png	"461"""	4^'' 6 1	
310	5454.png	"565"""	5^'' 6 5	
311	5454.png	21=	2^__ 1^__	van
312	5454.png	"845"""	8^'' 4 5	gunstig
313	5454.png	"797"""	7^'' 9 7	
314	5454.png	686	6 8 6	
315	5454.png	365~	3^_ 6^_ 5	
316	5454.png	602=	6^__ 0^__ 2	
317	5454.png	236^	2^' 3 6	
318	5454.png	840~	^_ 8^' 4 0	desselve
319	5454.png	127461~	1^' 2 7  4^_ 6^_ 1^_	
320	5454.png	376~	3 7^_ 6	
321	5454.png	753	7 5 3	
322	5454.png	123	1 2 3	is
323	5454.png	670~	^_ 6 7 0	
324	5454.png	418~	4^_ 1^_ 8^_	
325	5454.png	743~	7^_ 4^_ 3^_	bevel
326	5454.png	337^	3^' 3 7	
327	5454.png	184	1 8 4	
328	5454.png	617^	6^' 1 7	
329	5454.png	18~	1^_ 8^_	
330	5454.png	643~	6^_ 4^_ 3	
331	5454.png	460=	4^__ 6^__ 0^__	
332	5454.png	39	3 9	
333	5454.png	238	2 3 8	
334	5454.png	326~	3 2^_ 6	
335	5454.png	65^	6^' 5	
336	5454.png	841^	8^' 4 1	
337	5454.png	667^	6^' 6 7	
338	5454.png	514^	5^' 1 4	
339	5454.png	446~	4^_ 4^_ 6	boos
340	5454.png	973	9 7 3	
341	5454.png	919	9 1 9	
342	5454.png	775	7 7 5	
343	5454.png	892~	8^_ 9^_ 2	
344	5454.png	"257"""	^_ 2^'' 5 7	
345	5454.png	810^	8^' 1 0	te
346	5454.png	"921"""	^_ 9^'' 2 1	
347	5454.png	77=	7^__ 7^__	====
348	5454.png	"865"""	8^'' 6 5	hinder
349	5454.png	119	1 1 9	
350	5454.png	511=	5^__ 1^__ 1^__	
351	5454.png	376~	3^_ 7^_ 6	
352	5454.png	898^	8^' 9 8	
353	5454.png	506~	5^_ 0^_ 6^_	is
354	5454.png	206^	2^' 0 6	ik verneem
355	5454.png	509^	5^' 0 9	van de
356	5454.png	"625"""	6^'' 2 5	
357	5454.png	939^	9^' 3 9	
358	5454.png	"261"""	2^'' 6 1	gebrek
359	5454.png	"257"""	2^'' 5 7	
360	5454.png	"267"""	2^'' 6 7	
361	5454.png	733~	7 3^_ 3	zijn
362	5454.png	"338"""	3^'' 3 8	gebruik
363	5454.png	"529"""	5^'' 2 9	
364	5454.png	100=	1^__ 0^__ 0	sch
365	5454.png	893=	8 9^__ 3	
366	5454.png	705=	7 0^__ 5	
367	5454.png	417~	4 1^_ 7	
368	5454.png	"603"""	6^'' 0 3	get
369	5454.png	"310"""	3^'' 1 0	
370	5454.png	732~	7^_ 3^_ 2^_	te
371	5454.png	"257"""	2^'' 5 7	
372	5454.png	"332"""	3^'' 3 2	
373	5454.png	509	5 0 9	
374	5454.png	27	2 7	oppositie
375	5454.png	960^	9^' 6 0	
376	5454.png	890^	8^' 9 0	er
377	5454.png	201~	2 0^_ 1^_	
378	5454.png	429~	4^_ 2^_ 9^_	
379	5454.png	572~	5^_ 7^_ 2	
380	5454.png	186~	1^_ 8^_ 6	beleid
381	5454.png	968^	9^' 6 8	
382	5454.png	502~	5 0^_ 2^_	
383	5454.png	969^	9^' 6 9	uit
384	5454.png	"581"""	5^'' 8 1	
385	5454.png	569^	5^' 6 9	
386	5454.png	662^	6^' 6 2	se
387	5454.png	629^	6^' 2 9	
388	5454.png	145^	1^' 4 5	
389	5454.png	589^	5 8^' 9	
390	5454.png	329	3 2 9	proportie
391	5454.png	701	7 0 1	
392	5454.png	44^	4^' 4	bij
393	5454.png	925	9 2 5	stu
394	5454.png	215	2 1 5	
395	5454.png	"838"""	8^'' 3 8	
396	5454.png	"716"""	7^'' 1 6	
397	5454.png	"485"""	4^'' 8 5	
398	5454.png	94=	9^__ 4^__	s
399	5454.png	18~	1^_ 8^_	
400	5454.png	510=	5^__ 1^__ 0^__	Bessarabien
401	5454.png	849=	8^__ 4^__ 9	
402	5454.png	312=	3 1^__ 2	
403	5454.png	620^	6^' 2 0	minst
404	5454.png	567~	5^_ 6^_ 7	
405	5454.png	898^	8^' 9 8	
406	5454.png	498	4 9 8	
407	5454.png	924	9 2 4	
408	5454.png	766	7 6 6	
409	5454.png	"597"""	5^'' 9 7	
410	5454.png	"536"""	5^'' 3 6	
411	5454.png	100=	1^__ 0^__ 0^__	sch
412	5454.png	"882"""	8^'' 8 2	
413	5454.png	137	1 3 7	
414	5454.png	244	2 4 4	
415	5454.png	165	1 6 5	
416	5454.png	18	1 8	
417	5454.png	784	7 8 4	
418	5454.png	959	9 5 9	
419	5454.png	"17"""	1 7^''	dra
420	5454.png	318~	3 1^_ 8^_	
421	5454.png	714~	7^_ 1^_ 4^_	
422	5454.png	"261"""	2^'' 6 1	gebrek
423	5454.png	"29"""	2^'' 9	
424	5454.png	"466"""	4^'' 6 6	
425	5454.png	531^	5^' 3 1	meermalen
426	5454.png	"420"""	4^'' 2 0	geeven
427	5454.png	"565"""	5^'' 6 5	
428	5454.png	862^	8^' 6 2	
429	5454.png	677=	6^__ 7^__ 7	
430	5454.png	207=	2 0^__ 7	
431	5454.png	623=	6^__ 2^__ 3	
432	5454.png	549=	5^__ 4^__ 9	
433	5454.png	422^	4^' 2 2	der
434	5454.png	"241"""	2^'' 4 1	
435	5454.png	939^	9^' 3 9	
436	5454.png	123~	1^_ 2^_ 3^_	
437	5454.png	265	2 6 5	ra
438	5454.png	"781"""	7^'' 8 1	dieatteer
439	5454.png	93=	9^__ 3^__	
440	5454.png	"718"""	7^'' 1 8	hoofd
441	5454.png	23=	2^__ 3^__	
442	5454.png	909^	9^' 0 9	
443	5454.png	345~	3^_ 4^_ 5	
444	5454.png	861^	8^' 6 1	
445	5454.png	215~	^_ 2^' 1 5	
446	5454.png	743^	7^' 4 3	nieuw
447	5454.png	368^	3^' 6 8	
448	5454.png	749=	7^__ 4^__ 9	
449	5454.png	"531"""	5^'' 3 1	et
450	5454.png	44^	4^' 4	bij
451	5454.png	842	8 4 2	
452	5454.png	222~	2^_ 2^_ 2^_	
453	5454.png	337	3 3 7	
454	5454.png	955	9 5 5	
455	5454.png	28~	2^_ 8^_	
456	5454.png	366~	3^_ 6^_ 6	
457	5454.png	578~	5^_ 7^_ 8	ss
458	5454.png	575~	5^_ 7^_ 5^_	er
459	5454.png	356	3 5 6	van een
460	5454.png	"597"""	5^'' 9 7	
461	5454.png	"794"""	7^'' 9 4	
462	5454.png	"796"""	7^'' 9 6	
463	5454.png	24=	2^__ 4^__	
464	5454.png	100=	1^__ 0^__ 0^__	sch
465	5454.png	27=	2^__ 7^__	
466	5454.png	"884"""	8^'' 8 4	e
467	5454.png	94=	9^__ 4	s
468	5454.png	"636"""	6^'' 3 6	hoe
469	5454.png	17=	1^__ 7^__	
470	5454.png	219	2 1 9	
471	5454.png	322~	^_ 3 2 2	
472	5454.png	88	8 8	
473	5454.png	423^	4^' 2 3	
474	5454.png	586^	5^' 8 6	
475	5454.png	909^	9 0^' 9	
476	5454.png	275~	2 7^_ 5	een
477	5454.png	722^	7^' 2 2	neem
478	5454.png	495^	4^' 9 5	ner
479	5454.png	861^	8^' 6 1	
480	5454.png	570~	^_ 5^' 7 0	
481	5454.png	384=	^_ 3^__ 8^__ 4	
482	5454.png	208=	2^__ 0^__ 8	
483	5454.png	"531"""	5^'' 3 1	et
484	5454.png	814~	8^_ 1^_ 4	
485	5454.png	"29"""	2^'' 9	
486	5454.png	804~	8 0^_ 4	cijffer
487	5454.png	525=	5^__ 2^__ 5	
488	5454.png	325=	^_ 3 2^__ 5	
489	5454.png	373^	3^' 7 3	
490	5454.png	294^	2^' 9 4	
491	5454.png	146^	1 4^' 6	inzigt
492	5454.png	206^	2 0^' 6	ik verneem
493	5454.png	115	1 1 5	de
494	5454.png	575^	5^' 7 5	aat
495	5454.png	312=	3 1^__ 2	
496	5454.png	544^	5^' 4 4	
497	5454.png	"531"""	5^'' 3 1	et
498	5454.png	"636"""	6 3^'' 6	hoe
499	5454.png	459=	4^__ 5^__ 9	
500	5454.png	331=	3^__ 3^__ 1	====
501	5454.png	625=	6 2^__ 5	
502	5454.png	804~	8 0^_ 4	cijffer
503	5454.png	"113"""	1 1^'' 3	
504	5454.png	417~	4^_ 1^_ 7	
505	5454.png	"333"""	3^'' 3 3	ga
506	5454.png	"256"""	2^'' 5 6	
507	5454.png	957~	9 5^_ 7	eer
508	5454.png	"838"""	8^'' 3 8	
509	5454.png	"716"""	7^'' 1 6	
510	5454.png	"485"""	4^'' 8 5	
511	5454.png	"411"""	4^'' 1 1	
512	5454.png	"644"""	6 4^'' 4	
513	5454.png	"571"""	5^'' 7 1	
514	5454.png	"636"""	6^'' 3 6	hoe
515	5454.png	"734"""	7^'' 3 4	r
516	5454.png	17=	1^__ 7^__	
517	5454.png	"934"""	9^'' 3 4	
518	5454.png	"797"""	7^'' 9 7	
519	5454.png	"948"""	9^'' 4 8	
520	5454.png	820=	8^__ 2^__ 0	
521	5454.png	705=	7^__ 0^__ 5	
522	5454.png	"310"""	3^'' 1 0	
523	5454.png	732~	7^_ 3^_ 2	te
524	5454.png	"333"""	3^'' 3 3	ga
525	5454.png	"112"""	1^'' 1 2	
526	5454.png	946^	9^' 4 6	
527	5454.png	"688"""	6^'' 8 8	
528	5454.png	110=	1^__ 1^__ 0^__	
529	5454.png	17=	1^__ 7^__	
530	5454.png	574	5 7 4	
531	5454.png	844	8 4 4	
532	5454.png	624	6 2 4	
533	5454.png	"707"""	7^'' 0 7	
534	5454.png	"536"""	5^'' 3 6	
535	5454.png	"565"""	5^'' 6 5	
536	5454.png	"948"""	9^'' 4 8	
537	5454.png	299^	2 9^' 9	
538	5454.png	559=	5^__ 5^__ 9	
539	5454.png	645^	6^' 4 5	
540	5454.png	146^	1^' 4 6	inzigt
541	5454.png	143^	1^' 4 3	
542	5454.png	813^	8^' 1 3	en
543	5454.png	"234"""	2^'' 3 4	
544	5454.png	"257"""	2^'' 5 7	
545	5454.png	"472"""	4^'' 7 2	
546	5454.png	95=	9^__ 5^__	
547	5454.png	"757"""	7^'' 5 7	getrouw
548	5454.png	"589"""	5^'' 8 9	
549	5454.png	"948"""	9^'' 4 8	
550	5454.png	305~	3^_ 0^_ 5	als of
551	5454.png	572~	5^_ 7^_ 2	
552	5454.png	460=	4^__ 6^__ 0	
553	5454.png	510=	5^__ 1^__ 0^__	Bessarabien
554	5454.png	39	3 9	
555	5454.png	88	8 8	
556	5454.png	842	8 4 2	
557	5454.png	868=	8^__ 6^__ 8	
558	5454.png	849=	8^__ 4^__ 9	
559	5454.png	697=	6^__ 9^__ 7	
560	5454.png	704	7 0 4	
561	5454.png	967	9 6 7	aa
562	5454.png	42^	4^' 2	
563	5454.png	782	7 8 2	
564	5454.png	423^	4^' 2 3	
565	5454.png	143^	1 4^' 3	
566	5454.png	119	1 1 9	
567	5454.png	207=	2^__ 0^__ 7	
568	5454.png	623=	6^__ 2^__ 3	
569	5454.png	149~	1 4^_ 9	als
570	5454.png	506~	5 0^_ 6	is
571	5454.png	430~	4^_ 3^_ 0^_	
572	5454.png	125~	1 2^_ 5^_	van
573	5454.png	116~	1^_ 1^_ 6^_	
574	5454.png	421~	4^_ 2^_ 1^_	b
575	5454.png	507~	5^_ 0^_ 7^_	
576	5454.png	578~	5^_ 7^_ 8	ss
577	5454.png	"915"""	9^'' 1 5	
578	5454.png	532=	^_ 5^__ 3^__ 2	
579	5454.png	300~	3^_ 0^_ 0	
580	5454.png	127~	1 2^_ 7	
581	5454.png	216~	2 1^_ 6	
582	5454.png	404^	4^' 0 4	mijne
583	5454.png	942^	9^' 4 2	
584	5454.png	859	8 5 9	
585	5454.png	536~	5^_ 3^_ 6	
586	5455.png	337	3 3 7	
587	5455.png	"171"""	1^'' 7 1	draag
588	5455.png	960	9 6 0	
589	5455.png	356=	3^__ 5^__ 6	
590	5455.png	70~	^_ 7^' 0	alles
591	5455.png	907^	9^' 0 7	
592	5455.png	40~	4^_ 0^_	
593	5455.png	277~	2 7^_ 7^_	my
594	5455.png	578~	5^_ 7^_ 8	ss
595	5455.png	617^	6^' 1 7	
596	5455.png	358~	3^_ 5^_ 8	
597	5455.png	66^	6^' 6	
598	5455.png	712^	7 1^' 2	....
599	5455.png	460=	4^__ 6^__ 0	
600	5455.png	613=	6{^'}{__} 1__ 3__	
601	5455.png	638=	__ 6{^'}{__} 3 8	
602	5455.png	594	5 9 4	
603	5455.png	776	7 7 6	
604	5455.png	365~	3 6^_ 5	
605	5455.png	71^	7^' 1	
606	5455.png	171	1 7 1	====
607	5455.png	63~	6^_ 3^_	afgevaardigt
608	5455.png	"114"""	1^'' 1 4	
609	5455.png	"521"""	5^'' 2 1	
610	5455.png	"483"""	4^'' 8 3	
611	5455.png	77=	7^__ 7^__	====
612	5455.png	"29"""	2^'' 9	
613	5455.png	664	6 6 4	
614	5455.png	"571"""	^_ 5^'' 7 1	
615	5455.png	636~	6^_ 3^_ 6	
616	5455.png	686	6 8 6	
617	5455.png	901	9 0 1	
618	5455.png	846	8 4 6	resultaat
619	5455.png	67^	6^' 7	
620	5455.png	561~	5^_ 6^_ 1^_	
621	5455.png	572~	5^_ 7^_ 2	
622	5455.png	714~	7^_ 1^_ 4	
623	5455.png	77=	7 7^__	====
624	5455.png	893^	8^' 9 3	tot
625	5455.png	44~	4^_ 4^_	der
626	5455.png	572~	5^_ 7^_ 2^_	
627	5455.png	806^	8 0^' 6	
628	5455.png	215^	2 1^' 5	
629	5455.png	723	7 2 3	secreet
630	5455.png	147~	1^_ 4^_ 7^_	
631	5455.png	19^	1^' 9	laastgemelde
632	5455.png	614	6 1 4	
633	5455.png	65^	6^' 5	
634	5455.png	265~	2^_ 6^_ 5	
635	5455.png	969~	^_ 9^' 6 9	
636	5455.png	558^	5^' 5 8	
637	5455.png	96^	9^' 6	
638	5455.png	"539"""	5^'' 3 9	
639	5455.png	"868"""	8^'' 6 8	
640	5455.png	"493"""	4^'' 9 3	
641	5455.png	"636"""	6^'' 3 6	hoe
642	5455.png	"874"""	8^'' 7 4	houde
643	5455.png	962^	9^' 6 2	is
644	5455.png	41~	4 1^_	op
645	5455.png	"451"""	4^'' 5 1	
646	5455.png	111	1 1 1	
647	5455.png	39	3 9	
648	5455.png	816=	8^__ 1^__ 6	
649	5455.png	909^	9^' 0 9	
650	5455.png	572~	5^_ 7^_ 2	
651	5455.png	75~	7^_ 5^_	
652	5455.png	40~	4^_ 0^_	
653	5455.png	"462"""	4^'' 6 2	exager
654	5455.png	"868"""	8^'' 6 8	
655	5455.png	"270"""	2^'' 7 0	
656	5455.png	911~	9^_ 1^_ 1	
657	5455.png	23~	2^_ 3^_	
658	5455.png	572~	5^_ 7^_ 2^_	
659	5455.png	506~	5^_ 0^_ 6^_	is
660	5455.png	716	7 1 6	
661	5455.png	73~	^_ 7^' 3	
662	5455.png	390	3 9 0	
663	5455.png	996	9 9 6	steld
664	5455.png	525=	5^__ 2^__ 5	
665	5455.png	325=	3 2^__ 5	
666	5455.png	697=	6^__ 9^__ 7^__	
667	5455.png	750=	7^__ 5^__ 0^__	
668	5455.png	35	3 5	
669	5455.png	497=	4 9^__ 7	Gouvernement
670	5455.png	851=	8^__ 5^__ 1	
671	5455.png	298~	2^_ 9^_ 8	
672	5455.png	572~	5^_ 7^_ 2^_	
673	5455.png	696	6 9 6	revolutie
674	5455.png	262	2 6 2	questie
675	5455.png	784	7 8 4	
676	5455.png	393	3 9 3	
677	5455.png	119	1 1 9	
678	5455.png	946	9 4 6	
679	5455.png	575^	5^' 7 5	aat
680	5455.png	790	7 9 0	scha
681	5455.png	885	8 8 5	de
682	5455.png	197	1 9 7	aale
683	5455.png	68	6 8	
684	5455.png	314	3 1 4	
685	5455.png	379=	3^__ 7^__ 9	
686	5455.png	"940"""	9^'' 4 0	
687	5455.png	"636"""	6^'' 3 6	hoe
688	5455.png	"720"""	7^'' 2 0	hoop
689	5455.png	778^	7^' 7 8	
690	5455.png	145^	1 4^' 5	
691	5455.png	289=	2^__ 8^__ 9	
692	5455.png	622=	6^__ 2^__ 2	
693	5455.png	344=	3 4^__ 4	
694	5455.png	418~	4^_ 1^_ 8^_	
695	5455.png	931	9 3 1	
696	5455.png	723	7 2 3	secreet
697	5455.png	70^	7^' 0	
698	5455.png	"972"""	9^'' 7 2	iets
699	5455.png	"194"""	1^'' 9 4	
700	5455.png	"420"""	4^'' 2 0	geeven
701	5455.png	100=	1^__ 0^__ 0	sch
702	5455.png	94=	9^__ 4^__	s
703	5455.png	877	8 7 7	
704	5455.png	908^	9^' 0 8	
705	5455.png	577	5 7 7	en de
706	5455.png	712~	^_ 7^' 1 2	
707	5455.png	"781"""	^_ 7^'' 8 1	dieatteer
708	5455.png	93=	9 3^__	
709	5455.png	265~	2 6^_ 5	
710	5455.png	572~	^_ 5^_ 7^_ 2	
711	5455.png	273	2 7 3	van
712	5455.png	"431"""	4^'' 3 1	r
713	5455.png	"868"""	8^'' 6 8	
714	5455.png	998^	9^' 9 8	
715	5455.png	969^	9^' 6 9	uit
716	5455.png	710^	7^' 1 0	mij
717	5455.png	143^	1^' 4 3	
718	5455.png	549^	5^' 4 9	
719	5455.png	607^	6^' 0 7	meer
720	5455.png	732	7 3 2	
721	5455.png	"531"""	5^'' 3 1	et
722	5455.png	44^	4^' 4	bij
723	5455.png	"448"""	4^'' 4 8	
724	5455.png	51	5 1	
725	5455.png	317	3 1 7	
726	5455.png	9	9	ontbloot
727	5455.png	171	1 7 1	====
728	5455.png	634=	6^__ 3^__ 4	
729	5455.png	851=	8^__ 5^__ 1	
730	5455.png	"513"""	5^'' 1 3	egt
731	5455.png	"564"""	5^'' 6 4	
732	5455.png	"570"""	5^'' 7 0	gedrag
733	5455.png	16^	1 6^'	kunnende
734	5455.png	997	9 9 7	
735	5455.png	659~	6^_ 5^_ 9^_	
736	5455.png	"741"""	7^'' 4 1	van
737	5455.png	"485"""	4^'' 8 5	
738	5455.png	456=	4^__ 5^__ 6	
739	5455.png	344=	3^__ 4^__ 4	
740	5455.png	365~	3 6^_ 5	
741	5455.png	32~	3 2^_	
742	5455.png	365=	3 6^__ 5	
743	5455.png	"261"""	2^'' 6 1	gebrek
744	5455.png	"29"""	2^'' 9	
745	5455.png	859	8 5 9	
746	5455.png	843^	8^' 4 3	
747	5455.png	516^	5^' 1 6	====
748	5455.png	"905"""	9^'' 0 5	ger
749	5455.png	"720"""	7^'' 2 0	hoop
750	5455.png	601	6 0 1	reis
751	5455.png	138	1 3 8	
752	5455.png	9	9	ontbloot
753	5455.png	"921"""	9^'' 2 1	
754	5455.png	"634"""	6^'' 3 4	
755	5455.png	98=	^_ 9^__ 8^__	
756	5455.png	"409"""	4^'' 0 9	
757	5455.png	245^	2^' 4 5	
758	5455.png	131~	1^_ 3^_ 1	
759	5455.png	508~	5^_ 0^_ 8	
760	5455.png	437~	4^_ 3^_ 7	bevestig
761	5455.png	318~	3 1^_ 8	
762	5455.png	572~	5^_ 7^_ 2	
763	5455.png	507~	5^_ 0^_ 7	
764	5455.png	829~	8 2^_ 9^_	
765	5455.png	"998"""	9^'' 9 8	
766	5455.png	264^	2^' 6 4	list
767	5455.png	865~	8^_ 6^_ 5^_	
768	5455.png	"181"""	1^'' 8 1	
769	5455.png	"29"""	2^'' 9	
770	5455.png	265	2 6 5	ra
771	5455.png	775	7 7 5	
772	5455.png	676=	6^__ 7^__ 6	
773	5455.png	452=	4^__ 5^__ 2	Russisch
774	5455.png	474=	4^__ 7 4	
775	5455.png	524=	5 2^__ 4	
776	5455.png	845=	8^__ 4 5	
777	5455.png	604=	6^__ 0^__ 4	
778	5455.png	618^	6^' 1 8	mili
779	5455.png	756~	^_ 7^' 5 6	
780	5455.png	509~	^_ 5^' 0 9	
781	5455.png	671^	6^' 7 1	
782	5455.png	154	1 5 4	point
783	5455.png	"305"""	3^'' 0 5	
784	5455.png	"104"""	1^'' 0 4	====
785	5455.png	732~	7^_ 3^_ 2	te
786	5455.png	656~	6^_ 5^_ 6	
787	5455.png	194=	1^__ 9^__ 4	
788	5455.png	966~	9^_ 6^_ 6	
789	5455.png	332~	3 3^_ 2^_	
790	5455.png	460=	4^__ 6^__ 0	
791	5455.png	559=	5^__ 5^__ 9^__	
792	5455.png	769=	7^__ 6^__ 9^__	
793	5455.png	713^	7^' 1 3	Begin des Briefs
794	5455.png	753~	7^_ 5^_ 3	boven
795	5455.png	656~	6^_ 5 6	
796	5455.png	"755"""	7^'' 5 5	geschieden
797	5455.png	"940"""	9^'' 4 0	
798	5455.png	"603"""	6^'' 0 3	get
799	5455.png	452=	4^__ 5 2	Russisch
800	5455.png	"662"""	6^'' 6 2	n
801	5455.png	"720"""	7^'' 2 0	hoop
802	5455.png	789	7 8 9	
803	5455.png	517	5 1 7	
804	5455.png	919	9 1 9	
805	5455.png	991	9 9 1	spreek
806	5455.png	692^	6^' 9 2	met
807	5455.png	819^	8^' 1 9	niet te min
808	5455.png	722^	7^' 2 2	neem
809	5455.png	217^	2^' 1 7	
810	5455.png	215^	2^' 1 5	
811	5455.png	703^	7^' 0 3	mogelijk
812	5455.png	461~	4^_ 6^_ 1^_	
813	5455.png	428~	4^_ 2^_ 8^_	en
814	5455.png	"299"""	2^'' 9 9	
815	5455.png	"263"""	2^'' 6 3	geduld
816	5455.png	"256"""	2^'' 5 6	
817	5455.png	575	5 7 5	ses
818	5455.png	"405"""	4^'' 0 5	
819	5455.png	"29"""	2^'' 9	
820	5455.png	956~	9^_ 5^_ 6	
821	5455.png	"634"""	6^'' 3 4	
822	5455.png	19~	^_ 1^_ 9^_	
823	5455.png	507~	5^_ 0^_ 7	
824	5455.png	58~	5^_ 8^_	ac
825	5455.png	347~	3^_ 4^_ 7	n
826	5455.png	602~	6^_ 0^_ 2	brief
827	5455.png	557=	5^__ 5^__ 7	
828	5455.png	377=	3^__ 7^__ 7	
829	5455.png	291	2 9 1	
830	5455.png	822~	8^_ 2^_ 2	dag
831	5455.png	"263"""	2^'' 6 3	geduld
832	5455.png	262	2 6 2	questie
833	5455.png	384=	3^__ 8^__ 4	
834	5455.png	774=	7^__ 7^__ 4	
835	5455.png	578^	5^' 7 8	
836	5455.png	54	5 4	noop
837	5455.png	784~	^_ 7 8 4	concert
838	5455.png	614	6 1 4	
839	5455.png	189^	1 8^' 9	
840	5455.png	602~	6^_ 0^_ 2	brief
841	5455.png	971~	9^_ 7^_ 1	
842	5455.png	139~	1^_ 3^_ 9^_	
843	5455.png	18~	1^_ 8^_	
844	5455.png	49=	4^__ 9^__	
845	5455.png	"563"""	5^'' 6 3	====
846	5455.png	"410"""	4^'' 1 0	gaan
847	5455.png	98=	9^__ 8^__	
848	5455.png	"903"""	9^'' 0 3	
849	5455.png	"651"""	6^'' 5 1	
850	5455.png	783~	7^_ 8^_ 3	
851	5455.png	"187"""	1^'' 8 7	eens
852	5455.png	"186"""	1^'' 8 6	eenig
853	5455.png	"112"""	1 1^'' 2	
854	5455.png	"325"""	3^'' 2 5	
855	5455.png	804~	8^_ 0^_ 4	cijffer
856	5455.png	245^	2^' 4 5	
857	5455.png	317~	3^_ 1^_ 7	arriv
858	5455.png	393~	3^_ 9^_ 3	
859	5455.png	131~	1^_ 3^_ 1^_	
860	5455.png	620~	6^_ 2 0	
861	5455.png	508~	5^_ 0^_ 8	
862	5455.png	469~	4^_ 6^_ 9	
863	5455.png	437~	4^_ 3^_ 7	bevestig
864	5455.png	991~	9^_ 9^_ 1^_	
865	5455.png	318~	3^_ 1^_ 8	
866	5455.png	215^	2^' 1 5	
867	5455.png	818^	8^' 1 8	
868	5455.png	829~	8^_ 2^_ 9	
869	5455.png	"531"""	5^'' 3 1	et
870	5455.png	73=	7^__ 3^__	
871	5455.png	529	5 2 9	
872	5455.png	621	6 2 1	rigt
873	5455.png	467	4 6 7	
874	5455.png	616	6 1 6	
875	5455.png	865~	8^_ 6^_ 5	
876	5455.png	"181"""	1 8^'' 1	
877	5455.png	958~	9 5^_ 8	eerde
878	5455.png	"626"""	6^'' 2 6	
879	5455.png	843~	8 4^_ 3	
880	5455.png	265	2 6 5	ra
881	5455.png	775	7 7 5	
882	5455.png	749=	7^__ 4^__ 9	
883	5455.png	474=	4^__ 7^__ 4	
884	5455.png	701~	7^_ 0^_ 1^_	
885	5455.png	"558"""	5^'' 5 8	
886	5455.png	18=	1^__ 8^__	
887	5455.png	"866"""	8^'' 6 6	
888	5455.png	100=	1^__ 0^__ 0^__	sch
889	5455.png	"946"""	9^'' 4 6	hondert
890	5455.png	858	8 5 8	
891	5455.png	578	5 7 8	
892	5455.png	376~	3 7^_ 6	
893	5455.png	421~	4^_ 2^_ 1	b
894	5455.png	30	3 0	
895	5455.png	701	7 0 1	
896	5455.png	616	6 1 6	
897	5455.png	80	8 0	
898	5455.png	161	1 6 1	
899	5455.png	314	3 1 4	
900	5455.png	9	9	ontbloot
901	5455.png	670	6 7 0	
902	5455.png	466	4 6 6	
903	5455.png	"68"""	6^'' 8	
904	5455.png	953~	9^_ 5^_ 3	
905	5455.png	302~	3 0^_ 2^_	
906	5455.png	968^	9^' 6 8	
907	5455.png	572~	5^_ 7^_ 2	
908	5455.png	505=	5^__ 0^__ 5^__	
909	5455.png	942^	9^' 4 2	
910	5455.png	"958"""	9^'' 5 8	
911	5455.png	326~	3^_ 2^_ 6	
912	5455.png	"509"""	5^'' 0 9	van
913	5455.png	304=	3^__ 0^__ 4	
914	5455.png	567~	5^_ 6^_ 7^_	
915	5455.png	571~	5^_ 7^_ 1	
916	5455.png	578~	5^_ 7^_ 8	ss
917	5456.png	785	7 8 5	====
918	5456.png	614	6 1 4	
919	5456.png	189^	1^' 8 9	
920	5456.png	"280"""	2^'' 8 0	
921	5456.png	644^	6^' 4 4	
922	5456.png	670^	6^' 7 0	
923	5456.png	142^	1^' 4 2	int
924	5456.png	271	2 7 1	l
925	5456.png	592=	5^__ 9^__ 2	
926	5456.png	990=	9^__ 9^__ 0	
927	5456.png	3:	3^o	
928	5456.png	953=	9^__ 5^__ 3	
929	5456.png	676=	6^__ 7^__ 6	
930	5456.png	407=	4^__ 0^__ 7	Kotschubey
931	5456.png	538^	5^' 3 8	
932	5456.png	146^	1 4^' 6	inzigt
933	5456.png	215^	2^' 1 5	
934	5456.png	"542"""	5^'' 4 2	
935	5456.png	63	6 3	
936	5456.png	"724"""	7^'' 2 4	
937	5456.png	"720"""	7^'' 2 0	hoop
938	5456.png	80	8 0	
939	5456.png	161	1 6 1	
940	5456.png	314	3 1 4	
941	5456.png	315	3 1 5	
942	5456.png	"261"""	2^'' 6 1	gebrek
943	5456.png	952~	9^_ 5^_ 2	
944	5456.png	656~	6^_ 5^_ 6	
945	5456.png	"105"""	1^'' 0 5	
946	5456.png	804~	8 0^_ 4	cijffer
947	5456.png	577	5 7 7	en de
948	5456.png	511=	^_ 5^__ 1^__ 1^__	
949	5456.png	105~	1^_ 0^_ 5^_	begin
950	5456.png	962^	9^' 6 2	is
951	5456.png	517~	^_ 5^_ 1^_ 7	
952	5456.png	890^	8^' 9 0	er
953	5456.png	714~	7^_ 1^_ 4	
954	5456.png	733~	7^_ 3^_ 3	zijn
955	5456.png	"338"""	3^'' 3 8	gebruik
956	5456.png	231=	2^__ 3^__ 1^__	
957	5456.png	841=	8 4^__ 1^__	
958	5456.png	931	9 3 1	
959	5456.png	624	6 2 4	
960	5456.png	19^	1 9^'	laastgemelde
961	5456.png	353=	^_ 3 5^__ 3	
962	5456.png	841=	8^__ 4^__ 1	
963	5456.png	458=	4^__ 5^__ 8	
964	5456.png	701=	7^__ 0^__ 1	
965	5456.png	260	2 6 0	
966	5456.png	598~	5^_ 9^_ 8	
967	5456.png	890^	8^' 9 0	er
968	5456.png	572~	5^_ 7^_ 2	
969	5456.png	"688"""	6^'' 8 8	
970	5456.png	93=	9^__ 3^__	
971	5456.png	"940"""	9^'' 4 0	
972	5456.png	"636"""	6^'' 3 6	hoe
973	5456.png	146=	1^__ 4^__ 6	
974	5456.png	859	8 5 9	
975	5456.png	775	7 7 5	
976	5456.png	71^	7^' 1	
977	5456.png	265~	2^_ 6^_ 5	
978	5456.png	969~	^_ 9^' 6 9	
979	5456.png	558^	5 5^' 8	
980	5456.png	"261"""	2^'' 6 1	gebrek
981	5456.png	958~	9^_ 5^_ 8	eerde
982	5456.png	692^	6^' 9 2	met
983	5456.png	198^	1^' 9 8	er
984	5456.png	"903"""	9^'' 0 3	
985	5456.png	"599"""	5^'' 9 9	
986	5456.png	"751"""	7^'' 5 1	genoegen
987	5456.png	67~	6^_ 7^_	
988	5456.png	544~	5 4^_ 4	ch
989	5456.png	132=	1^__ 3^__ 2^__	
990	5456.png	77=	7^__ 7^__	====
991	5456.png	"827"""	8^'' 2 7	
992	5456.png	"720"""	7^'' 2 0	hoop
993	5456.png	542^	5^' 4 2	ministratie
994	5456.png	184~	^_ 1^' 8 4	beken
995	5456.png	722^	7^' 2 2	neem
996	5456.png	586^	5^' 8 6	
997	5456.png	265~	2^_ 6^_ 5	
998	5456.png	317~	3^_ 1^_ 7	arriv
999	5456.png	572~	5^_ 7^_ 2	
1000	5456.png	119	1 1 9	
1001	5456.png	221	2 2 1	
1002	5456.png	88	8 8	
1003	5456.png	372	3 7 2	
1004	5456.png	604=	6^__ 0^__ 4	
1005	5456.png	269=	2^__ 6 9	
1006	5456.png	592=	5^__ 9^__ 2	
1007	5456.png	193=	1^__ 9^__ 3	
1008	5456.png	604=	6^__ 0^__ 4	
1009	5456.png	563	5 6 3	
1010	5456.png	42^	4^' 2	
1011	5456.png	116^	1^' 1 6	
1012	5456.png	466	4 6 6	
1013	5456.png	387	3 8 7	
1014	5456.png	"478"""	4^'' 7 8	
1015	5456.png	93=	9^__ 3^__	
1016	5456.png	856	8 5 6	
1017	5456.png	624	6 2 4	
1018	5456.png	72^	7^' 2	is
1019	5456.png	996	9 9 6	steld
1020	5456.png	222~	2 2^_ 2	
1021	5456.png	896^	8^' 9 6	
1022	5456.png	367~	3^_ 6^_ 7	adel
1023	5456.png	"781"""	7^'' 8 1	dieatteer
1024	5456.png	"409"""	4^'' 0 9	
1025	5456.png	107=	1^__ 0^__ 7	
1026	5456.png	17=	1^__ 7^__	
1027	5456.png	100=	1^__ 0^__ 0^__	sch
1028	5456.png	"983"""	9^'' 8 3	
1029	5456.png	93=	9^__ 3^__	
1030	5456.png	870^	8^' 7 0	op
1031	5456.png	363^	3^' 6 3	====
1032	5456.png	540=	5^__ 4^__ 0	
1033	5456.png	623=	6^__ 2^__ 3	
1034	5456.png	588	5 8 8	rantsoen
1035	5456.png	290~	2^_ 9^_ 0^_	ach
1036	5456.png	713^	7^' 1 3	Begin des Briefs
1037	5456.png	505~	5^_ 0^_ 5^_	en de
1038	5456.png	"296"""	2^'' 9 6	
1039	5456.png	132~	1^_ 3^_ 2^_	
1040	5456.png	861^	8 6^' 1	
1041	5456.png	768~	^_ 7^' 6 8	
1042	5456.png	363^	3^' 6 3	====
1043	5456.png	457=	4^__ 5^__ 7	
1044	5456.png	420=	^_ 4^__ 2 0	
1045	5456.png	692^	6^' 9 2	met
1046	5456.png	142^	1 4^' 2	int
1047	5456.png	265~	2^_ 6^_ 5	
1048	5456.png	969^	9^' 6 9	uit
1049	5456.png	475^	4^' 7 5	
1050	5456.png	819^	8^' 1 9	niet te min
1051	5456.png	818^	8^' 1 8	
1052	5456.png	586^	5^' 8 6	
1053	5456.png	813^	8^' 1 3	en
1054	5456.png	509=	5^__ 0^__ 9^__	
1055	5456.png	667~	6^_ 6^_ 7	bew
1056	5456.png	677=	6^__ 7^__ 7	
1057	5456.png	147~	1^_ 4^_ 7	
1058	5456.png	499~	4^_ 9^_ 9	
1059	5456.png	351~	3 5^_ 1	
1060	5456.png	347~	3 4^_ 7	n
1061	5456.png	968^	9^' 6 8	
1062	5456.png	571~	5^_ 7^_ 1	
1063	5456.png	"252"""	2^'' 5 2	de Fransche
1064	5456.png	762	7 6 2	representant
1065	5456.png	369~	^_ 3^' 6 9	
1066	5456.png	873~	8^_ 7^_ 3	
1067	5456.png	"288"""	2^'' 8 8	
1068	5456.png	718^	7^' 1 8	n'ai
1069	5456.png	671^	6^' 7 1	
1070	5456.png	737^	7^' 3 7	
1071	5456.png	464~	4^_ 6^_ 4	
1072	5456.png	40~	4^_ 0^_	
1073	5456.png	313^	3^' 1 3	
1074	5456.png	906~	9 0^_ 6	
1075	5456.png	207	2 0 7	
1076	5456.png	725	7 2 5	
1077	5456.png	71^	7^' 1	
1078	5456.png	642	6 4 2	
1079	5456.png	992	9 9 2	
1080	5456.png	"404"""	4^'' 0 4	
1081	5456.png	511^	5 1^' 1	
1082	5456.png	818~	8^_ 1^_ 8^_	D
1083	5456.png	801~	8 0^_ 1^_	
1084	5456.png	718^	7^' 1 8	n'ai
1085	5456.png	589^	5^' 8 9	
1086	5456.png	285^	2^' 8 5	
1087	5456.png	802=	8^__ 0^__ 2	
1088	5456.png	604=	6^__ 0 4	
1089	5456.png	"685"""	6^'' 8 5	gewoon
1090	5456.png	95=	9^__ 5^__	
1091	5456.png	"692"""	6^'' 9 2	
1092	5456.png	309^	3^' 0 9	ken
1093	5456.png	862^	8^' 6 2	
1094	5456.png	728=	7 2^__ 8	
1095	5456.png	207=	2 0^__ 7	
1096	5456.png	856	8 5 6	
1097	5456.png	164^	1^' 6 4	
1098	5456.png	980^	9^' 8 0	nut
1099	5456.png	268^	2^' 6 8	
1100	5456.png	"654"""	6^'' 5 4	der
1101	5456.png	97=	9^__ 7^__	e
1102	5456.png	341^	3^' 4 1	
1103	5456.png	352=	3^__ 5^__ 2	
1104	5456.png	122	1 2 2	
1105	5456.png	134~	1^_ 3^_ 4^_	
1106	5456.png	32~	3^_ 2^_	
1107	5456.png	300~	3 0^_ 0	
1108	5456.png	459=	4^__ 5^__ 9	
1109	5456.png	424=	4^__ 2^__ 4	
1110	5456.png	70^	7^' 0	
1111	5456.png	958	9 5 8	Tract van Lommerrie
1112	5456.png	71^	7^' 1	
1113	5456.png	686	6 8 6	
1114	5456.png	149=	1^__ 4^__ 9	
1115	5456.png	802=	8^__ 0^__ 2	
1116	5456.png	300~	3 0^_ 0^_	
1117	5456.png	299^	2^' 9 9	
1118	5456.png	460=	4 6^__ 0^__	
1119	5456.png	510=	5^__ 1^__ 0^__	Bessarabien
1120	5456.png	614	6 1 4	
1121	5456.png	271	2 7 1	l
1122	5456.png	88	8 8	
1123	5456.png	749=	7^__ 4^__ 9	
1124	5456.png	851=	8^__ 5^__ 1	
1125	5456.png	602=	6^__ 0^__ 2	
1126	5456.png	"685"""	6^'' 8 5	gewoon
1127	5456.png	"712"""	7^'' 1 2	
1128	5456.png	"838"""	8^'' 3 8	
1129	5456.png	"716"""	7^'' 1 6	
1130	5456.png	"485"""	4^'' 8 5	
1131	5456.png	"411"""	4^'' 1 1	
1132	5456.png	"714"""	7^'' 1 4	
1133	5456.png	"949"""	9^'' 4 9	
1134	5456.png	802=	8^__ 0^__ 2	
1135	5456.png	496=	4^__ 9^__ 6	Catharina
1136	5456.png	604=	6^__ 0^__ 4	
1137	5456.png	557=	5^__ 5^__ 7^__	
1138	5456.png	841=	8^__ 4^__ 1	
1139	5456.png	588	5 8 8	rantsoen
1140	5456.png	511=	5^__ 1^__ 1^__	
1141	5456.png	774=	7^__ 7^__ 4	
1142	5456.png	119	1 1 9	
1143	5456.png	18	1 8	
1144	5456.png	592=	5^__ 9^__ 2	
1145	5456.png	623=	6^__ 2^__ 3	
1146	5456.png	844=	8^__ 4^__ 4	
1147	5456.png	"554"""	5^'' 5 4	
1148	5456.png	598	5 9 8	regeeren
1149	5456.png	918	9 1 8	ste
1150	5456.png	71^	7^' 1	
1151	5456.png	70^	7^' 0	
1152	5456.png	841	8 4 1	reserv
1153	5456.png	614	6 1 4	
1154	5456.png	711^	7^' 1 1	mijn
1155	5456.png	236^	2^' 3 6	
1156	5456.png	143~	^_ 1^' 4 3	ai
1157	5456.png	858	8 5 8	
1158	5456.png	776	7 7 6	
1159	5456.png	922^	9^' 2 2	
1160	5456.png	578~	5^_ 7^_ 8	ss
1161	5456.png	418~	4^_ 1^_ 8	
1162	5456.png	561~	5^_ 6 1	
1163	5456.png	18~	1^_ 8^_	
1164	5456.png	45~	4^_ 5^_	gt
1165	5456.png	644~	6^_ 4^_ 4	
1166	5456.png	506~	5^_ 0^_ 6	is
1167	5456.png	967^	9^' 6 7	
1168	5456.png	968^	9^' 6 8	
1169	5456.png	571~	5^_ 7^_ 1	
1170	5456.png	357~	3 5^_ 7	
1171	5456.png	424~	4^_ 2^_ 4	ne
1172	5456.png	506~	5^_ 0^_ 6	is
1173	5456.png	200=	2^__ 0^__ 0	====
1174	5456.png	"189"""	1^'' 8 9	eerd
1175	5456.png	"256"""	2^'' 5 6	
1176	5456.png	383	3 8 3	
1177	5456.png	9~	^_ 9	
1178	5456.png	762	7 6 2	representant
1179	5456.png	435=	^_ 4^__ 3^__ 5	
1180	5456.png	634=	6^__ 3^__ 4	
1181	5456.png	149=	1^__ 4^__ 9^__	
1182	5457.png	344=	3 4^__ 4	
1183	5457.png	420=	4 2^__ 0	
1184	5457.png	560=	5^__ 6^__ 0	
1185	5457.png	496=	4^__ 9^__ 6	Catharina
1186	5457.png	564=	5^__ 6^__ 4	
1187	5457.png	396=	3^__ 9^__ 6	
1188	5457.png	610^	6^' 1 0	
1189	5457.png	"520"""	5^'' 2 0	
1190	5457.png	761^	7^' 6 1	
1191	5457.png	"262"""	2^'' 6 2	gedachte
1192	5457.png	710~	7^_ 1^_ 0^_	
1193	5457.png	193~	1^_ 9^_ 3^_	h
1194	5457.png	932^	9^' 3 2	
1195	5457.png	40	4 0	r
1196	5457.png	299	2 9 9	
1197	5457.png	167	1 6 7	
1198	5457.png	308	3 0 8	
1199	5457.png	170	1 7 0	
1200	5457.png	840	8 4 0	
1201	5457.png	83	8 3	onpas
1202	5457.png	93	9 3	
1203	5457.png	314	3 1 4	
1204	5457.png	239	2 3 9	
1205	5457.png	690^	6^' 9 0	mentionneeren
1206	5457.png	"539"""	5^'' 3 9	
1207	5457.png	"720"""	7^'' 2 0	hoop
1208	5457.png	"565"""	5^'' 6 5	
1209	5457.png	"539"""	5^'' 3 9	
1210	5457.png	"868"""	8^'' 6 8	
1211	5457.png	"493"""	4^'' 9 3	
1212	5457.png	"636"""	6^'' 3 6	hoe
1213	5457.png	100=	1^__ 0^__ 0^__	sch
1214	5457.png	94=	9^__ 4^__	s
1215	5457.png	"948"""	9^'' 4 8	
1216	5457.png	265~	2 6^_ 5	
1217	5457.png	642^	6^' 4 2	
1218	5457.png	35	3 5	
1219	5457.png	322	3 2 2	
1220	5457.png	119	1 1 9	
1221	5457.png	88	8 8	
1222	5457.png	634^	6^' 3 4	mijn
1223	5457.png	218^	2^' 1 8	
1224	5457.png	677=	6^__ 7^__ 7	
1225	5457.png	774=	7^__ 7^__ 4	
1226	5457.png	"14"""	1^'' 4	
1227	5457.png	481^	4^' 8 1	mijne
1228	5457.png	131~	1^_ 3^_ 1	
1229	5457.png	355~	3 5^_ 5^_	
1230	5457.png	898^	8^' 9 8	
1231	5457.png	102~	1^_ 0^_ 2^_	bedek
1232	5457.png	341^	3 4^' 1	
1233	5457.png	692~	^_ 6^' 9 2	
1234	5457.png	496^	4^' 9 6	
1235	5457.png	646^	6^' 4 6	neerd
1236	5457.png	207=	2^__ 0^__ 7	
1237	5457.png	768=	7^__ 6^__ 8	
1238	5457.png	"923"""	9^'' 2 3	
1239	5457.png	"626"""	6^'' 2 6	
1240	5457.png	843~	8^_ 4^_ 3	
1241	5457.png	265	2 6 5	ra
1242	5457.png	353~	3 5^_ 3	
1243	5457.png	77=	7^__ 7^__	====
1244	5457.png	841	8 4 1	reserv
1245	5457.png	265~	2^_ 6^_ 5	
1246	5457.png	"483"""	^_ 4^'' 8 3	
1247	5457.png	592=	5^__ 9^__ 2	
1248	5457.png	769=	7^__ 6^__ 9^__	
1249	5457.png	676=	6^__ 7^__ 6	
1250	5457.png	35	3 5	
1251	5457.png	585	5 8 5	
1252	5457.png	"261"""	2^'' 6 1	gebrek
1253	5457.png	"29"""	2^'' 9	
1254	5457.png	70^	7^' 0	
1255	5457.png	460=	4^__ 6^__ 0	
1256	5457.png	543=	5^__ 4^__ 3	
1257	5457.png	18^	1^' 8	
1258	5457.png	273	2 7 3	van
1259	5457.png	511=	5^__ 1^__ 1^__	
1260	5457.png	221	2 2 1	
1261	5457.png	"925"""	9 2^'' 5	haare
1262	5457.png	265	2 6 5	ra
1263	5457.png	320	3 2 0	
1264	5457.png	989^	9^' 8 9	oir
1265	5457.png	"582"""	5^'' 8 2	
1266	5457.png	"792"""	7^'' 9 2	
1267	5457.png	"493"""	4^'' 9 3	
1268	5457.png	732~	7^_ 3^_ 2^_	te
1269	5457.png	"263"""	2^'' 6 3	geduld
1270	5457.png	"333"""	3^'' 3 3	ga
1271	5457.png	764	7 6 4	
1272	5457.png	614	6 1 4	
1273	5457.png	538=	5^__ 3^__ 8	
1274	5457.png	397=	3 9^__ 7^__	
1275	5457.png	326~	3 2^_ 6	
1276	5457.png	538^	5^' 3 8	
1277	5457.png	730^	7^' 3 0	
1278	5457.png	39	3 9	
1279	5457.png	"923"""	9^'' 2 3	
1280	5457.png	111	1 1 1	
1281	5457.png	892	8 9 2	
1282	5457.png	242	2 4 2	
1283	5457.png	9	9	ontbloot
1284	5457.png	"448"""	4^'' 4 8	
1285	5457.png	510~	5^_ 1^_ 0^_	
1286	5457.png	244	2 4 4	
1287	5457.png	"801"""	8^'' 0 1	hij
1288	5457.png	"509"""	5^'' 0 9	van
1289	5457.png	447	4 4 7	
1290	5457.png	859	8 5 9	
1291	5457.png	39	3 9	
1292	5457.png	454~	4^_ 5^_ 4	
1293	5457.png	196^	1^' 9 6	
1294	5457.png	696~	6^_ 9^_ 6	
1295	5457.png	807	8 0 7	dat de
1296	5457.png	"68"""	6^'' 8	
1297	5457.png	318~	3 1^_ 8	
1298	5457.png	322^	3^' 2 2	kunnen
1299	5457.png	83	8 3	onpas
1300	5457.png	149~	1^_ 4^_ 9	als
1301	5457.png	65^	6^' 5	
1302	5457.png	"761"""	7^'' 6 1	
1303	5457.png	113~	1^_ 1^_ 3^_	
1304	5457.png	54	5 4	noop
1305	5457.png	349^	3^' 4 9	
1306	5457.png	319	3 1 9	
1307	5457.png	32~	3^_ 2^_	
1308	5457.png	73^	7^' 3	
1309	5457.png	296	2 9 6	
1310	5457.png	30	3 0	
1311	5457.png	127^	1^' 2 7	ik
1312	5457.png	776^	7^' 7 6	onregt
1313	5457.png	"325"""	3^'' 2 5	
1314	5457.png	"571"""	5^'' 7 1	
1315	5457.png	"852"""	8^'' 5 2	
1316	5457.png	921~	9 2^_ 1^_	dezelve
1317	5457.png	"336"""	3^'' 3 6	ge
1318	5457.png	954~	9 5^_ 4	eene
1319	5457.png	732~	7 3^_ 2	te
1320	5457.png	656~	6^_ 5^_ 6	
1321	5457.png	724~	7^_ 2^_ 4	
1322	5457.png	"31"""	3^'' 1	
1323	5457.png	365=	3^__ 6^__ 5	
1324	5457.png	447	4 4 7	
1325	5457.png	411=	4^__ 1^__ 1	
1326	5457.png	294^	2^' 9 4	
1327	5457.png	776^	7^' 7 6	onregt
1328	5457.png	293	2 9 3	
1329	5457.png	612	6 1 2	
1330	5457.png	116^	1 1^' 6	
1331	5457.png	139~	1 3^_ 9^_	
1332	5457.png	74^	7^' 4	
1333	5457.png	92~	9^_ 2^_	
1334	5457.png	313	3 1 3	
1335	5457.png	"114"""	1^'' 1 4	
1336	5457.png	460=	4^__ 6^__ 0^__	
1337	5457.png	46	4 6	
1338	5457.png	65^	6^' 5	
1339	5457.png	627~	6^_ 2^_ 7	
1340	5457.png	541^	5^' 4 1	
1341	5457.png	546^	5^' 4 6	
1342	5457.png	912~	9 1^_ 2	denk
1343	5457.png	"343"""	3^'' 4 3	geeven
1344	5457.png	651~	6^_ 5^_ 1	d
1345	5457.png	535=	5^__ 3^__ 5	
1346	5457.png	331=	3^__ 3^__ 1	====
1347	5457.png	50	5 0	niets
1348	5457.png	320	3 2 0	
1349	5457.png	989^	9^' 8 9	oir
1350	5457.png	178	1 7 8	
1351	5457.png	239	2 3 9	
1352	5457.png	903	9 0 3	
1353	5457.png	997	9 9 7	
1354	5457.png	111	1 1 1	
1355	5457.png	549	5 4 9	
1356	5457.png	502=	5^__ 0^__ 2^__	
1357	5457.png	520=	5^__ 2^__ 0^__	
1358	5457.png	344=	3^__ 4^__ 4	
1359	5457.png	496=	4^__ 9^__ 6	Catharina
1360	5457.png	769=	7^__ 6^__ 9^__	
1361	5457.png	193=	1^__ 9^__ 3^__	
1362	5457.png	842=	8^__ 4^__ 2	
1363	5457.png	420=	4^__ 2^__ 0	
1364	5457.png	604=	6^__ 0^__ 4	
1365	5457.png	774=	7^__ 7^__ 4	
1366	5457.png	340^	3^' 4 0	
1367	5457.png	511=	5^__ 1^__ 1^__	
1368	5457.png	325=	3^__ 2^__ 5	
1369	5457.png	246=	2^__ 4^__ 6	
1370	5457.png	222~	2^_ 2^_ 2	
1371	5457.png	283^	2^' 8 3	
1372	5457.png	518^	5^' 1 8	
1373	5457.png	746^	7 4^' 6	
1374	5457.png	818~	8 1^_ 8^_	D
1375	5457.png	712^	7^' 1 2	....
1376	5457.png	742^	7^' 4 2	niettegenstaande
1377	5457.png	645^	6^' 4 5	
1378	5457.png	218^	2^' 1 8	
1379	5457.png	816^	8^' 1 6	ten
1380	5457.png	81^	8^' 1	
1381	5457.png	814~	8^_ 1^_ 4	
1382	5457.png	"29"""	2^'' 9	
1383	5457.png	402~	4^_ 0^_ 2^_	
1384	5457.png	567~	5^_ 6^_ 7^_	
1385	5457.png	989~	9 8^_ 9	denkbeeld
1386	5457.png	"186"""	^_ 1^'' 8 6	eenig
1387	5457.png	"256"""	2^'' 5 6	
1388	5457.png	"14"""	1^'' 4	
1389	5457.png	734~	7^_ 3^_ 4	dat
1390	5457.png	125~	1^_ 2^_ 5^_	van
1391	5457.png	645^	6^' 4 5	
1392	5457.png	505~	5 0^_ 5^_	en de
1393	5457.png	511=	5^__ 1^__ 1	
1394	5457.png	376~	3 7^_ 6	
1395	5457.png	238^	2^' 3 8	komt
1396	5457.png	510=	5^__ 1^__ 0^__	Bessarabien
1397	5457.png	"718"""	7^'' 1 8	hoofd
1398	5457.png	634=	6^__ 3^__ 4	
1399	5457.png	396=	3^__ 9^__ 6	
1400	5457.png	459=	4 5^__ 9	
1401	5457.png	520=	5^__ 2^__ 0^__	
1402	5457.png	550	5 5 0	
1403	5457.png	71^	7^' 1	
1404	5457.png	"852"""	8^'' 5 2	
1405	5457.png	"564"""	5^'' 6 4	
1406	5457.png	"341"""	3^'' 4 1	
1407	5457.png	"336"""	3^'' 3 6	ge
1408	5457.png	"342"""	3^'' 4 2	geensints
1409	5457.png	954~	9^_ 5^_ 4	eene
1410	5457.png	732~	7^_ 3^_ 2^_	te
1411	5457.png	656~	6^_ 5^_ 6	
1412	5457.png	"333"""	3^'' 3 3	ga
1413	5457.png	"338"""	3^'' 3 8	gebruik
1414	5457.png	245^	2^' 4 5	
1415	5458.png	131~	1 3^_ 1^_	
1416	5458.png	508~	5 0^_ 8^_	
1417	5458.png	594^	5 9^' 4	
1418	5458.png	313	3 1 3	
1419	5458.png	302~	3 0^_ 2^_	
1420	5458.png	194=	1^__ 9^__ 4^__	
1421	5458.png	294^	2^' 9 4	
1422	5458.png	109^	1 0^' 9	limit
1423	5458.png	704	7 0 4	
1424	5458.png	657	6 5 7	t
1425	5458.png	127^	1^' 2 7	ik
1426	5458.png	35=	3^__ 5^__	
1427	5458.png	"628"""	6^'' 2 8	
1428	5458.png	100=	1^__ 0^__ 0^__	sch
1429	5458.png	"431"""	4^'' 3 1	r
1430	5458.png	66^	6^' 6	
1431	5458.png	8^	8^'	
1432	5458.png	922^	9^' 2 2	
1433	5458.png	"114"""	1 1^'' 4	
1434	5458.png	365~	3^_ 6^_ 5	
1435	5458.png	65^	6^' 5	
1436	5458.png	126	1 2 6	
1437	5458.png	"483"""	4^'' 8 3	
1438	5458.png	77=	7^__ 7^__	====
1439	5458.png	807	8 0 7	dat de
1440	5458.png	"852"""	8^'' 5 2	
1441	5458.png	921~	9 2^_ 1	dezelve
1442	5458.png	758~	7^_ 5^_ 8^_	
1443	5458.png	"266"""	2^'' 6 6	geeven
1444	5458.png	910~	9^_ 1^_ 0	
1445	5458.png	973	9 7 3	
1446	5458.png	817	8 1 7	
1447	5458.png	389	3 8 9	
1448	5458.png	67^	6^' 7	
1449	5458.png	127=	1 2^__ 7^__	
1450	5458.png	73^	7 3^'	
1451	5458.png	7^	7^'	
1452	5458.png	"360"""	3^'' 6 0	
1453	5458.png	300~	3 0^_ 0^_	
1454	5458.png	826	8 2 6	reeds
1455	5458.png	389	3 8 9	
1456	5458.png	820	8 2 0	ratificeren
1457	5458.png	72^	7^' 2	is
1458	5458.png	188	1 8 8	
1459	5458.png	617^	6^' 1 7	
1460	5458.png	326~	3^_ 2^_ 6	
1461	5458.png	302~	3 0^_ 2^_	
1462	5458.png	313	3 1 3	
1463	5458.png	32~	3^_ 2^_	
1464	5458.png	322~	3^_ 2^_ 2^_	
1465	5458.png	353~	3 5^_ 3	
1466	5458.png	546^	5^' 4 6	
1467	5458.png	207=	2 0^__ 7^__	
1468	5458.png	768=	7^__ 6^__ 8^__	
1469	5458.png	422^	4^' 2 2	der
1470	5458.png	"241"""	2^'' 4 1	
1471	5458.png	165~	1^_ 6^_ 5^_	
1472	5458.png	345~	3^_ 4^_ 5	
1473	5458.png	417~	4^_ 1^_ 7^_	
1474	5458.png	354~	3^_ 5^_ 4	
1475	5458.png	733~	7^_ 3^_ 3	zijn
1476	5458.png	911~	9^_ 1^_ 1	
1477	5458.png	54	5 4	noop
1478	5458.png	613~	^_ 6 1 3	
1479	5458.png	369	3 6 9	
1480	5458.png	621=	6^__ 2^__ 1	
1481	5458.png	775=	7 7^__ 5	
1482	5458.png	"305"""	3^'' 0 5	
1483	5458.png	651~	6^_ 5^_ 1^_	d
1484	5458.png	"114"""	1^'' 1 4	
1485	5458.png	"28"""	2^'' 8	
1486	5458.png	959~	9 5^_ 9	
1487	5458.png	909^	9^' 0 9	
1488	5458.png	269~	2^_ 6^_ 9^_	e
1489	5458.png	50	5 0	niets
1490	5458.png	"998"""	^_ 9^'' 9 8	
1491	5458.png	"636"""	6^'' 3 6	hoe
1492	5458.png	"734"""	7^'' 3 4	r
1493	5458.png	93=	9^__ 3^__	
1494	5458.png	554	5 5 4	====
1495	5458.png	71^	7^' 1	
1496	5458.png	456~	4^_ 5^_ 6	
1497	5458.png	345~	3 4^_ 5^_	
1498	5458.png	842~	8^_ 4^_ 2	
1499	5458.png	"113"""	1^'' 1 3	
1500	5458.png	"184"""	1^'' 8 4	
1501	5458.png	656~	6^_ 5^_ 6	
1502	5458.png	"112"""	1 1^'' 2	
1503	5458.png	704	7 0 4	
1504	5458.png	994	9 9 4	
1505	5458.png	499	4 9 9	
1506	5458.png	967	9 6 7	aa
1507	5458.png	510=	5 1^__ 0	Bessarabien
1508	5458.png	"531"""	5^'' 3 1	et
1509	5458.png	814~	8^_ 1^_ 4	
1510	5458.png	"29"""	2^'' 9	
1511	5458.png	"571"""	5^'' 7 1	
1512	5458.png	"923"""	9^'' 2 3	
1513	5458.png	417~	4^_ 1^_ 7	
1514	5458.png	842~	8^_ 4^_ 2^_	
1515	5458.png	244	2 4 4	
1516	5458.png	"114"""	1^'' 1 4	
1517	5458.png	115	1 1 5	de
1518	5458.png	575^	5 7^' 5	aat
1519	5458.png	539=	5^__ 3^__ 9	
1520	5458.png	696^	6 9^' 6	de minister van
1521	5458.png	218^	2^' 1 8	
1522	5458.png	816^	8^' 1 6	ten
1523	5458.png	357^	3^' 5 7	loop
1524	5458.png	383=	3^__ 8^__ 3^__	
1525	5458.png	460=	4 6^__ 0	
1526	5458.png	208=	2^__ 0^__ 8	
1527	5458.png	207=	2^__ 0^__ 7	
1528	5458.png	768=	7 6^__ 8^__	
1529	5458.png	265	2 6 5	ra
1530	5458.png	775	7 7 5	
1531	5458.png	676=	6^__ 7^__ 6	
1532	5458.png	221	2 2 1	
1533	5458.png	39	3 9	
1534	5458.png	273	2 7 3	van
1535	5458.png	186~	1 8^_ 6	beleid
1536	5458.png	968^	9^' 6 8	
1537	5458.png	116~	1^_ 1^_ 6^_	
1538	5458.png	890^	8^' 9 0	er
1539	5458.png	"778"""	7 7^'' 8	hebbende
1540	5458.png	"950"""	9^'' 5 0	
1541	5458.png	24=	2^__ 4^__	
1542	5458.png	93=	9^__ 3^__	
1543	5458.png	163=	1^__ 6^__ 3^__	
1544	5458.png	"676"""	6^'' 7 6	gereed
1545	5458.png	802=	8^__ 0^__ 2	
1546	5458.png	697=	6^__ 9^__ 7^__	
1547	5458.png	456~	4^_ 5^_ 6	
1548	5458.png	826^	8^' 2 6	
1549	5458.png	274~	2^_ 7^_ 4	aat
1550	5458.png	581~	5^_ 8^_ 1^_	
1551	5458.png	299=	2 9^__ 9	kk
1552	5458.png	778=	7^__ 7^__ 8^__	
1553	5458.png	851=	8^__ 5^__ 1^__	
1554	5458.png	625=	6^__ 2^__ 5	
1555	5458.png	849=	8^__ 4^__ 9^__	
1556	5458.png	"112"""	1^'' 1 2	
1557	5458.png	"325"""	3^'' 2 5	
1558	5458.png	146=	1^__ 4^__ 6	
1559	5458.png	65^	6^' 5	
1560	5458.png	714~	7 1^_ 4^_	
1561	5458.png	"483"""	4^'' 8 3	
1562	5458.png	559^	5^' 5 9	....
1563	5458.png	602=	6^__ 0^__ 2^__	
1564	5458.png	743~	7^_ 4^_ 3^_	bevel
1565	5458.png	"448"""	4^'' 4 8	
1566	5458.png	685^	6^' 8 5	meeste
1567	5458.png	622^	6^' 2 2	misschien
1568	5458.png	549^	5^' 4 9	
1569	5458.png	668^	6 6^' 8	
1570	5458.png	215^	2^' 1 5	
1571	5458.png	273	2 7 3	van
1572	5458.png	"868"""	8^'' 6 8	
1573	5458.png	16~	1 6^_	
1574	5458.png	908^	9^' 0 8	
1575	5458.png	165~	1^_ 6^_ 5^_	
1576	5458.png	581~	5 8^_ 1^_	
1577	5458.png	91~	9 1^_	
1578	5458.png	572~	5^_ 7^_ 2^_	
1579	5458.png	572~	5^_ 7^_ 2	
1580	5458.png	262	2 6 2	questie
1581	5458.png	955	9 5 5	
1582	5458.png	925	9 2 5	stu
1583	5458.png	780~	7^_ 8^_ 0^_	
1584	5458.png	"187"""	1^'' 8 7	eens
1585	5458.png	"333"""	3^'' 3 3	ga
1586	5458.png	"342"""	3^'' 4 2	geensints
1587	5458.png	88^	8^' 8	
1588	5458.png	849	8 4 9	
1589	5458.png	997	9 9 7	
1590	5458.png	"770"""	7^'' 7 0	
1591	5458.png	"921"""	9^'' 2 1	
1592	5458.png	"736"""	7^'' 3 6	aan
1593	5458.png	94=	9^__ 4^__	s
1594	5458.png	30	3 0	
1595	5458.png	858	8 5 8	
1596	5458.png	578	5 7 8	
1597	5458.png	318~	3 1^_ 8^_	
1598	5458.png	66^	6^' 6	
1599	5458.png	"411"""	4^'' 1 1	
1600	5458.png	551^	5^' 5 1	
1601	5458.png	35=	3^__ 5^__	
1602	5458.png	"123"""	1 2^'' 3	
1603	5458.png	461~	4^_ 6^_ 1^_	
1604	5458.png	7^	7^'	
1605	5458.png	336^	3 3^' 6	leven
1606	5458.png	"413"""	4^'' 1 3	ge
1607	5458.png	313	3 1 3	
1608	5458.png	"29"""	2^'' 9	
1609	5458.png	840	8 4 0	
1610	5458.png	44=	4 4^__	
1611	5458.png	71^	7^' 1	
1612	5458.png	838^	8^' 3 8	
1613	5458.png	66^	6^' 6	
1614	5458.png	65^	6^' 5	
1615	5458.png	275	2 7 5	
1616	5458.png	844~	8 4^_ 4^_	dezelve
1617	5458.png	477	4 7 7	
1618	5458.png	"536"""	5^'' 3 6	
1619	5458.png	66^	6^' 6	
1620	5458.png	505	5 0 5	
1621	5458.png	511=	5 1^__ 1^__	
1622	5458.png	32~	3 2^_	
1623	5458.png	353~	3 5^_ 3^_	
1624	5458.png	198~	1 9^_ 8^_	
1625	5458.png	"625"""	6^'' 2 5	
1626	5458.png	43~	4 3^_	
1627	5458.png	730^	7^' 3 0	
1628	5458.png	418~	4^_ 1^_ 8^_	
1629	5458.png	65^	6^' 5	
1630	5458.png	"925"""	9^'' 2 5	haare
1631	5458.png	449=	4 4^__ 9	Keizer Alexander
1632	5458.png	167~	1 6^_ 7^_	
1633	5458.png	"950"""	9^'' 5 0	
1634	5458.png	66^	6^' 6	
1635	5458.png	"625"""	6^'' 2 5	
1636	5458.png	146^	1^' 4 6	inzigt
1637	5458.png	509=	5 0^__ 9^__	
1638	5458.png	828	8 2 8	
1639	5458.png	"112"""	1^'' 1 2	
1640	5458.png	"974"""	9^'' 7 4	ik ben
1641	5458.png	"483"""	4^'' 8 3	
1642	5458.png	77=	7^__ 7^__	====
1643	5458.png	785~	7 8^_ 5^_	
1644	5458.png	429=	4^__ 2^__ 9	
1645	5458.png	"114"""	1 1^'' 4	
1646	5458.png	"483"""	4^'' 8 3	
1647	5458.png	119~	1^_ 1^_ 9^_	
1648	5458.png	569^	5^' 6 9	
1649	5458.png	521~	5^_ 2^_ 1^_	blijven
1650	5458.png	"801"""	8^'' 0 1	hij
1651	5458.png	336^	3^' 3 6	leven
1652	5458.png	531^	5^' 3 1	meermalen
1653	5458.png	70^	7^' 0	
1654	5458.png	134~	1^_ 3^_ 4	
1655	5458.png	101=	1^__ 0^__ 1^__	
1656	5458.png	300~	3^_ 0^_ 0^_	
1657	5458.png	198~	1 9^_ 8^_	
1658	5458.png	"114"""	1 1^'' 4	
1659	5458.png	119~	1^_ 1^_ 9	
1660	5458.png	73^	7^' 3	
1661	5458.png	"324"""	3 2^'' 4	finantie
1662	5458.png	18~	1^_ 8^_	
1663	5458.png	"112"""	1 1^'' 2	
1664	5458.png	73^	7^' 3	
1665	5458.png	301=	3^__ 0^__ 1^__	
1666	5458.png	447	4 4 7	
1667	5458.png	638^	6^' 3 8	
1668	5458.png	65^	6^' 5	
1669	5458.png	988~	9 8^_ 8	demarche
1670	5458.png	318~	3 1^_ 8^_	
1671	5458.png	65^	6^' 5	
1672	5458.png	816~	8 1^_ 6	ve
1673	5458.png	322~	3 2^_ 2	
1674	5458.png	35	3 5	
1675	5458.png	"448"""	4^'' 4 8	
1676	5458.png	78	7 8	
1677	5458.png	"531"""	5^'' 3 1	et
1678	5458.png	44^	4^' 4	bij
1679	5458.png	872~	8^_ 7^_ 2	====
1680	5458.png	"329"""	3^'' 2 9	
1681	5458.png	39	3 9	
1682	5458.png	841=	8^__'' 4 1	
1683	5458.png	332~	3 3^_ 2	
1684	5458.png	185	1 8 5	quelque
1685	5458.png	"118"""	1 1^'' 8	te
1686	5458.png	66^	6^' 6	
1687	5458.png	"448"""	4^'' 4 8	
1688	5458.png	417^	4^' 1 7	
1689	5458.png	39	3 9	
1690	5458.png	511	5 1 1	
1691	5458.png	903	9 0 3	
1692	5458.png	473	4 7 3	
1693	5458.png	135~	1 3^_ 5^_	
1694	5458.png	550	5 5 0	
1695	5458.png	65^	6^' 5	
1696	5458.png	671=	6 7^__ 1^__	
1697	5458.png	126	1 2 6	
1698	5458.png	"448"""	4^'' 4 8	
1699	5458.png	784	7 8 4	
1700	5458.png	66^	6^' 6	
1701	5458.png	353~	3 5^_ 3	
1702	5458.png	71^	7^' 1	
1703	5458.png	550^	5^' 5 0	
1704	5458.png	155	1 5 5	
1705	5458.png	423^	4^' 2 3	
1706	5458.png	"29"""	2^'' 9	
1707	5458.png	592=	5^__ 9^__ 2	
1708	5458.png	"93"""	9 3^''	
1709	5458.png	664	6 6 4	
1710	5458.png	418~	^_ 4^_ 1^_ 8	
1711	5458.png	761	7 6 1	
1712	5458.png	"907"""	9^'' 0 7	gerust
1713	5458.png	71^	7^' 1	
1714	5458.png	7^	7^'	
1715	5458.png	624	6 2 4	
1716	5458.png	636~	6^_ 3^_ 6^_	
1717	5458.png	617^	6 1^' 7	
1718	5458.png	66	6 6	
1719	5458.png	447	4 4 7	
1720	5458.png	946	9 4 6	
1721	5458.png	480^	4 8^' 0	mij
1722	5458.png	"114"""	1 1^'' 4	
1723	5458.png	35	3 5	
1724	5458.png	"531"""	5^'' 3 1	et
1725	5458.png	116^	1 1^' 6	
1726	5458.png	66^	6 6^'	
1727	5458.png	"861"""	8 6^'' 1	
1728	5458.png	354=	3^__ 5^__ 4	
1729	5458.png	418~	4 1^_ 8	
1730	5458.png	958^	9 5^' 8	overig
1731	5458.png	730^	7^' 3 0	
1732	5458.png	194~	1^_ 9^_ 4	me
1733	5458.png	106	1 0 6	
1734	5458.png	376~	3 7^_ 6	
1735	5458.png	65^	6 5^'	
1736	5458.png	35=	3^__ 5^__	
1737	5458.png	121	1 2 1	den
1738	5458.png	730^	7^' 3 0	
1739	5458.png	8^	8^'	
1740	5458.png	32~	3^_ 2^_	
1741	5458.png	"448"""	4^'' 4 8	
1742	5458.png	677=	6 7^__ 7^__	
1743	5458.png	"411"""	4^'' 1 1	
1744	5458.png	65^	6^' 5	
1745	5458.png	865	8 6 5	
1746	5458.png	54	5 4	noop
1747	5458.png	"483"""	4 8^'' 3	
1748	5458.png	241=	2^__ 4^__ 1	
1749	5458.png	946	9 4 6	
1750	5459.png	119~	1 1^_ 9^_	
1751	5459.png	181=	1^__ 8^__ 1	
1752	5459.png	194~	1^_ 9^_ 4	me
1753	5459.png	146^	1^' 4 6	inzigt
1754	5459.png	569^	5^' 6 9	
1755	5459.png	620^	6^' 2 0	minst
1756	5459.png	"615"""	6^'' 1 5	
1757	5459.png	337^	3^' 3 7	
1758	5459.png	184	1 8 4	
1759	5459.png	617^	6^' 1 7	
1760	5459.png	946	9 4 6	
1761	5459.png	546^	5^' 4 6	
1762	5459.png	"411"""	4^'' 1 1	
1763	5459.png	918~	9^_ 1^_ 8	
1764	5459.png	"483"""	4^'' 8 3	
1765	5459.png	"112"""	1 1^'' 2	
1766	5459.png	721	7 2 1	
1767	5459.png	319	3 1 9	
1768	5459.png	66^	6^' 6	
1769	5459.png	413	4 1 3	
1770	5459.png	"311"""	3 1^'' 1	
1771	5459.png	511=	5^__ 1^__ 1^__	
1772	5459.png	116^	1 1^' 6	
1773	5459.png	274~	2 7^_ 4^_	aat
1774	5459.png	65^	6^' 5	
1775	5459.png	592=	5 9^__ 2^__	
1776	5459.png	"93"""	9 3^''	
1777	5459.png	126	1 2 6	
1778	5459.png	"411"""	4 1^'' 1	
1779	5459.png	879=	8^__ 7^__ 9^__	
1780	5459.png	336^	3^' 3 6	leven
1781	5459.png	840	8 4 0	
1782	5459.png	73^	7^' 3	
1783	5459.png	11	1 1	onthoud
1784	5459.png	144	1 4' 4	
1785	5459.png	643	6 4 3	
1786	5459.png	311	3 1 1	
1787	5459.png	66^	6^' 6	
1788	5459.png	304=	3 0^__ 4^__	
1789	5459.png	717~	7 1^_ 7^_	
1790	5459.png	146	1 4 6	
1791	5459.png	244	2 4 4	
1792	5459.png	313	3 1 3	
1793	5459.png	973	9 7 3	
1794	5459.png	"950"""	9 5^'' 0	
1795	5459.png	66^	6^' 6	
1796	5459.png	336^	3^' 3 6	leven
1797	5459.png	45	4 5	
1798	5459.png	244	2 4 4	
1799	5459.png	401~	4 0^_ 1^_	
1800	5459.png	766	7 6 6	
1801	5459.png	311	3 1 1	
1802	5459.png	353=	3 5^__ 3^__	
1803	5459.png	846	8 4 6	resultaat
1804	5459.png	"603"""	6^'' 0 3	get
1805	5459.png	916	9 1 6	
1806	5459.png	773~	7 7^_ 3^_	
1807	5459.png	66^	6^' 6	
1808	5459.png	259^	2 5^' 9	
1809	5459.png	274~	2^_ 7^_ 4^_	aat
1810	5459.png	65^	6^' 5	
1811	5459.png	671=	6^__ 7^__ 1^__	
1812	5459.png	126	1 2 6	
1813	5459.png	418~	4 1^_ 8^_	
1814	5459.png	"448"""	4 4^'' 8	
1815	5459.png	98^	9^' 8	langs
1816	5459.png	66^	6^' 6	
1817	5459.png	511=	5 1^__ 1^__	
1818	5459.png	122	1 2 2	
1819	5459.png	460=	4 6^__ 0	
1820	5459.png	832	8 3 2	
1821	5459.png	340^	3^' 4 0	
1822	5459.png	376=	3 7^__ 6	
1823	5459.png	826^	8^' 2 6	
1824	5459.png	721^	7^' 2 1	
1825	5459.png	"204"""	2^'' 0 4	
1826	5459.png	195=	^_ 1^__ 9^__ 5	====
1827	5459.png	66^	6^' 6	
1828	5459.png	8^	8^'	
1829	5459.png	241=	2^__ 4^__ 1^__	
1830	5459.png	"9"""	9^''	
1831	5459.png	642^	6^' 4 2	
1832	5459.png	35	3 5	
1833	5459.png	35=	3^__ 5^__	
1834	5459.png	807	8 0 7	dat de
1835	5459.png	144^	1 4^' 4	
1836	5459.png	"114"""	1 1^'' 4	
1837	5459.png	766	7 6 6	
1838	5459.png	167	1 6 7	
1839	5459.png	"531"""	5^'' 3 1	et
1840	5459.png	510=	5^__ 1^__ 0	Bessarabien
1841	5459.png	171	1 7 1	====
1842	5459.png	916	9 1 6	
1843	5459.png	"589"""	5^'' 8 9	
1844	5459.png	262	2 6 2	questie
1845	5459.png	"761"""	7^'' 6 1	
1846	5459.png	521~	5 2^_ 1^_	blijven
1847	5459.png	206^	2 0^' 6	ik verneem
1848	5459.png	613^	6 1^' 3	
1849	5459.png	914^	9 1^' 4	om
1850	5459.png	418~	4^_ 1^_ 8^_	
1851	5459.png	98^	9^' 8	langs
1852	5459.png	66^	6^' 6	
1853	5459.png	445=	^_ 4^__ 4^__ 5	
1854	5459.png	18~	1^_ 8^_	
1855	5459.png	"411"""	4^'' 1 1	
1856	5459.png	312=	3^__ 1^__ 2^__	
1857	5459.png	620^	6^' 2 0	minst
1858	5459.png	643~	6^_ 4^_ 3^_	
1859	5459.png	447	4 4 7	
1860	5459.png	241=	2^__ 4^__ 1	
1861	5459.png	946	9 4 6	
1862	5459.png	119~	1^_ 1^_ 9^_	
1863	5459.png	181=	1^__ 8^__ 1^__	
1864	5459.png	194~	1^_ 9^_ 4^_	me
1865	5459.png	146^	1^' 4 6	inzigt
1866	5459.png	569^	5^' 6 9	
1867	5459.png	620^	6^' 2 0	minst
1868	5459.png	460=	4^__ 6^__ 0	
1869	5459.png	"114"""	1 1^'' 4	
1870	5459.png	766	7 6 6	
1871	5459.png	167	1 6 7	
1872	5459.png	642^	6^' 4 2	
1873	5459.png	241~	2 4^_ 1^_	as
1874	5459.png	66^	6^' 6	
1875	5459.png	726^	7^' 2 6	
1876	5459.png	27~	2 7^_	
1877	5459.png	840	8 4 0	
1878	5459.png	144^	1 4^' 4	
1879	5459.png	83	8 3	onpas
1880	5459.png	146^	1 4^' 6	inzigt
1881	5459.png	365~	3 6^_ 5^_	
1882	5459.png	761	7 6 1	
1883	5459.png	485~	4 8^_ 5	
1884	5459.png	"582"""	5^'' 8 2	
1885	5459.png	"571"""	5 7^'' 1	
1886	5459.png	"925"""	9^'' 2 5	haare
1887	5459.png	816~	8 1^_ 6^_	ve
1888	5459.png	65~	^_ 6^' 5	
1889	5459.png	"123"""	1 2^'' 3	
1890	5459.png	144^	1 4^' 4	
1891	5459.png	"114"""	1 1^'' 4	
1892	5459.png	365~	3 6^_ 5^_	
1893	5459.png	71^	7 1^'	
1894	5459.png	"852"""	8^'' 5 2	
1895	5459.png	11	1 1	onthoud
1896	5459.png	313	3 1 3	
1897	5459.png	146^	1^' 4 6	inzigt
1898	5459.png	973	9 7 3	
1899	5459.png	43~	4^_ 3^_	
1900	5459.png	"411"""	4^'' 1 1	
1901	5459.png	617^	6 1^' 7	
1902	5459.png	171	1 7 1	====
1903	5459.png	336^	3 3^' 6	leven
1904	5459.png	244	2 4 4	
1905	5459.png	319	3 1 9	
1906	5459.png	32~	3 2^_	
1907	5459.png	"112"""	1 1^'' 2	
1908	5459.png	52=	5^__ 2^__	
1909	5459.png	"411"""	4 1^'' 1	
1910	5459.png	"112"""	1 1^'' 2	
1911	5459.png	566	5 6 6	
1912	5459.png	"571"""	5 7^'' 1	
1913	5459.png	542^	5^' 4 2	ministratie
1914	5459.png	756^	7^' 5 6	
1915	5459.png	"483"""	4 8^'' 3	
1916	5459.png	"276"""	2 7^'' 6	
1917	5459.png	832	8 3 2	
1918	5459.png	66^	6^' 6	
1919	5459.png	"483"""	4^'' 8 3	
1920	5459.png	761	7 6 1	
1921	5459.png	563^	5^' 6 3	
1922	5459.png	"29"""	2^'' 9	
1923	5459.png	534=	5^__ 3^__ 4	
1924	5459.png	"553"""	5^'' 5 3	ficatie
1925	5459.png	553^	5 5^' 3	
1926	5459.png	231=	2^__ 3^__ 1	
1927	5459.png	66^	6^' 6	
1928	5459.png	382=	3^__ 8^__ 2^__	
