index	base_number	proposed_plaintext	R1040_raw_variants
1	266	deministervan	2^'' 6 6
2	376	pruissen	3 7 6 | 3 7^_ 6 | 3 7^__ 6 | 3^_ 7^_ 6
3	221	heeft	2 2 1
4	564	voor	5^'' 6 4 | 5^__ 6^__ 4
5	464	eenige	4^_ 6^_ 4
9	23	gedaan	2^_ 3^_ | 2^__ 3^__
11	659	dithof	6^_ 5^_ 9^_
15	39	g	3 9
17	575	van	5 7 5 | 5 7^' 5 | 5^' 7 5 | 5^_ 7^_ 5^_
18	137	zig	1 3 7
19	49	deconcert	4^__ 9^__
22	358	ber	3^_ 5^_ 8
23	483	lij	4 8^'' 3 | 4^'' 8 3 | 4^__ 8^__ 3 | ^_ 4^'' 8 3
24	290	n	2^_ 9^_ 0^_
25	429	en	4^_ 2^_ 9^_ | 4^__ 2^__ 9
26	32	l	3 2^_ | 3^_ 2^_
28	497	den	4 9^__ 7
34	21	vanden	2^__ 1^__
35	70	heer	7^' 0 | ^_ 7^' 0
36	766	erf	7 6 6
38	366	in	3^_ 6^_ 6
39	368	den	3^' 6 8 | 3^'' 6 8
40	92	u	9^_ 2^_
41	446	plaats	4^_ 4^_ 6
43	234	verschil	2^'' 3 4
45	87	en	8 7^_
48	404	te	4^' 0 4 | 4^'' 0 4
50	435	m	^_ 4^__ 3^__ 5
55	480	mij	4 8^' 0 | 4^' 8 0
56	222	is	2 2^_ 2 | 2^_ 2^_ 2 | 2^_ 2^_ 2^_
59	200	dat	2^_ 0^_ 0 | 2^__ 0^__ 0
60	462	het	4^'' 6 2
62	429	geweestis	4^_ 2^_ 9^_ | 4^__ 2^__ 9
63	239	dat	2 3 9
64	497	men	4 9^__ 7
65	311	niet	3 1 1 | 3 1^'' 1
67	98	te	9^' 8 | 9^__ 8^__ | ^_ 9^__ 8^__
68	239	vre	2 3 9
69	498	e	4 9 8
70	931	de	9 3 1
71	506	was	5 0^_ 6 | 5^_ 0^_ 6 | 5^_ 0^_ 6^_
72	499	over	4 9 9 | 4^_ 9^_ 9
75	949	w	9^'' 4 9
78	789	i	7 8 9
80	685	ge	6^' 8 5 | 6^'' 8 5
82	382	g	3^__ 8^__ 2^__
83	757	d	7^'' 5 7
84	446	hadde	4^_ 4^_ 6
85	410	goede	4^'' 1 0
87	108	in	1^'' 0 8
88	285	andere	2^' 8 5
89	457	ge	4^__ 5^__ 7
90	276	vallen	2 7^'' 6
91	480	aanhaar	4 8^' 0 | 4^' 8 0
92	239	ge	2 3 9
93	498	geven	4 9 8
94	290	endat	2^_ 9^_ 0^_
95	252	men	2^'' 5 2
96	688	z	6^'' 8 8
97	931	i	9 3 1
101	16	lie	1 6^' | 1 6^_ | 1^' 6
102	345	ver	3 4^_ 5^_ | 3^_ 4^_ 5
103	101	hier	1^__ 0^__ 1^__
104	290	niet	2^_ 9^_ 0^_
105	289	kon	2^__ 8^__ 9
106	949	in	9^'' 4 9
108	710	ten	7^' 1 0 | 7^_ 1^_ 0^_
111	396	aan	3^__ 9^__ 6
112	598	z	5 9 8 | 5^_ 9^_ 8
113	654	i	6^'' 5 4
115	446	h	4^_ 4^_ 6
116	97	zelf	9^__ 7^__
117	447	over	4 4 7
118	299	lie	2 9 9 | 2 9^' 9 | 2 9^__ 9 | 2^' 9 9 | 2^'' 9 9 | 2^__ 9^__ 9
123	696	h	6 9 6 | 6 9^' 6 | 6^_ 9^_ 6
124	317	ter	3 1 7 | 3^_ 1^_ 7
125	41	ge	4 1^_
126	575	inform	5 7 5 | 5 7^' 5 | 5^' 7 5 | 5^_ 7^_ 5^_
128	149	te	1 4^_ 9 | 1 4^__ 9^__ | 1^' 4 9 | 1^_ 4^_ 9 | 1^__ 4^__ 9 | 1^__ 4^__ 9^__
130	247	dat	2 4 7 | 2^'' 4 7
131	554	er	5 5 4 | 5^'' 5 4
133	723	e	7 2 3
134	697	in	6^__ 9^__ 7 | 6^__ 9^__ 7^__
136	506	tant	5 0^_ 6 | 5^_ 0^_ 6 | 5^_ 0^_ 6^_
138	96	en	9^' 6
140	423	zijn	4^' 2 3
141	405	doch	4^'' 0 5 | 4^__ 0^__ 5
142	420	met	4 2^__ 0 | 4^'' 2 0 | 4^__ 2^__ 0 | ^_ 4^__ 2 0
143	410	welk	4^'' 1 0
145	149	weet	1 4^_ 9 | 1 4^__ 9^__ | 1^' 4 9 | 1^_ 4^_ 9 | 1^__ 4^__ 9 | 1^__ 4^__ 9^__
146	384	ik	3^__ 8^__ 4 | ^_ 3^__ 8^__ 4
150	697	dit	6^__ 9^__ 7 | 6^__ 9^__ 7^__
151	122	nader	1 2 2 | 1^_ 2^_ 2^_
152	893	onderzoek	8 9^__ 3 | 8^' 9 3
154	790	doch	7 9 0
155	424	uiteen	4^_ 2^_ 4 | 4^__ 2^__ 4
156	96	e	9^' 6
157	410	conferentie	4^'' 1 0
158	296	die	2 9 6 | 2^'' 9 6
159	415	ik	4^_ 1^_ 5^_
160	685	met	6^' 8 5 | 6^'' 8 5
161	686	den	6 8 6
162	91	graaf	9 1^_
163	397	o	3 9^__ 7^__ | ^_ 3 9 7
165	618	ter	6^' 1 8
168	460	z	4 6^__ 0 | 4 6^__ 0^__ | 4^__ 6^__ 0 | 4^__ 6^__ 0^__ | ^_ 4^__ 6^__ 0
169	430	es	4^_ 3^_ 0^_
170	435	wek	^_ 4^__ 3^__ 5
171	239	en	2 3 9
173	668	heb	6 6^' 8
177	189	besluit	1 8^' 9 | 1^' 8 9 | 1^'' 8 9
178	280	endat	2^'' 8 0
181	566	vande	5 6 6
182	564	hand	5^'' 6 4 | 5^__ 6^__ 4
183	277	ge	2 7^_ 7^_
184	74	wezen	7^' 4
186	790	worden	7 9 0
