M31-008-0003.jpg	0	14	0.00
M31-008-0004.jpg	233	10	21.18
M31-008-0005.jpg	402	3	100.50
M31-008-0006.jpg	356	5	59.33
M31-008-0007.jpg	656	3	164.00
M31-008-0008.jpg	913	4	182.60
M31-008-0009.jpg	354	4	70.80
M31-008-0010.jpg	587	2	195.67
M31-008-0011.jpg	21	3	5.25
M31-008-0012.jpg	539	3	134.75
M31-008-0013.jpg	338	6	48.29
M31-008-0014.jpg	687	1	343.50
M31-008-0015.jpg	411	4	82.20
M31-008-0016.jpg	79	16	4.65
M31-008-0017.jpg	877	14	58.47
M31-008-0018.jpg	1265	13	90.36
M31-008-0019.jpg	507	8	56.33
M31-008-0020.jpg	737	1	368.50
M31-008-0021.jpg	907	8	100.78
M31-008-0022.jpg	800	9	80.00
M31-008-0023.jpg	580	10	52.73
M31-008-0024.jpg	824	47	17.17
M31-008-0025.jpg	635	51	12.21
M31-008-0026.jpg	563	4	112.60
M31-008-0027.jpg	850	1	425.00
M31-008-0028.jpg	715	2	238.33
M31-008-0029.jpg	1052	10	95.64
M31-008-0030.jpg	1727	10	157.00
M31-008-0031.jpg	1728	53	32.00
M31-008-0032.jpg	1823	13	130.21
M31-008-0033.jpg	2144	33	63.06
M31-008-0034.jpg	1841	14	122.73
M31-008-0035.jpg	1031	33	30.32
M31-008-0036.jpg	896	12	68.92
M31-008-0037.jpg	713	12	54.85
M31-008-0038.jpg	1301	10	118.27
M31-008-0039.jpg	474	5	79.00
M31-008-0040.jpg	197	6	28.14
M31-008-0041.jpg	685	10	62.27
M31-008-0042.jpg	966	8	107.33
M31-008-0043.jpg	574	5	95.67
M31-008-0044.jpg	620	6	88.57
M31-008-0045.jpg	1486	8	165.11
M31-008-0046.jpg	1991	8	221.22
M31-008-0047.jpg	1399	35	38.86
M31-008-0048.jpg	470	132	3.53
M31-008-0049.jpg	413	49	8.26
M31-008-0050.jpg	451	13	32.21
M31-008-0051.jpg	692	27	24.71
M31-008-0052.jpg	572	4	114.40
M31-008-0053.jpg	261	3	65.25
M31-008-0054.jpg	386	8	42.89
M31-008-0055.jpg	164	5	27.33
M31-008-0056.jpg	612	4	122.40
M31-008-0057.jpg	430	2	143.33
M31-008-0058.jpg	609	5	101.50
M31-008-0059.jpg	315	5	52.50
M31-008-0060.jpg	653	8	72.56
M31-008-0061.jpg	1120	2	373.33
M31-008-0062.jpg	330	10	30.00
M31-008-0063.jpg	636	2	212.00
M31-008-0064.jpg	606	11	50.50
M31-008-0065.jpg	422	23	17.58
M31-008-0066.jpg	390	109	3.55
M31-008-0067.jpg	746	80	9.21
M31-008-0068.jpg	725	23	30.21
M31-008-0069.jpg	1257	7	157.12
M31-008-0070.jpg	362	5	60.33
M31-008-0071.jpg	875	1	437.50
M31-008-0072.jpg	915	2	305.00
M31-008-0073.jpg	386	4	77.20
M31-008-0074.jpg	368	3	92.00
M31-008-0075.jpg	726	2	242.00
M31-008-0076.jpg	603	4	120.60
M31-008-0077.jpg	422	4	84.40
M31-008-0078.jpg	664	5	110.67
M31-008-0079.jpg	1355	14	90.33
M31-008-0080.jpg	300	2	100.00
M31-008-0081.jpg	997	6	142.43
M31-008-0082.jpg	863	4	172.60
M31-008-0083.jpg	1637	5	272.83
M31-008-0084.jpg	1943	2	647.67
M31-008-0085.jpg	365	2	121.67
M31-008-0086.jpg	406	5	67.67
M31-008-0087.jpg	475	1	237.50
M31-008-0088.jpg	520	2	173.33
M31-008-0089.jpg	828	2	276.00
M31-008-0090.jpg	839	6	119.86
M31-008-0091.jpg	310	2	103.33
M31-008-0092.jpg	436	2	145.33
M31-008-0093.jpg	1099	9	109.90
M31-008-0094.jpg	546	4	109.20
M31-008-0095.jpg	781	4	156.20
M31-008-0096.jpg	1027	3	256.75
M31-008-0097.jpg	1223	3	305.75
M31-008-0098.jpg	617	1	308.50
M31-008-0099.jpg	483	1	241.50
M31-008-0100.jpg	1167	3	291.75
M31-008-0101.jpg	1736	5	289.33
M31-008-0102.jpg	702	58	11.90
M31-008-0103.jpg	600	88	6.74
M31-008-0104.jpg	800	14	53.33
M31-008-0105.jpg	103	2	34.33
M31-008-0106.jpg	898	5	149.67
M31-008-0107.jpg	1434	4	286.80
M31-008-0108.jpg	1424	4	284.80
M31-008-0109.jpg	872	4	174.40
M31-008-0110.jpg	668	9	66.80
M31-008-0111.jpg	816	7	102.00
M31-008-0112.jpg	693	8	77.00
M31-008-0113.jpg	1135	8	126.11
M31-008-0114.jpg	1549	8	172.11
M31-008-0115.jpg	526	5	87.67
M31-008-0116.jpg	369	1	184.50
M31-008-0117.jpg	811	2	270.33
M31-008-0118.jpg	327	2	109.00
M31-008-0119.jpg	502	11	41.83
M31-008-0120.jpg	398	24	15.92
M31-008-0121.jpg	430	41	10.24
M31-008-0122.jpg	786	12	60.46
M31-008-0123.jpg	162	1	81.00
M31-008-0124.jpg	380	5	63.33
M31-008-0125.jpg	906	5	151.00
M31-008-0126.jpg	1600	5	266.67
M31-008-0127.jpg	1261	22	54.83
M31-008-0128.jpg	853	3	213.25
M31-008-0129.jpg	1241	3	310.25
M31-008-0130.jpg	503	6	71.86
M31-008-0131.jpg	350	1	175.00
M31-008-0132.jpg	517	19	25.85
M31-008-0133.jpg	300	23	12.50
M31-008-0134.jpg	501	16	29.47
M31-008-0135.jpg	412	5	68.67
M31-008-0136.jpg	537	6	76.71
M31-008-0137.jpg	2788	35	77.44
M31-008-0138.jpg	1169	48	23.86
M31-008-0139.jpg	861	4	172.20
M31-008-0140.jpg	1666	18	87.68
M31-008-0141.jpg	1652	13	118.00
M31-008-0142.jpg	1420	7	177.50
M31-008-0143.jpg	631	11	52.58
M31-008-0144.jpg	266	6	38.00
M31-008-0145.jpg	237	7	29.62
M31-008-0146.jpg	659	2	219.67
M31-008-0147.jpg	717	4	143.40
M31-008-0148.jpg	543	6	77.57
M31-008-0149.jpg	296	6	42.29
M31-008-0150.jpg	371	5	61.83
M31-008-0151.jpg	618	9	61.80
M31-008-0152.jpg	1153	8	128.11
M31-008-0153.jpg	960	12	73.85
M31-008-0154.jpg	1148	8	127.56
M31-008-0155.jpg	1062	11	88.50
M31-008-0156.jpg	984	39	24.60
M31-008-0157.jpg	1095	17	60.83
M31-008-0158.jpg	827	7	103.38
M31-008-0159.jpg	455	10	41.36
M31-008-0160.jpg	585	4	117.00
M31-008-0161.jpg	623	9	62.30
M31-008-0162.jpg	1250	4	250.00
M31-008-0163.jpg	1060	3	265.00
M31-008-0164.jpg	116	9	11.60
M31-008-0165.jpg	542	30	17.48
M31-008-0166.jpg	987	44	21.93
M31-008-0167.jpg	362	202	1.78
M31-008-0168.jpg	611	5	101.83
M31-008-0169.jpg	697	9	69.70
M31-008-0170.jpg	605	33	17.79
M31-008-0171.jpg	1275	47	26.56
M31-008-0172.jpg	925	58	15.68
M31-008-0173.jpg	633	78	8.01
M31-008-0174.jpg	986	113	8.65
M31-008-0175.jpg	717	123	5.78
M31-008-0176.jpg	456	32	13.82
M31-008-0177.jpg	586	45	12.74
M31-008-0178.jpg	1155	29	38.50
M31-008-0179.jpg	267	33	7.85
M31-008-0180.jpg	496	63	7.75
M31-008-0181.jpg	337	46	7.17
M31-008-0182.jpg	292	39	7.30
M31-008-0183.jpg	740	20	35.24
M31-008-0184.jpg	1448	20	68.95
M31-008-0185.jpg	1077	36	29.11
M31-008-0186.jpg	667	52	12.58
M31-008-0187.jpg	626	52	11.81
M31-008-0188.jpg	986	79	12.32
M31-008-0189.jpg	656	109	5.96
M31-008-0190.jpg	522	23	21.75
M31-008-0191.jpg	1002	41	23.86
M31-008-0192.jpg	898	34	25.66
M31-008-0193.jpg	878	59	14.63
M31-008-0194.jpg	807	48	16.47
M31-008-0195.jpg	583	10	53.00
M31-008-0196.jpg	618	7	77.25
M31-008-0197.jpg	686	4	137.20
M31-008-0198.jpg	621	6	88.71
M31-008-0199.jpg	520	9	52.00
M31-008-0200.jpg	956	13	68.29
M31-008-0201.jpg	671	24	26.84
M31-008-0202.jpg	935	21	42.50
M31-008-0203.jpg	742	17	41.22
M31-008-0204.jpg	629	2	209.67
M31-008-0205.jpg	934	28	32.21
M31-008-0206.jpg	620	42	14.42
M31-008-0207.jpg	313	8	34.78
M31-008-0208.jpg	642	6	91.71
M31-008-0209.jpg	468	8	52.00
M31-008-0210.jpg	423	7	52.88
M31-008-0211.jpg	461	6	65.86
M31-008-0212.jpg	462	6	66.00
M31-008-0213.jpg	554	5	92.33
M31-008-0214.jpg	808	6	115.43
M31-008-0215.jpg	883	4	176.60
M31-008-0216.jpg	1467	20	69.86
M31-008-0217.jpg	1135	29	37.83
M31-008-0218.jpg	1240	38	31.79
M31-008-0219.jpg	1395	21	63.41
M31-008-0220.jpg	1460	28	50.34
M31-008-0221.jpg	1406	23	58.58
M31-008-0222.jpg	1569	17	87.17
M31-008-0223.jpg	1434	14	95.60
M31-008-0224.jpg	666	8	74.00
M31-008-0225.jpg	1618	9	161.80
M31-008-0226.jpg	1231	12	94.69
M31-008-0227.jpg	1454	24	58.16
M31-008-0228.jpg	1108	21	50.36
M31-008-0229.jpg	981	71	13.62
M31-008-0230.jpg	384	59	6.40
M31-008-0231.jpg	510	30	16.45
M31-008-0232.jpg	7	4	1.40
M31-008-0233.jpg	213	146	1.45
M31-008-0234.jpg	230	52	4.34
M31-008-0235.jpg	527	21	23.95
M31-008-0236.jpg	51	4	10.20
M31-008-0237.jpg	303	189	1.59
M31-008-0238.jpg	448	55	8.00
M31-008-0239.jpg	543	41	12.93
M31-008-0240.jpg	477	37	12.55
M31-008-0241.jpg	144	9	14.40
M31-008-0242.jpg	534	139	3.81
M31-008-0243.jpg	624	16	36.71
M31-008-0244.jpg	369	61	5.95
M31-008-0245.jpg	702	77	9.00
M31-008-0246.jpg	814	71	11.31
M31-008-0247.jpg	400	25	15.38
M31-008-0248.jpg	393	25	15.12
M31-008-0249.jpg	519	115	4.47
M31-008-0250.jpg	497	58	8.42
M31-008-0251.jpg	550	144	3.79
M31-008-0252.jpg	231	207	1.11
M31-008-0253.jpg	395	175	2.24
M31-008-0254.jpg	1025	42	23.84
M31-008-0255.jpg	1326	31	41.44
M31-008-0256.jpg	1455	52	27.45
M31-008-0257.jpg	835	125	6.63
M31-008-0258.jpg	902	117	7.64
M31-008-0259.jpg	447	127	3.49
M31-008-0260.jpg	399	140	2.83
M31-008-0261.jpg	350	38	8.97
M31-008-0262.jpg	56	3	14.00
M31-008-0263.jpg	727	69	10.39
M31-008-0264.jpg	576	11	48.00
M31-008-0265.jpg	133	5	22.17
M31-008-0266.jpg	1258	36	34.00
M31-008-0267.jpg	1978	40	48.24
M31-008-0268.jpg	875	19	43.75
M31-008-0269.jpg	1908	38	48.92
M31-008-0270.jpg	1802	39	45.05
M31-008-0271.jpg	1864	62	29.59
M31-008-0272.jpg	588	197	2.97
M31-008-0273.jpg	616	140	4.37
M31-008-0274.jpg	395	89	4.39
M31-008-0275.jpg	739	18	38.89
M31-008-0276.jpg	947	16	55.71
M31-008-0277.jpg	461	42	10.72
M31-008-0278.jpg	570	58	9.66
M31-008-0279.jpg	402	105	3.79
M31-008-0280.jpg	422	107	3.91
M31-008-0281.jpg	444	15	27.75
M31-008-0282.jpg	24	9	2.40
M31-008-0283.jpg	322	122	2.62
M31-008-0284.jpg	392	26	14.52
M31-008-0285.jpg	89	36	2.41
M31-008-0286.jpg	742	68	10.75
M31-008-0287.jpg	1398	65	21.18
M31-008-0288.jpg	578	119	4.82
M31-008-0289.jpg	624	163	3.80
M31-008-0290.jpg	572	27	20.43
M31-008-0291.jpg	421	99	4.21
M31-008-0292.jpg	389	76	5.05
M31-008-0293.jpg	293	36	7.92
M31-008-0294.jpg	477	47	9.94
M31-008-0295.jpg	612	32	18.55
M31-008-0296.jpg	508	90	5.58
M31-008-0297.jpg	1124	42	26.14
M31-008-0298.jpg	1576	2	525.33
M31-008-0299.jpg	1037	7	129.62
M31-008-0300.jpg	435	21	19.77
M31-008-0301.jpg	523	5	87.17
M31-008-0302.jpg	285	3	71.25
M31-008-0303.jpg	684	54	12.44
M31-008-0304.jpg	416	3	104.00
M31-008-0305.jpg	529	5	88.17
M31-008-0306.jpg	457	2	152.33
M31-008-0307.jpg	739	4	147.80
M31-008-0308.jpg	618	15	38.62
M31-008-0309.jpg	715	13	51.07
M31-008-0310.jpg	94	10	8.55
M31-008-0311.jpg	106	8	11.78
M31-008-0312.jpg	1036	17	57.56
M31-008-0313.jpg	627	4	125.40
M31-008-0314.jpg	436	1	218.00
M31-008-0315.jpg	1173	2	391.00
M31-008-0316.jpg	670	4	134.00
M31-008-0317.jpg	455	1	227.50
M31-008-0318.jpg	138	1	69.00
M31-008-0319.jpg	141	127	1.10
M31-008-0320.jpg	6	3	1.50
