# frame	pencil	paper	rank
M34-013-0002.jpg	0.60552	0.343	1
M34-013-0181.jpg	0.41383	0.425	2
M34-013-0269.jpg	0.39937	0.328	3
M34-013-0030.jpg	0.39563	0.151	4
M34-013-0119.jpg	0.33831	0.395	5
M34-013-0187.jpg	0.31493	0.409	6
M34-013-0209.jpg	0.31370	0.445	7
M34-013-0061.jpg	0.31190	0.425	8
M34-013-0102.jpg	0.30387	0.417	9
M34-013-0262.jpg	0.29836	0.465	10
M34-013-0062.jpg	0.26116	0.453	11
M34-013-0056.jpg	0.26047	0.548	12
M34-013-0305.jpg	0.25045	0.484	13
M34-013-0282.jpg	0.23970	0.398	14
M34-013-0149.jpg	0.22604	0.607	15
M34-013-0029.jpg	0.22480	0.526	16
M34-013-0186.jpg	0.22199	0.457	17
M34-013-0032.jpg	0.21532	0.288	18
M34-013-0267.jpg	0.20379	0.615	19
M34-013-0033.jpg	0.20020	0.306	20
M34-013-0034.jpg	0.19698	0.477	21
M34-013-0213.jpg	0.18851	0.577	22
M34-013-0031.jpg	0.17374	0.333	23
M34-013-0259.jpg	0.15672	0.599	24
M34-013-0284.jpg	0.10322	0.605	25
M34-013-0171.jpg	0.10033	0.753	26
M34-013-0212.jpg	0.08855	0.670	27
M34-013-0138.jpg	0.08066	0.692	28
M34-013-0304.jpg	0.07232	0.585	29
M34-013-0266.jpg	0.06711	0.711	30
M34-013-0179.jpg	0.06348	0.624	31
M34-013-0118.jpg	0.06098	0.674	32
M34-013-0174.jpg	0.06088	0.784	33
M34-013-0245.jpg	0.06087	0.702	34
M34-013-0139.jpg	0.05958	0.792	35
M34-013-0160.jpg	0.05926	0.772	36
M34-013-0303.jpg	0.05874	0.563	37
M34-013-0175.jpg	0.05740	0.758	38
M34-013-0279.jpg	0.05586	0.670	39
M34-013-0180.jpg	0.05463	0.727	40
M34-013-0222.jpg	0.05322	0.801	41
M34-013-0097.jpg	0.05251	0.665	42
M34-013-0254.jpg	0.04952	0.744	43
M34-013-0075.jpg	0.04918	0.744	44
M34-013-0163.jpg	0.04400	0.659	45
M34-013-0127.jpg	0.04369	0.779	46
M34-013-0165.jpg	0.04335	0.670	47
M34-013-0249.jpg	0.04307	0.722	48
M34-013-0252.jpg	0.04242	0.666	49
M34-013-0251.jpg	0.04199	0.671	50
M34-013-0018.jpg	0.04049	0.760	51
M34-013-0126.jpg	0.03876	0.737	52
M34-013-0382.jpg	0.03724	0.798	53
M34-013-0275.jpg	0.03622	0.724	54
M34-013-0192.jpg	0.03564	0.721	55
M34-013-0194.jpg	0.03549	0.587	56
M34-013-0246.jpg	0.03387	0.732	57
M34-013-0058.jpg	0.03366	0.741	58
M34-013-0104.jpg	0.03360	0.769	59
M34-013-0250.jpg	0.03357	0.742	60
M34-013-0150.jpg	0.03298	0.789	61
M34-013-0253.jpg	0.03298	0.699	62
M34-013-0120.jpg	0.03273	0.798	63
M34-013-0378.jpg	0.03267	0.743	64
M34-013-0280.jpg	0.03214	0.771	65
M34-013-0272.jpg	0.03213	0.729	66
M34-013-0169.jpg	0.03212	0.713	67
M34-013-0191.jpg	0.03172	0.819	68
M34-013-0302.jpg	0.03096	0.677	69
M34-013-0087.jpg	0.03089	0.672	70
M34-013-0228.jpg	0.03084	0.641	71
M34-013-0200.jpg	0.02996	0.614	72
M34-013-0248.jpg	0.02991	0.735	73
M34-013-0381.jpg	0.02964	0.851	74
M34-013-0377.jpg	0.02928	0.795	75
M34-013-0122.jpg	0.02918	0.785	76
M34-013-0178.jpg	0.02900	0.823	77
M34-013-0167.jpg	0.02893	0.761	78
M34-013-0230.jpg	0.02893	0.810	79
M34-013-0276.jpg	0.02859	0.715	80
M34-013-0237.jpg	0.02841	0.803	81
M34-013-0247.jpg	0.02838	0.739	82
M34-013-0168.jpg	0.02785	0.665	83
M34-013-0201.jpg	0.02780	0.603	84
M34-013-0330.jpg	0.02729	0.746	85
M34-013-0374.jpg	0.02717	0.788	86
M34-013-0383.jpg	0.02716	0.795	87
M34-013-0043.jpg	0.02709	0.774	88
M34-013-0147.jpg	0.02648	0.810	89
M34-013-0375.jpg	0.02605	0.822	90
M34-013-0121.jpg	0.02601	0.794	91
M34-013-0273.jpg	0.02562	0.775	92
M34-013-0071.jpg	0.02525	0.786	93
M34-013-0380.jpg	0.02516	0.819	94
M34-013-0332.jpg	0.02507	0.774	95
M34-013-0182.jpg	0.02494	0.813	96
M34-013-0007.jpg	0.02480	0.800	97
M34-013-0342.jpg	0.02476	0.785	98
M34-013-0190.jpg	0.02465	0.840	99
M34-013-0229.jpg	0.02435	0.690	100
M34-013-0379.jpg	0.02429	0.814	101
M34-013-0323.jpg	0.02403	0.804	102
M34-013-0136.jpg	0.02367	0.805	103
M34-013-0005.jpg	0.02347	0.749	104
M34-013-0274.jpg	0.02344	0.733	105
M34-013-0195.jpg	0.02326	0.617	106
M34-013-0189.jpg	0.02324	0.845	107
M34-013-0170.jpg	0.02318	0.783	108
M34-013-0210.jpg	0.02310	0.833	109
M34-013-0193.jpg	0.02285	0.586	110
M34-013-0025.jpg	0.02272	0.820	111
M34-013-0145.jpg	0.02263	0.789	112
M34-013-0090.jpg	0.02262	0.602	113
M34-013-0021.jpg	0.02252	0.736	114
M34-013-0057.jpg	0.02238	0.729	115
M34-013-0172.jpg	0.02236	0.860	116
M34-013-0271.jpg	0.02225	0.780	117
M34-013-0063.jpg	0.02225	0.725	118
M34-013-0343.jpg	0.02215	0.814	119
M34-013-0141.jpg	0.02207	0.766	120
M34-013-0146.jpg	0.02198	0.796	121
M34-013-0319.jpg	0.02185	0.821	122
M34-013-0224.jpg	0.02182	0.811	123
M34-013-0315.jpg	0.02168	0.746	124
M34-013-0177.jpg	0.02149	0.597	125
M34-013-0115.jpg	0.02144	0.797	126
M34-013-0006.jpg	0.02132	0.807	127
M34-013-0211.jpg	0.02103	0.828	128
M34-013-0373.jpg	0.02061	0.777	129
M34-013-0227.jpg	0.02028	0.731	130
M34-013-0173.jpg	0.02014	0.813	131
M34-013-0060.jpg	0.02009	0.792	132
M34-013-0372.jpg	0.01999	0.769	133
M34-013-0388.jpg	0.01978	0.780	134
M34-013-0221.jpg	0.01958	0.849	135
M34-013-0214.jpg	0.01950	0.816	136
M34-013-0151.jpg	0.01938	0.816	137
M34-013-0046.jpg	0.01937	0.701	138
M34-013-0277.jpg	0.01935	0.671	139
M34-013-0028.jpg	0.01933	0.808	140
M34-013-0320.jpg	0.01927	0.824	141
M34-013-0024.jpg	0.01906	0.764	142
M34-013-0176.jpg	0.01904	0.739	143
M34-013-0220.jpg	0.01900	0.808	144
M34-013-0202.jpg	0.01899	0.645	145
M34-013-0078.jpg	0.01866	0.774	146
M34-013-0045.jpg	0.01857	0.737	147
M34-013-0148.jpg	0.01853	0.827	148
M34-013-0345.jpg	0.01828	0.820	149
M34-013-0129.jpg	0.01820	0.810	150
M34-013-0344.jpg	0.01808	0.831	151
M34-013-0340.jpg	0.01786	0.780	152
M34-013-0019.jpg	0.01773	0.783	153
M34-013-0353.jpg	0.01759	0.789	154
M34-013-0080.jpg	0.01728	0.751	155
M34-013-0322.jpg	0.01715	0.825	156
M34-013-0331.jpg	0.01706	0.832	157
M34-013-0341.jpg	0.01698	0.786	158
M34-013-0295.jpg	0.01698	0.843	159
M34-013-0114.jpg	0.01692	0.829	160
M34-013-0095.jpg	0.01689	0.587	161
M34-013-0240.jpg	0.01656	0.729	162
M34-013-0081.jpg	0.01652	0.733	163
M34-013-0338.jpg	0.01651	0.759	164
M34-013-0232.jpg	0.01646	0.819	165
M34-013-0215.jpg	0.01644	0.810	166
M34-013-0137.jpg	0.01632	0.760	167
M34-013-0017.jpg	0.01610	0.562	168
M34-013-0217.jpg	0.01607	0.818	169
M34-013-0044.jpg	0.01606	0.714	170
M34-013-0356.jpg	0.01602	0.789	171
M34-013-0318.jpg	0.01555	0.829	172
M34-013-0357.jpg	0.01555	0.815	173
M34-013-0023.jpg	0.01548	0.805	174
M34-013-0255.jpg	0.01545	0.683	175
M34-013-0324.jpg	0.01536	0.811	176
M34-013-0337.jpg	0.01528	0.764	177
M34-013-0238.jpg	0.01522	0.801	178
M34-013-0108.jpg	0.01515	0.827	179
M34-013-0103.jpg	0.01505	0.775	180
M34-013-0112.jpg	0.01505	0.839	181
M34-013-0166.jpg	0.01497	0.721	182
M34-013-0059.jpg	0.01482	0.810	183
M34-013-0346.jpg	0.01479	0.793	184
M34-013-0359.jpg	0.01479	0.785	185
M34-013-0234.jpg	0.01470	0.828	186
M34-013-0334.jpg	0.01465	0.846	187
M34-013-0140.jpg	0.01456	0.816	188
M34-013-0110.jpg	0.01453	0.743	189
M34-013-0188.jpg	0.01453	0.835	190
M34-013-0263.jpg	0.01444	0.816	191
M34-013-0009.jpg	0.01437	0.613	192
M34-013-0293.jpg	0.01431	0.790	193
M34-013-0296.jpg	0.01427	0.813	194
M34-013-0292.jpg	0.01427	0.811	195
M34-013-0278.jpg	0.01425	0.767	196
M34-013-0391.jpg	0.01421	0.791	197
M34-013-0309.jpg	0.01400	0.822	198
M34-013-0064.jpg	0.01399	0.727	199
M34-013-0091.jpg	0.01377	0.620	200
M34-013-0049.jpg	0.01375	0.742	201
M34-013-0310.jpg	0.01374	0.786	202
M34-013-0354.jpg	0.01372	0.795	203
M34-013-0233.jpg	0.01365	0.808	204
M34-013-0153.jpg	0.01346	0.779	205
M34-013-0106.jpg	0.01345	0.828	206
M34-013-0355.jpg	0.01342	0.786	207
M34-013-0077.jpg	0.01338	0.813	208
M34-013-0312.jpg	0.01327	0.823	209
M34-013-0016.jpg	0.01325	0.557	210
M34-013-0011.jpg	0.01323	0.605	211
M34-013-0159.jpg	0.01320	0.824	212
M34-013-0096.jpg	0.01311	0.632	213
M34-013-0361.jpg	0.01308	0.788	214
M34-013-0158.jpg	0.01308	0.767	215
M34-013-0369.jpg	0.01300	0.758	216
M34-013-0144.jpg	0.01297	0.809	217
M34-013-0352.jpg	0.01296	0.799	218
M34-013-0347.jpg	0.01294	0.804	219
M34-013-0294.jpg	0.01293	0.800	220
M34-013-0216.jpg	0.01267	0.837	221
M34-013-0107.jpg	0.01265	0.829	222
M34-013-0208.jpg	0.01260	0.744	223
M34-013-0339.jpg	0.01252	0.752	224
M34-013-0360.jpg	0.01251	0.788	225
M34-013-0371.jpg	0.01250	0.769	226
M34-013-0020.jpg	0.01247	0.753	227
M34-013-0065.jpg	0.01245	0.746	228
M34-013-0047.jpg	0.01244	0.727	229
M34-013-0070.jpg	0.01240	0.759	230
M34-013-0321.jpg	0.01230	0.791	231
M34-013-0079.jpg	0.01228	0.807	232
M34-013-0157.jpg	0.01222	0.769	233
M34-013-0074.jpg	0.01221	0.764	234
M34-013-0223.jpg	0.01211	0.821	235
M34-013-0012.jpg	0.01209	0.752	236
M34-013-0314.jpg	0.01203	0.785	237
M34-013-0089.jpg	0.01198	0.631	238
M34-013-0143.jpg	0.01191	0.779	239
M34-013-0093.jpg	0.01189	0.633	240
M34-013-0048.jpg	0.01181	0.726	241
M34-013-0155.jpg	0.01181	0.779	242
M34-013-0231.jpg	0.01169	0.774	243
M34-013-0082.jpg	0.01165	0.766	244
M34-013-0073.jpg	0.01160	0.780	245
M34-013-0291.jpg	0.01153	0.781	246
M34-013-0358.jpg	0.01152	0.834	247
M34-013-0072.jpg	0.01152	0.771	248
M34-013-0307.jpg	0.01150	0.834	249
M34-013-0385.jpg	0.01148	0.827	250
M34-013-0109.jpg	0.01147	0.796	251
M34-013-0086.jpg	0.01138	0.738	252
M34-013-0069.jpg	0.01119	0.772	253
M34-013-0050.jpg	0.01116	0.742	254
M34-013-0085.jpg	0.01115	0.733	255
M34-013-0117.jpg	0.01113	0.700	256
M34-013-0083.jpg	0.01112	0.795	257
M34-013-0105.jpg	0.01111	0.809	258
M34-013-0308.jpg	0.01111	0.843	259
M34-013-0099.jpg	0.01110	0.804	260
M34-013-0116.jpg	0.01109	0.801	261
M34-013-0329.jpg	0.01099	0.735	262
M34-013-0362.jpg	0.01091	0.802	263
M34-013-0042.jpg	0.01087	0.761	264
M34-013-0076.jpg	0.01084	0.810	265
M34-013-0390.jpg	0.01083	0.820	266
M34-013-0325.jpg	0.01064	0.834	267
M34-013-0316.jpg	0.01063	0.778	268
M34-013-0015.jpg	0.01062	0.783	269
M34-013-0389.jpg	0.01057	0.817	270
M34-013-0333.jpg	0.01047	0.775	271
M34-013-0084.jpg	0.01045	0.742	272
M34-013-0370.jpg	0.01041	0.777	273
M34-013-0026.jpg	0.01038	0.801	274
M34-013-0113.jpg	0.01035	0.827	275
M34-013-0363.jpg	0.01032	0.845	276
M34-013-0161.jpg	0.01032	0.832	277
M34-013-0384.jpg	0.01020	0.837	278
M34-013-0101.jpg	0.01018	0.710	279
M34-013-0152.jpg	0.01012	0.822	280
M34-013-0156.jpg	0.00997	0.780	281
M34-013-0281.jpg	0.00997	0.755	282
M34-013-0287.jpg	0.00992	0.797	283
M34-013-0040.jpg	0.00974	0.752	284
M34-013-0298.jpg	0.00967	0.780	285
M34-013-0198.jpg	0.00963	0.781	286
M34-013-0036.jpg	0.00953	0.775	287
M34-013-0289.jpg	0.00945	0.795	288
M34-013-0094.jpg	0.00936	0.624	289
M34-013-0003.jpg	0.00933	0.849	290
M34-013-0392.jpg	0.00918	0.845	291
M34-013-0199.jpg	0.00908	0.767	292
M34-013-0283.jpg	0.00898	0.613	293
M34-013-0290.jpg	0.00897	0.809	294
M34-013-0142.jpg	0.00891	0.789	295
M34-013-0111.jpg	0.00888	0.802	296
M34-013-0288.jpg	0.00884	0.809	297
M34-013-0297.jpg	0.00883	0.787	298
M34-013-0196.jpg	0.00873	0.781	299
M34-013-0219.jpg	0.00867	0.821	300
M34-013-0008.jpg	0.00867	0.655	301
M34-013-0386.jpg	0.00865	0.835	302
M34-013-0035.jpg	0.00860	0.735	303
M34-013-0300.jpg	0.00835	0.788	304
M34-013-0068.jpg	0.00825	0.755	305
M34-013-0197.jpg	0.00812	0.765	306
M34-013-0027.jpg	0.00811	0.759	307
M34-013-0123.jpg	0.00807	0.776	308
M34-013-0013.jpg	0.00805	0.727	309
M34-013-0164.jpg	0.00802	0.555	310
M34-013-0367.jpg	0.00801	0.627	311
M34-013-0067.jpg	0.00800	0.792	312
M34-013-0265.jpg	0.00799	0.808	313
M34-013-0348.jpg	0.00777	0.843	314
M34-013-0313.jpg	0.00765	0.809	315
M34-013-0162.jpg	0.00764	0.875	316
M34-013-0039.jpg	0.00759	0.822	317
M34-013-0268.jpg	0.00749	0.753	318
M34-013-0306.jpg	0.00748	0.801	319
M34-013-0264.jpg	0.00741	0.720	320
M34-013-0285.jpg	0.00732	0.841	321
M34-013-0022.jpg	0.00727	0.795	322
M34-013-0010.jpg	0.00727	0.635	323
M34-013-0299.jpg	0.00724	0.764	324
M34-013-0154.jpg	0.00722	0.784	325
M34-013-0327.jpg	0.00713	0.794	326
M34-013-0004.jpg	0.00713	0.813	327
M34-013-0218.jpg	0.00709	0.850	328
M34-013-0225.jpg	0.00692	0.822	329
M34-013-0260.jpg	0.00679	0.748	330
M34-013-0236.jpg	0.00654	0.841	331
M34-013-0066.jpg	0.00648	0.763	332
M34-013-0261.jpg	0.00647	0.750	333
M34-013-0387.jpg	0.00636	0.808	334
M34-013-0051.jpg	0.00635	0.739	335
M34-013-0052.jpg	0.00629	0.846	336
M34-013-0376.jpg	0.00627	0.819	337
M34-013-0286.jpg	0.00614	0.829	338
M34-013-0098.jpg	0.00607	0.815	339
M34-013-0258.jpg	0.00604	0.688	340
M34-013-0130.jpg	0.00596	0.791	341
M34-013-0349.jpg	0.00564	0.843	342
M34-013-0350.jpg	0.00564	0.838	343
M34-013-0235.jpg	0.00557	0.826	344
M34-013-0301.jpg	0.00546	0.841	345
M34-013-0311.jpg	0.00545	0.816	346
M34-013-0053.jpg	0.00529	0.754	347
M34-013-0368.jpg	0.00525	0.656	348
M34-013-0205.jpg	0.00524	0.662	349
M34-013-0092.jpg	0.00513	0.654	350
M34-013-0037.jpg	0.00512	0.742	351
M34-013-0038.jpg	0.00501	0.767	352
M34-013-0351.jpg	0.00494	0.817	353
M34-013-0270.jpg	0.00489	0.820	354
M34-013-0207.jpg	0.00489	0.674	355
M34-013-0184.jpg	0.00484	0.824	356
M34-013-0131.jpg	0.00468	0.815	357
M34-013-0133.jpg	0.00458	0.793	358
M34-013-0365.jpg	0.00455	0.632	359
M34-013-0204.jpg	0.00452	0.659	360
M34-013-0244.jpg	0.00449	0.836	361
M34-013-0243.jpg	0.00446	0.821	362
M34-013-0135.jpg	0.00430	0.785	363
M34-013-0242.jpg	0.00425	0.827	364
M34-013-0239.jpg	0.00379	0.855	365
M34-013-0041.jpg	0.00373	0.819	366
M34-013-0366.jpg	0.00372	0.644	367
M34-013-0336.jpg	0.00372	0.826	368
M34-013-0335.jpg	0.00370	0.839	369
M34-013-0241.jpg	0.00366	0.700	370
M34-013-0257.jpg	0.00356	0.722	371
M34-013-0328.jpg	0.00345	0.777	372
M34-013-0134.jpg	0.00344	0.824	373
M34-013-0256.jpg	0.00330	0.705	374
M34-013-0183.jpg	0.00281	0.821	375
M34-013-0206.jpg	0.00257	0.685	376
M34-013-0125.jpg	0.00238	0.737	377
M34-013-0128.jpg	0.00235	0.849	378
M34-013-0132.jpg	0.00226	0.799	379
M34-013-0226.jpg	0.00222	0.849	380
M34-013-0203.jpg	0.00219	0.655	381
M34-013-0055.jpg	0.00209	0.845	382
M34-013-0326.jpg	0.00206	0.832	383
M34-013-0317.jpg	0.00203	0.791	384
M34-013-0124.jpg	0.00167	0.762	385
M34-013-0014.jpg	0.00166	0.608	386
M34-013-0054.jpg	0.00163	0.830	387
M34-013-0088.jpg	0.00149	0.597	388
M34-013-0185.jpg	0.00139	0.806	389
M34-013-0100.jpg	0.00127	0.762	390
M34-013-0364.jpg	0.00102	0.765	391
M34-013-0393.jpg	0.00096	0.290	392
