NL-HaNA_1.02.20_988_0001.jpg	https://service.archief.nl/api/file/v1/default/df95edf7-7544-4a99-bbc2-a9a7cd8690de
NL-HaNA_1.02.20_988_0002.jpg	https://service.archief.nl/api/file/v1/default/d4b9bea2-135e-44c8-ac01-ac9baadf7bc6
NL-HaNA_1.02.20_988_0003.jpg	https://service.archief.nl/api/file/v1/default/2f2cceee-2680-469f-a3a7-cd02b60ef8f7
NL-HaNA_1.02.20_988_0004.jpg	https://service.archief.nl/api/file/v1/default/c2f1dd25-3512-4938-ab8a-706135d710f7
NL-HaNA_1.02.20_988_0005.jpg	https://service.archief.nl/api/file/v1/default/acd32719-a503-4301-87dd-3ca322bc386e
NL-HaNA_1.02.20_988_0006.jpg	https://service.archief.nl/api/file/v1/default/edcedb36-f97a-4940-baae-3260ec2cff55
NL-HaNA_1.02.20_988_0007.jpg	https://service.archief.nl/api/file/v1/default/7952db93-ca12-474e-8a13-490b4a258d7b
NL-HaNA_1.02.20_988_0008.jpg	https://service.archief.nl/api/file/v1/default/fb4ffae7-089c-4250-8be8-133fe02cf55f
NL-HaNA_1.02.20_988_0009.jpg	https://service.archief.nl/api/file/v1/default/23b83ccd-405c-4ac6-9b6d-8ea50d34bbeb
NL-HaNA_1.02.20_988_0010.jpg	https://service.archief.nl/api/file/v1/default/b8f7e2f0-85ac-4804-a615-58131f5e743a
NL-HaNA_1.02.20_988_0011.jpg	https://service.archief.nl/api/file/v1/default/37b13889-7ea0-48df-bc00-fd7336cf679e
NL-HaNA_1.02.20_988_0012.jpg	https://service.archief.nl/api/file/v1/default/0c22dffe-d66a-4faa-8f60-db5b0bd4f3b0
NL-HaNA_1.02.20_988_0013.jpg	https://service.archief.nl/api/file/v1/default/869d2fed-71c7-42b0-812a-910232ed1e71
NL-HaNA_1.02.20_988_0014.jpg	https://service.archief.nl/api/file/v1/default/337e7e0e-e8a4-4e7c-a246-fc8d9a0b4e71
NL-HaNA_1.02.20_988_0015.jpg	https://service.archief.nl/api/file/v1/default/89ab964b-5f4a-41c4-9814-ed6467570e53
NL-HaNA_1.02.20_988_0016.jpg	https://service.archief.nl/api/file/v1/default/372629c5-034c-48fc-817c-0fe2954ba88e
NL-HaNA_1.02.20_988_0017.jpg	https://service.archief.nl/api/file/v1/default/9e6aa66d-af19-4353-8227-9ec59e1ed022
NL-HaNA_1.02.20_988_0018.jpg	https://service.archief.nl/api/file/v1/default/e823b592-3b56-455c-a366-85d1441a0777
NL-HaNA_1.02.20_988_0019.jpg	https://service.archief.nl/api/file/v1/default/a87e9953-0ac7-4652-ba94-1ecc47407370
NL-HaNA_1.02.20_988_0020.jpg	https://service.archief.nl/api/file/v1/default/520fda78-4ef4-426b-abf0-754b2b327288
NL-HaNA_1.02.20_988_0021.jpg	https://service.archief.nl/api/file/v1/default/15c32191-47c7-4fef-b699-5d58d620cb1a
NL-HaNA_1.02.20_988_0022.jpg	https://service.archief.nl/api/file/v1/default/13f6766e-10f2-47a3-844b-8023ffeb1fc7
NL-HaNA_1.02.20_988_0023.jpg	https://service.archief.nl/api/file/v1/default/a8ace2bf-5ebd-46f3-9285-fd26c63e7819
NL-HaNA_1.02.20_988_0024.jpg	https://service.archief.nl/api/file/v1/default/5a39facc-fb2f-4b8c-b6cd-ccc8033f7778
NL-HaNA_1.02.20_988_0025.jpg	https://service.archief.nl/api/file/v1/default/779e4d4f-3b59-49c4-b6c7-563d49078ff6
NL-HaNA_1.02.20_988_0026.jpg	https://service.archief.nl/api/file/v1/default/f765423b-3a37-4735-962b-43704a3b6a4e
NL-HaNA_1.02.20_988_0027.jpg	https://service.archief.nl/api/file/v1/default/8c7cd514-7bf7-4919-8ee5-0a3afab56728
NL-HaNA_1.02.20_988_0028.jpg	https://service.archief.nl/api/file/v1/default/ee852c19-7b34-4452-90d6-619b2b3df81c
NL-HaNA_1.02.20_988_0029.jpg	https://service.archief.nl/api/file/v1/default/5c144348-76f0-460e-a6b0-c5cabf880613
NL-HaNA_1.02.20_988_0030.jpg	https://service.archief.nl/api/file/v1/default/98adbd3c-af79-4a10-a3c7-6ec50f1bfca6
NL-HaNA_1.02.20_988_0031.jpg	https://service.archief.nl/api/file/v1/default/4b98da6d-ac15-47c2-81ae-dddd997f1f50
NL-HaNA_1.02.20_988_0032.jpg	https://service.archief.nl/api/file/v1/default/d181c316-0a8a-41fa-9046-0ba636eb676c
NL-HaNA_1.02.20_988_0033.jpg	https://service.archief.nl/api/file/v1/default/92fff304-9e6e-4037-bd0b-b949ba2bbb16
NL-HaNA_1.02.20_988_0034.jpg	https://service.archief.nl/api/file/v1/default/495e2fe6-52e9-4be5-927e-9e5861991e35
NL-HaNA_1.02.20_988_0035.jpg	https://service.archief.nl/api/file/v1/default/37c57e61-dc1f-4a32-ac90-b4603765d228
NL-HaNA_1.02.20_988_0036.jpg	https://service.archief.nl/api/file/v1/default/11308578-9c88-400e-8d75-329689248421
NL-HaNA_1.02.20_988_0037.jpg	https://service.archief.nl/api/file/v1/default/88e1b118-12a3-4085-a71d-0c8aab91e043
NL-HaNA_1.02.20_988_0038.jpg	https://service.archief.nl/api/file/v1/default/011259cd-0b3b-4f01-aaf9-03d738f665c0
NL-HaNA_1.02.20_988_0039.jpg	https://service.archief.nl/api/file/v1/default/bf233543-0e9a-4744-84a6-08dc2a29e860
NL-HaNA_1.02.20_988_0040.jpg	https://service.archief.nl/api/file/v1/default/a92f9aae-d73b-4ec0-8ca3-0a0c19929237
NL-HaNA_1.02.20_988_0041.jpg	https://service.archief.nl/api/file/v1/default/2a48af3e-1e6a-4bfa-a7a6-47456989201e
NL-HaNA_1.02.20_988_0042.jpg	https://service.archief.nl/api/file/v1/default/7f9b74bf-dbc6-420b-bc75-601a1df6429a
NL-HaNA_1.02.20_988_0043.jpg	https://service.archief.nl/api/file/v1/default/1f32d352-915c-4a12-b6a4-65d68be30846
NL-HaNA_1.02.20_988_0044.jpg	https://service.archief.nl/api/file/v1/default/27356c54-691b-4b3e-b019-44045b2b393c
NL-HaNA_1.02.20_988_0045.jpg	https://service.archief.nl/api/file/v1/default/cf29f0cf-c663-439b-aa50-49590db9423a
NL-HaNA_1.02.20_988_0046.jpg	https://service.archief.nl/api/file/v1/default/8062b113-db5a-4361-ba4a-822264f5cb4c
NL-HaNA_1.02.20_988_0047.jpg	https://service.archief.nl/api/file/v1/default/b9ad1e26-500a-4f0f-a89d-ef39b5cb5a07
NL-HaNA_1.02.20_988_0048.jpg	https://service.archief.nl/api/file/v1/default/e30b1d22-4483-4fc2-85e0-120071eba421
NL-HaNA_1.02.20_988_0049.jpg	https://service.archief.nl/api/file/v1/default/6a1c0d4a-134e-4e36-8a39-acd1ef3c92bf
NL-HaNA_1.02.20_988_0050.jpg	https://service.archief.nl/api/file/v1/default/0cd9a9ba-f08b-4559-af0c-11ed136b227b
NL-HaNA_1.02.20_988_0051.jpg	https://service.archief.nl/api/file/v1/default/a2ee9a9d-86aa-4c3a-99ce-f2457b0a2d49
NL-HaNA_1.02.20_988_0052.jpg	https://service.archief.nl/api/file/v1/default/20bdb544-c2dd-4e9d-8eb2-b2f2ac8e210b
NL-HaNA_1.02.20_988_0053.jpg	https://service.archief.nl/api/file/v1/default/0dde7380-edf5-45bb-9827-df97c7bf8b78
NL-HaNA_1.02.20_988_0054.jpg	https://service.archief.nl/api/file/v1/default/4c27aa7b-136d-4219-aa5b-bb7007e53f06
NL-HaNA_1.02.20_988_0055.jpg	https://service.archief.nl/api/file/v1/default/8b720856-d99d-4058-bb37-0fdff686809c
NL-HaNA_1.02.20_988_0056.jpg	https://service.archief.nl/api/file/v1/default/e61fda7f-5198-4509-a799-723083354886
NL-HaNA_1.02.20_988_0057.jpg	https://service.archief.nl/api/file/v1/default/1796073d-a41d-4d50-9a2e-3a533ca8cf17
NL-HaNA_1.02.20_988_0058.jpg	https://service.archief.nl/api/file/v1/default/81482848-77de-4a6e-80d8-45fa96129eab
NL-HaNA_1.02.20_988_0059.jpg	https://service.archief.nl/api/file/v1/default/f6149122-f32f-4b95-bde9-a85b3986ea52
NL-HaNA_1.02.20_988_0060.jpg	https://service.archief.nl/api/file/v1/default/37d72d06-1b40-463f-a5e7-0db2d37caef2
NL-HaNA_1.02.20_988_0061.jpg	https://service.archief.nl/api/file/v1/default/116d3c80-284d-4ed0-97b8-f1e8c46d7dc0
NL-HaNA_1.02.20_988_0062.jpg	https://service.archief.nl/api/file/v1/default/d285b396-16b5-4b14-87e2-95b395fa53a8
NL-HaNA_1.02.20_988_0063.jpg	https://service.archief.nl/api/file/v1/default/4d7d4892-1db1-4ebe-bb6e-20035f3fa706
NL-HaNA_1.02.20_988_0064.jpg	https://service.archief.nl/api/file/v1/default/266ce07a-60da-44d2-8c10-7a7828a27060
NL-HaNA_1.02.20_988_0065.jpg	https://service.archief.nl/api/file/v1/default/e3897352-b7e6-4b15-a7a0-2a25f7547618
NL-HaNA_1.02.20_988_0066.jpg	https://service.archief.nl/api/file/v1/default/0daf9d39-482d-447e-b4a6-969adde3fc55
NL-HaNA_1.02.20_988_0067.jpg	https://service.archief.nl/api/file/v1/default/10dcac1c-c232-4086-a76d-948d7d9154b7
NL-HaNA_1.02.20_988_0068.jpg	https://service.archief.nl/api/file/v1/default/5697b25d-d93e-4840-952f-21430477fc12
NL-HaNA_1.02.20_988_0069.jpg	https://service.archief.nl/api/file/v1/default/1ca14948-5a0b-4fb7-a490-d8339c81cb60
NL-HaNA_1.02.20_988_0070.jpg	https://service.archief.nl/api/file/v1/default/19b6885f-3b10-4cca-90b0-612cb608c676
NL-HaNA_1.02.20_988_0071.jpg	https://service.archief.nl/api/file/v1/default/24c7f84a-7c92-4796-9cc3-a60de0f2a794
NL-HaNA_1.02.20_988_0072.jpg	https://service.archief.nl/api/file/v1/default/516fb9c2-e47a-400e-8de9-8218b77f63db
NL-HaNA_1.02.20_988_0073.jpg	https://service.archief.nl/api/file/v1/default/ff86560b-ac4d-49a6-ba46-a8ef4beda265
NL-HaNA_1.02.20_988_0074.jpg	https://service.archief.nl/api/file/v1/default/e5806608-04ae-4b6e-8578-56b565cc62c4
NL-HaNA_1.02.20_988_0075.jpg	https://service.archief.nl/api/file/v1/default/9fdfb8bd-cefc-43e4-8c59-4adc3f259d3e
NL-HaNA_1.02.20_988_0076.jpg	https://service.archief.nl/api/file/v1/default/0c3e6775-7d3c-46f7-9bc1-3ed7f5410140
NL-HaNA_1.02.20_988_0077.jpg	https://service.archief.nl/api/file/v1/default/6c12282d-38e5-407b-9e18-e592c831d7fa
NL-HaNA_1.02.20_988_0078.jpg	https://service.archief.nl/api/file/v1/default/c7e64c0b-4d36-4ed3-a2cd-e82f51e553d8
NL-HaNA_1.02.20_988_0079.jpg	https://service.archief.nl/api/file/v1/default/7ae1acae-2d74-461a-8e53-347ec240bf5f
NL-HaNA_1.02.20_988_0080.jpg	https://service.archief.nl/api/file/v1/default/8e337c45-8a71-459b-b7e3-fde709a87b95
NL-HaNA_1.02.20_988_0081.jpg	https://service.archief.nl/api/file/v1/default/56ebedea-4bf2-4323-888d-a3e757e4ce47
NL-HaNA_1.02.20_988_0082.jpg	https://service.archief.nl/api/file/v1/default/38ce9c6f-c891-46e9-b462-7a153ce3e442
NL-HaNA_1.02.20_988_0083.jpg	https://service.archief.nl/api/file/v1/default/8fa246dd-ce70-46a2-8476-ef52dba0cfc1
NL-HaNA_1.02.20_988_0084.jpg	https://service.archief.nl/api/file/v1/default/35b56d7a-fa00-45c4-bab8-dee94a588328
NL-HaNA_1.02.20_988_0085.jpg	https://service.archief.nl/api/file/v1/default/122053cf-027f-44c9-b3a6-1b859ae4c77a
NL-HaNA_1.02.20_988_0086.jpg	https://service.archief.nl/api/file/v1/default/6096c8cd-482a-4ed8-8ea7-6dbe5adf34f9
NL-HaNA_1.02.20_988_0087.jpg	https://service.archief.nl/api/file/v1/default/954db28a-0f8d-46c0-953c-e63022a1a502
NL-HaNA_1.02.20_988_0088.jpg	https://service.archief.nl/api/file/v1/default/d7d2c0c6-1883-4199-a276-a08d181eb1f3
NL-HaNA_1.02.20_988_0089.jpg	https://service.archief.nl/api/file/v1/default/fe9a6fe9-07ff-4c88-8b7b-6ca16d199620
NL-HaNA_1.02.20_988_0090.jpg	https://service.archief.nl/api/file/v1/default/ee1bc2ab-4ab9-4ee7-969f-424f314d477b
NL-HaNA_1.02.20_988_0091.jpg	https://service.archief.nl/api/file/v1/default/7e475bfd-05b0-4682-aa53-ccf35d30e431
NL-HaNA_1.02.20_988_0092.jpg	https://service.archief.nl/api/file/v1/default/2ddc0447-bdd5-4f44-b466-93b60926918e
NL-HaNA_1.02.20_988_0093.jpg	https://service.archief.nl/api/file/v1/default/fbeac183-e6b8-4686-8c79-101ca3180a3f
NL-HaNA_1.02.20_988_0094.jpg	https://service.archief.nl/api/file/v1/default/0b6dc4f9-6c58-4a17-a675-4e25f4a994ec
NL-HaNA_1.02.20_988_0095.jpg	https://service.archief.nl/api/file/v1/default/756f401f-47df-4a82-b637-b23aff174ac7
NL-HaNA_1.02.20_988_0096.jpg	https://service.archief.nl/api/file/v1/default/ffbf5753-557b-4be4-8d40-01df021da2f9
NL-HaNA_1.02.20_988_0097.jpg	https://service.archief.nl/api/file/v1/default/12a38176-6294-45b7-9a30-80f9d1649648
NL-HaNA_1.02.20_988_0098.jpg	https://service.archief.nl/api/file/v1/default/5057e271-6171-4871-9c7a-5cb2cf454ecd
NL-HaNA_1.02.20_988_0099.jpg	https://service.archief.nl/api/file/v1/default/5820754f-a18b-4ff1-9ae6-73300f80061d
NL-HaNA_1.02.20_988_0100.jpg	https://service.archief.nl/api/file/v1/default/5db1fa9a-937a-40bb-b66b-187dc0e33c8a
NL-HaNA_1.02.20_988_0101.jpg	https://service.archief.nl/api/file/v1/default/56bf2cac-41b7-40a0-8691-4a42a17bb160
NL-HaNA_1.02.20_988_0102.jpg	https://service.archief.nl/api/file/v1/default/a50d90e5-c4b0-439c-9cd3-236185998a25
NL-HaNA_1.02.20_988_0103.jpg	https://service.archief.nl/api/file/v1/default/e0730f99-4522-492e-934f-f5c10cc830de
NL-HaNA_1.02.20_988_0104.jpg	https://service.archief.nl/api/file/v1/default/471f2b8e-e513-477b-a263-07d34d674503
NL-HaNA_1.02.20_988_0105.jpg	https://service.archief.nl/api/file/v1/default/dd43e405-f9d6-4846-b0f7-af41e08f8434
NL-HaNA_1.02.20_988_0106.jpg	https://service.archief.nl/api/file/v1/default/b1bb0e6f-a97f-4938-a5c9-405c9dce8c19
NL-HaNA_1.02.20_988_0107.jpg	https://service.archief.nl/api/file/v1/default/1dc4f7bb-dbc8-42e9-99c8-6cf5f9c89b78
NL-HaNA_1.02.20_988_0108.jpg	https://service.archief.nl/api/file/v1/default/4882ef74-2ab4-48f8-a080-e91d7cf7e4ff
NL-HaNA_1.02.20_988_0109.jpg	https://service.archief.nl/api/file/v1/default/1edce61d-9d12-4930-a767-00a0532de63e
NL-HaNA_1.02.20_988_0110.jpg	https://service.archief.nl/api/file/v1/default/16688325-9e73-4ab8-bd84-46c4bd6c9c62
NL-HaNA_1.02.20_988_0111.jpg	https://service.archief.nl/api/file/v1/default/30f64ee6-a05d-4615-b264-1a6320a8f935
NL-HaNA_1.02.20_988_0112.jpg	https://service.archief.nl/api/file/v1/default/b8bae1df-8026-4b2e-bc88-63dff55df2e3
NL-HaNA_1.02.20_988_0113.jpg	https://service.archief.nl/api/file/v1/default/f9a97ca0-ff4d-405c-8cdf-d1cb53ba493a
NL-HaNA_1.02.20_988_0114.jpg	https://service.archief.nl/api/file/v1/default/95ecd722-a39c-4e62-8b77-34969f4588ef
NL-HaNA_1.02.20_988_0115.jpg	https://service.archief.nl/api/file/v1/default/5c0f17e2-9876-407c-b6db-75b53a0375d0
NL-HaNA_1.02.20_988_0116.jpg	https://service.archief.nl/api/file/v1/default/a4b16295-2ac8-41d2-b0b3-5c4ee2fd9e60
NL-HaNA_1.02.20_988_0117.jpg	https://service.archief.nl/api/file/v1/default/3783b24d-5a52-4ab9-987b-e97b32e710d1
NL-HaNA_1.02.20_988_0118.jpg	https://service.archief.nl/api/file/v1/default/41727d21-e0f4-4124-a87d-4ab8bad4db51
NL-HaNA_1.02.20_988_0119.jpg	https://service.archief.nl/api/file/v1/default/91d41d04-b18a-47ca-b4f1-db6b7b70d1bb
NL-HaNA_1.02.20_988_0120.jpg	https://service.archief.nl/api/file/v1/default/59aa81c6-703f-4091-bd86-fa317b0ee8b7
NL-HaNA_1.02.20_988_0121.jpg	https://service.archief.nl/api/file/v1/default/7d146a12-96bd-4445-96dd-94959283ed9f
NL-HaNA_1.02.20_988_0122.jpg	https://service.archief.nl/api/file/v1/default/91e66962-a8f8-476c-8db7-20c4b4220c01
NL-HaNA_1.02.20_988_0123.jpg	https://service.archief.nl/api/file/v1/default/9a0040d7-0fd4-4657-b7af-45f2ef9703dd